ED_CODE,ED_NAME,CRAITOR,MAVES,MULLEN,PICH�,PLACE_NAME,POLL_NUMBER,RURAL_INDICATOR,REJECTED,UNMARKED,DECLINED,VOTER_TURNOUT,ELECTORS,POLL_LOCATION,POLL_DATE
054,NIAGARA FALLS,58,38,14,11,"Niagara-On-The-Lake",001, ,0,0,0,121,207,"St. Andrews Presbyterian Church",20071010
054,NIAGARA FALLS,53,39,25,17,"Niagara-On-The-Lake",002, ,4,0,0,138,266,"Niagara District Secondary School",20071010
054,NIAGARA FALLS,73,74,12,9,"Niagara-On-The-Lake",003, ,1,0,0,169,290,"St. Andrews Presbyterian Church",20071010
054,NIAGARA FALLS,67,32,15,3,"Niagara-On-The-Lake",004, ,0,0,0,117,218,"St. Andrews Presbyterian Church",20071010
054,NIAGARA FALLS,33,22,14,2,"Niagara-On-The-Lake",005, ,0,0,0,71,171,"Niagara-on-the-Lake Community Centre",20071010
054,NIAGARA FALLS,9,8,1,2,"Niagara-On-The-Lake",006s, ,0,0,0,20,119,"Chateau Gardens Niagara",20071010
054,NIAGARA FALLS,97,82,17,10,"Niagara-On-The-Lake",007, ,0,2,0,208,402,"Niagara District Secondary School",20071010
054,NIAGARA FALLS,56,74,23,7,"Niagara-On-The-Lake",008, ,0,0,0,160,284,"Niagara District Secondary School",20071010
054,NIAGARA FALLS,70,52,21,9,"Niagara-On-The-Lake",009, ,0,0,0,152,243,"Niagara District Secondary School",20071010
054,NIAGARA FALLS,59,52,13,5,"Niagara-On-The-Lake",010, ,0,0,0,129,219,"Niagara District Secondary School",20071010
054,NIAGARA FALLS,80,42,22,12,"Niagara-On-The-Lake",011, ,0,0,0,156,263,"Parliament Oak School",20071010
054,NIAGARA FALLS,65,57,21,4,"Niagara-On-The-Lake",012, ,2,0,0,149,238,"Parliament Oak School",20071010
054,NIAGARA FALLS,7,7,2,1,"Niagara-On-The-Lake",013s, ,0,0,0,17,73,"Upper Canada Lodge",20071010
054,NIAGARA FALLS,3,1,0,0,"Niagara-On-The-Lake",014s, ,0,0,0,4,17,"Niagara Health System-Niagara-on-the-Lake Site",20071010
054,NIAGARA FALLS,48,26,11,2,"Niagara-On-The-Lake",015, ,0,0,0,87,169,"Niagara-on-the-Lake Community Centre",20071010
054,NIAGARA FALLS,68,99,23,18,"Niagara-On-The-Lake",016, ,0,7,0,215,384,"Colonel John Butler School",20071010
054,NIAGARA FALLS,66,72,15,7,"Niagara-On-The-Lake",017, ,0,1,0,161,270,"Niagara District Secondary School",20071010
054,NIAGARA FALLS,70,47,17,15,"Niagara-On-The-Lake",018, ,6,1,0,156,297,"Parliament Oak School",20071010
054,NIAGARA FALLS,76,75,19,9,"Niagara-On-The-Lake",019, ,3,0,0,182,309,"Parliament Oak School",20071010
054,NIAGARA FALLS,43,40,11,7,"Niagara-On-The-Lake",020, ,3,0,0,104,195,"Parliament Oak School",20071010
054,NIAGARA FALLS,57,66,12,21,"Niagara-On-The-Lake",021, ,1,0,0,157,298,"Colonel John Butler School",20071010
054,NIAGARA FALLS,69,93,19,10,"Niagara-On-The-Lake",022, ,2,0,0,193,360,"Colonel John Butler School",20071010
054,NIAGARA FALLS,54,70,5,9,"Virgil",023s, ,2,0,0,140,199,"Pleasant Manor Care Suites",20071010
054,NIAGARA FALLS,63,69,23,6,"Virgil",024, ,0,0,0,161,274,"Virgil Public School",20071010
054,NIAGARA FALLS,71,77,8,12,"Virgil",025, ,0,0,0,168,302,"Virgil Public School",20071010
054,NIAGARA FALLS,58,67,13,3,"Virgil",026, ,0,2,0,143,252,"Virgil Public School",20071010
054,NIAGARA FALLS,79,76,21,4,"Virgil",027, ,1,0,0,181,293,"Virgil Public School",20071010
054,NIAGARA FALLS,11,8,4,1,"Virgil",028s, ,0,1,0,25,48,"Heritage Place",20071010
054,NIAGARA FALLS,..........................NO POLL HELD........................,,,,"Virgil",029, ,0,0,0,0,0,"",20071010
054,NIAGARA FALLS,96,97,28,13,"Virgil",030, ,0,0,0,234,441,"Virgil Public School",20071010
054,NIAGARA FALLS,67,110,25,12,"Virgil",031, ,0,0,0,214,357,"Virgil Public School",20071010
054,NIAGARA FALLS,73,99,21,13,"Niagara-On-The-Lake",032, ,2,0,0,208,380,"St. Michael Elementary School",20071010
054,NIAGARA FALLS,61,89,8,9,"Niagara-On-The-Lake",033, ,0,3,0,170,344,"St. Michael Elementary School",20071010
054,NIAGARA FALLS,82,99,21,11,"Queenston",034, ,3,0,0,216,379,"Laura Secord Elementary School",20071010
054,NIAGARA FALLS,75,90,16,23,"Niagara-On-The-Lake",035, ,1,0,0,205,365,"St. George's Church Homer",20071010
054,NIAGARA FALLS,49,74,11,2,"Niagara-On-The-Lake",036, ,2,0,0,138,264,"St. David's Elementary School",20071010
054,NIAGARA FALLS,80,83,18,9,"Queenston",037, ,4,0,0,194,337,"Laura Secord Elementary School",20071010
054,NIAGARA FALLS,67,57,16,10,"Niagara-On-The-Lake",038, ,0,0,0,150,289,"St. David's Elementary School",20071010
054,NIAGARA FALLS,46,70,22,11,"Niagara-On-The-Lake",039, ,1,2,0,152,275,"St. David's Elementary School",20071010
054,NIAGARA FALLS,71,85,22,9,"Niagara-On-The-Lake",040, ,0,0,0,187,302,"St. David's Elementary School",20071010
054,NIAGARA FALLS,90,60,31,12,"Queenston",041, ,4,2,0,199,320,"Laura Secord Elementary School",20071010
054,NIAGARA FALLS,88,55,6,10,"Niagara Falls",042, ,0,0,0,159,388,"Club Italia",20071010
054,NIAGARA FALLS,0,5,1,2,"Niagara-On-The-Lake",043, ,0,0,0,8,32,"Niagara College Glendale Campus",20071010
054,NIAGARA FALLS,92,53,21,14,"Niagara-On-The-Lake",044, ,0,0,0,180,284,"St. David's Elementary School",20071010
054,NIAGARA FALLS,58,31,11,17,"Niagara Falls",045, ,1,0,0,118,277,"Mountain Park Church",20071010
054,NIAGARA FALLS,94,81,17,6,"Niagara Falls",046, ,0,0,0,198,383,"Mountain Park Church",20071010
054,NIAGARA FALLS,53,59,9,5,"Niagara Falls",047, ,0,0,0,126,297,"Victoria Public School",20071010
054,NIAGARA FALLS,..........................NO POLL HELD........................,,,,"Queenston",048, ,0,0,0,0,0,"",20071010
054,NIAGARA FALLS,71,33,14,18,"Niagara Falls",049, ,1,1,1,139,267,"Club Italia",20071010
054,NIAGARA FALLS,115,64,41,21,"Niagara Falls",050, ,1,0,0,242,455,"Mary Ward School",20071010
054,NIAGARA FALLS,116,72,29,11,"Niagara Falls",051, ,0,0,0,228,428,"Mountain Park Church",20071010
054,NIAGARA FALLS,86,53,35,21,"Niagara Falls",052, ,0,0,0,195,393,"Mary Ward School",20071010
054,NIAGARA FALLS,94,37,19,10,"Niagara Falls",053, ,0,1,0,161,331,"Mary Ward School",20071010
054,NIAGARA FALLS,144,84,25,7,"Niagara Falls",054, ,1,0,0,261,471,"Mary Ward School",20071010
054,NIAGARA FALLS,117,64,20,19,"Niagara Falls",055, ,0,0,0,220,402,"Martha Cullimore School",20071010
054,NIAGARA FALLS,172,70,22,14,"Niagara Falls",056, ,1,0,0,279,485,"Martha Cullimore School",20071010
054,NIAGARA FALLS,106,79,21,14,"Niagara Falls",057, ,1,0,0,221,366,"A.N. Myer Secondary School",20071010
054,NIAGARA FALLS,145,73,16,4,"Niagara Falls",058, ,1,1,0,240,447,"Martha Cullimore School",20071010
054,NIAGARA FALLS,103,63,10,9,"Niagara Falls",059, ,1,1,0,187,376,"Victoria Public School",20071010
054,NIAGARA FALLS,72,41,17,19,"Niagara Falls",060, ,1,0,0,150,309,"St. John's Evangelist Anglican Church",20071010
054,NIAGARA FALLS,129,66,22,14,"Niagara Falls",061, ,0,0,0,231,413,"Victoria Public School",20071010
054,NIAGARA FALLS,80,52,21,22,"Niagara Falls",062, ,1,0,2,178,346,"Victoria Public School",20071010
054,NIAGARA FALLS,105,41,21,16,"Niagara Falls",063, ,0,0,0,183,355,"Victoria Public School",20071010
054,NIAGARA FALLS,42,34,17,24,"Niagara Falls",064, ,0,0,0,117,288,"Victoria Public School",20071010
054,NIAGARA FALLS,117,70,14,10,"Niagara Falls",065, ,0,1,0,212,353,"St. Vincent de Paul Catholic Elementary School",20071010
054,NIAGARA FALLS,105,68,11,10,"Niagara Falls",066, ,2,0,0,196,400,"Club Italia",20071010
054,NIAGARA FALLS,99,74,14,14,"Niagara Falls",067, ,0,0,0,201,393,"Fairhaven Apartments",20071010
054,NIAGARA FALLS,78,45,14,9,"Niagara Falls",068, ,0,0,0,146,338,"Fairhaven Apartments",20071010
054,NIAGARA FALLS,74,44,10,8,"Niagara Falls",069, ,1,0,0,137,289,"Fairhaven Apartments",20071010
054,NIAGARA FALLS,113,56,18,16,"Niagara Falls",070, ,0,0,0,203,348,"Mary Ward School",20071010
054,NIAGARA FALLS,126,44,21,12,"Niagara Falls",071, ,0,0,0,203,369,"Orchard Park School",20071010
054,NIAGARA FALLS,117,73,26,9,"Niagara Falls",072, ,0,1,0,226,419,"Orchard Park School",20071010
054,NIAGARA FALLS,96,58,24,12,"Niagara Falls",073, ,1,0,0,191,325,"Orchard Park School",20071010
054,NIAGARA FALLS,76,55,22,26,"Niagara Falls",074, ,0,0,0,179,331,"Saint Paul Catholic High School",20071010
054,NIAGARA FALLS,117,49,24,13,"Niagara Falls",075, ,0,0,0,203,364,"A.N. Myer Secondary School",20071010
054,NIAGARA FALLS,93,48,19,7,"Niagara Falls",076, ,0,0,1,168,284,"Saint Paul Catholic High School",20071010
054,NIAGARA FALLS,68,38,15,12,"Niagara Falls",077, ,0,0,0,133,306,"Notre Dame Catholic School",20071010
054,NIAGARA FALLS,97,47,37,12,"Niagara Falls",078, ,2,0,0,195,377,"A.N. Myer Secondary School",20071010
054,NIAGARA FALLS,43,22,12,8,"Niagara Falls",079, ,1,0,0,86,238,"Notre Dame Catholic School",20071010
054,NIAGARA FALLS,69,29,16,15,"Niagara Falls",080, ,2,1,0,132,303,"Notre Dame Catholic School",20071010
054,NIAGARA FALLS,140,93,25,22,"Niagara Falls",081, ,2,0,0,282,505,"Stamford Estates Retirement Residents",20071010
054,NIAGARA FALLS,63,32,11,16,"Niagara Falls",082, ,0,0,0,122,264,"St. John's Evangelist Anglican Church",20071010
054,NIAGARA FALLS,54,52,20,17,"Niagara Falls",083, ,0,0,0,143,275,"St. John's Evangelist Anglican Church",20071010
054,NIAGARA FALLS,49,9,18,14,"Niagara Falls",084, ,2,0,0,92,269,"St. Patrick's Church Hall",20071010
054,NIAGARA FALLS,32,14,13,25,"Niagara Falls",085, ,0,1,0,85,248,"St. Patrick's Church Hall",20071010
054,NIAGARA FALLS,93,60,24,32,"Niagara Falls",086, ,1,0,0,210,413,"St. Vincent de Paul Catholic Elementary School",20071010
054,NIAGARA FALLS,105,52,23,14,"Niagara Falls",087, ,0,1,0,195,377,"St. Vincent de Paul Catholic Elementary School",20071010
054,NIAGARA FALLS,90,61,19,17,"Niagara Falls",088, ,0,0,0,187,365,"St. Vincent de Paul Catholic Elementary School",20071010
054,NIAGARA FALLS,120,31,17,9,"Niagara Falls",089, ,0,1,0,178,351,"Shriners Creek Co-operative Homes",20071010
054,NIAGARA FALLS,101,58,21,21,"Niagara Falls",090, ,1,0,1,203,440,"Shriners Creek Co-operative Homes",20071010
054,NIAGARA FALLS,73,44,10,9,"Niagara Falls",091, ,0,0,0,136,375,"Greendale Elementary School",20071010
054,NIAGARA FALLS,86,41,14,13,"Niagara Falls",092, ,3,0,0,157,317,"Free Methodist Church",20071010
054,NIAGARA FALLS,97,37,21,10,"Niagara Falls",093, ,0,1,0,166,333,"Orchard Park School",20071010
054,NIAGARA FALLS,126,67,21,11,"Niagara Falls",094, ,1,0,0,226,370,"Free Methodist Church",20071010
054,NIAGARA FALLS,143,47,23,12,"Niagara Falls",095, ,0,0,0,225,374,"Cherrywood Acres School",20071010
054,NIAGARA FALLS,93,50,24,16,"Niagara Falls",096, ,3,0,0,186,357,"First Baptist Church",20071010
054,NIAGARA FALLS,120,45,21,11,"Niagara Falls",097, ,3,0,0,200,331,"Cherrywood Acres School",20071010
054,NIAGARA FALLS,100,42,23,19,"Niagara Falls",098, ,0,1,0,185,345,"First Baptist Church",20071010
054,NIAGARA FALLS,113,69,24,21,"Niagara Falls",099, ,4,1,0,232,383,"Cherrywood Acres School",20071010
054,NIAGARA FALLS,63,34,24,8,"Niagara Falls",100, ,1,0,0,130,309,"St. Andrew's United Church",20071010
054,NIAGARA FALLS,38,12,5,5,"Niagara Falls",101, ,1,0,0,61,190,"St. Andrew's United Church",20071010
054,NIAGARA FALLS,43,15,16,25,"Niagara Falls",102, ,1,0,0,100,258,"Valley Way Public School",20071010
054,NIAGARA FALLS,62,26,19,17,"Niagara Falls",103, ,1,0,0,125,305,"Valley Way Public School",20071010
054,NIAGARA FALLS,63,27,18,16,"Niagara Falls",104, ,0,1,0,125,300,"St. Patrick's Church Hall",20071010
054,NIAGARA FALLS,38,30,14,16,"Niagara Falls",105, ,0,0,0,98,244,"St. Patrick's Church Hall",20071010
054,NIAGARA FALLS,41,28,14,18,"Niagara Falls",106, ,0,0,0,101,268,"St. Patrick's Church Hall",20071010
054,NIAGARA FALLS,30,17,8,4,"Niagara Falls",107, ,0,0,0,59,211,"Niagara Falls Public Library",20071010
054,NIAGARA FALLS,52,32,16,20,"Niagara Falls",108, ,0,0,0,120,334,"Niagara Falls Public Library",20071010
054,NIAGARA FALLS,46,19,10,11,"Niagara Falls",109, ,0,0,0,86,253,"St. Patrick's Church Hall",20071010
054,NIAGARA FALLS,24,8,10,10,"Niagara Falls",110, ,1,0,0,53,189,"Simcoe Street Elementary School",20071010
054,NIAGARA FALLS,..........................NO POLL HELD........................,,,,"Niagara Falls",111, ,0,0,0,0,0,"",20071010
054,NIAGARA FALLS,79,42,14,16,"Niagara Falls",112, ,3,0,0,154,402,"Cardinal Newman Catholic School",20071010
054,NIAGARA FALLS,78,36,13,8,"Niagara Falls",113, ,2,0,0,137,324,"Club Italia",20071010
054,NIAGARA FALLS,105,38,18,14,"Niagara Falls",114, ,0,2,0,177,431,"Club Italia",20071010
054,NIAGARA FALLS,68,25,14,12,"Niagara Falls",115, ,0,0,0,119,303,"Club Italia",20071010
054,NIAGARA FALLS,100,51,14,11,"Niagara Falls",116, ,0,0,0,176,394,"Greendale Elementary School",20071010
054,NIAGARA FALLS,102,81,24,10,"Niagara Falls",117, ,1,0,0,218,523,"Greendale Elementary School",20071010
054,NIAGARA FALLS,34,35,9,9,"Niagara Falls",118, ,0,0,0,87,327,"Greendale Elementary School",20071010
054,NIAGARA FALLS,97,43,10,14,"Niagara Falls",119, ,0,1,0,165,319,"Free Methodist Church",20071010
054,NIAGARA FALLS,87,42,16,11,"Niagara Falls",120, ,4,2,0,162,306,"Cherrywood Acres School",20071010
054,NIAGARA FALLS,76,25,15,12,"Niagara Falls",121, ,0,0,0,128,316,"Cherrywood Acres School",20071010
054,NIAGARA FALLS,78,42,22,8,"Niagara Falls",122, ,3,0,0,153,319,"Niagara Falls Lions Club",20071010
054,NIAGARA FALLS,85,39,24,16,"Niagara Falls",123, ,1,1,0,166,344,"Cherrywood Acres School",20071010
054,NIAGARA FALLS,23,14,3,6,"Niagara Falls",124s, ,0,0,0,46,50,"Queenston Place Retirement Residence",20071010
054,NIAGARA FALLS,10,4,0,2,"Niagara Falls",125s, ,0,2,0,18,64,"Valley Park Lodge",20071010
054,NIAGARA FALLS,70,21,12,7,"Niagara Falls",126, ,0,1,1,112,259,"Niagara Falls Lions Club",20071010
054,NIAGARA FALLS,95,55,22,12,"Niagara Falls",127, ,3,0,0,187,367,"St. Andrew's United Church",20071010
054,NIAGARA FALLS,81,39,20,26,"Niagara Falls",128, ,0,0,0,166,336,"St. Andrew's United Church",20071010
054,NIAGARA FALLS,85,19,18,12,"Niagara Falls",129, ,0,0,0,134,236,"St. Andrew's United Church",20071010
054,NIAGARA FALLS,78,34,16,16,"Niagara Falls",130, ,6,1,0,151,301,"St. Andrew's United Church",20071010
054,NIAGARA FALLS,67,33,35,20,"Niagara Falls",131, ,2,0,0,157,338,"Valley Way Public School",20071010
054,NIAGARA FALLS,26,5,2,8,"Niagara Falls",132, ,1,0,0,42,154,"Niagara Shrine Club",20071010
054,NIAGARA FALLS,51,24,12,17,"Niagara Falls",133, ,0,0,0,104,271,"Valley Way Public School",20071010
054,NIAGARA FALLS,60,54,20,11,"Niagara Falls",134, ,1,0,0,146,302,"Valley Way Public School",20071010
054,NIAGARA FALLS,1,12,1,0,"Niagara Falls",135s, ,1,1,0,16,99,"Eventide Home",20071010
054,NIAGARA FALLS,44,19,14,14,"Niagara Falls",136, ,0,0,0,91,243,"St. Paul's Evangelical Lutheran Church",20071010
054,NIAGARA FALLS,37,20,15,5,"Niagara Falls",137, ,0,0,1,78,261,"Valley Way Public School",20071010
054,NIAGARA FALLS,58,18,12,10,"Niagara Falls",138, ,1,1,0,100,272,"St. Paul's Evangelical Lutheran Church",20071010
054,NIAGARA FALLS,64,32,15,16,"Niagara Falls",139, ,1,0,0,128,299,"Valley Way Public School",20071010
054,NIAGARA FALLS,25,14,9,12,"Niagara Falls",140, ,1,0,0,61,220,"St. Paul's Evangelical Lutheran Church",20071010
054,NIAGARA FALLS,27,23,14,12,"Niagara Falls",141, ,0,0,0,76,219,"St. Paul's Evangelical Lutheran Church",20071010
054,NIAGARA FALLS,34,13,16,12,"Niagara Falls",142, ,0,0,0,75,216,"Niagara Falls Public Library",20071010
054,NIAGARA FALLS,30,24,10,10,"Niagara Falls",143, ,1,1,0,76,188,"Simcoe Street Elementary School",20071010
054,NIAGARA FALLS,41,16,11,9,"Niagara Falls",144, ,0,0,0,77,221,"Simcoe Street Elementary School",20071010
054,NIAGARA FALLS,41,21,14,14,"Niagara Falls",145, ,1,0,0,91,227,"Simcoe Street Elementary School",20071010
054,NIAGARA FALLS,41,19,14,8,"Niagara Falls",146, ,1,0,0,83,203,"Simcoe Street Elementary School",20071010
054,NIAGARA FALLS,15,21,11,16,"Niagara Falls",147, ,0,0,1,64,201,"Simcoe Street Elementary School",20071010
054,NIAGARA FALLS,8,11,1,4,"Niagara Falls",148s, ,0,0,0,24,58,"Greycliff Manor",20071010
054,NIAGARA FALLS,51,38,12,4,"Niagara Falls",149, ,0,0,0,105,256,"Cardinal Newman Catholic School",20071010
054,NIAGARA FALLS,86,42,18,11,"Niagara Falls",150, ,1,0,0,158,374,"Cardinal Newman Catholic School",20071010
054,NIAGARA FALLS,84,33,10,10,"Niagara Falls",151, ,1,0,0,138,314,"Cardinal Newman Catholic School",20071010
054,NIAGARA FALLS,86,35,21,18,"Niagara Falls",152, ,0,1,1,162,369,"Cardinal Newman Catholic School",20071010
054,NIAGARA FALLS,25,16,4,5,"Niagara Falls",153s, ,1,3,0,54,82,"Lundy Manor",20071010
054,NIAGARA FALLS,101,47,16,15,"Niagara Falls",154, ,0,1,0,180,351,"Westlane Secondary School",20071010
054,NIAGARA FALLS,2,3,0,0,"Niagara Falls",155s, ,1,7,6,19,23,"Nimigon Retirement Home",20071010
054,NIAGARA FALLS,83,51,17,15,"Niagara Falls",156, ,2,0,0,168,301,"Greendale Elementary School",20071010
054,NIAGARA FALLS,31,34,14,14,"Niagara Falls",157, ,1,0,0,94,263,"Salvation Army",20071010
054,NIAGARA FALLS,74,38,16,14,"Niagara Falls",158, ,0,0,0,142,279,"Salvation Army",20071010
054,NIAGARA FALLS,45,28,10,6,"Niagara Falls",159, ,0,0,0,89,220,"Princess Margaret School",20071010
054,NIAGARA FALLS,89,41,29,19,"Niagara Falls",160, ,0,0,0,178,335,"Salvation Army",20071010
054,NIAGARA FALLS,62,29,20,13,"Niagara Falls",161, ,1,0,0,125,296,"Stamford Collegiate",20071010
054,NIAGARA FALLS,61,38,15,17,"Niagara Falls",162, ,0,2,0,133,278,"Stamford Collegiate",20071010
054,NIAGARA FALLS,62,27,29,16,"Niagara Falls",163, ,0,0,0,134,311,"Stamford Collegiate",20071010
054,NIAGARA FALLS,64,34,11,17,"Niagara Falls",164, ,1,0,0,127,271,"Princess Margaret School",20071010
054,NIAGARA FALLS,32,18,12,12,"Niagara Falls",165, ,0,0,0,74,252,"Stamford Collegiate",20071010
054,NIAGARA FALLS,64,18,18,12,"Niagara Falls",166, ,1,0,0,113,279,"Stamford Collegiate",20071010
054,NIAGARA FALLS,39,13,15,9,"Niagara Falls",167, ,0,0,0,76,238,"Stamford Collegiate",20071010
054,NIAGARA FALLS,33,14,6,20,"Niagara Falls",168, ,0,0,0,73,243,"Princess Margaret School",20071010
054,NIAGARA FALLS,67,21,11,12,"Niagara Falls",169, ,0,1,0,112,276,"Niagara Shrine Club",20071010
054,NIAGARA FALLS,18,8,3,4,"Niagara Falls",170s, ,0,0,0,33,89,"Niagara Health System-Greater Niagara General Site",20071010
054,NIAGARA FALLS,48,19,7,9,"Niagara Falls",171, ,2,0,0,85,244,"Royal Canadian Legion Branch 479",20071010
054,NIAGARA FALLS,44,19,5,8,"Niagara Falls",172, ,1,1,0,78,239,"Main Street Baptist Church",20071010
054,NIAGARA FALLS,43,7,8,3,"Niagara Falls",173, ,1,0,0,62,243,"Royal Canadian Legion Branch 479",20071010
054,NIAGARA FALLS,22,34,8,4,"Niagara Falls",174, ,1,0,0,69,195,"St. Paul's Evangelical Lutheran Church",20071010
054,NIAGARA FALLS,32,36,11,10,"Niagara Falls",175, ,0,0,0,89,177,"Saint Michael Catholic High School",20071010
054,NIAGARA FALLS,11,8,0,0,"Niagara Falls",176s, ,0,0,1,20,113,"Meadows of Dorchester",20071010
054,NIAGARA FALLS,126,54,25,14,"Niagara Falls",177, ,2,1,0,222,457,"Westlane Secondary School",20071010
054,NIAGARA FALLS,67,20,15,14,"Niagara Falls",178, ,0,0,0,116,331,"Westlane Secondary School",20071010
054,NIAGARA FALLS,100,48,22,22,"Niagara Falls",179, ,0,0,0,192,399,"Westlane Secondary School",20071010
054,NIAGARA FALLS,65,37,12,19,"Niagara Falls",180, ,1,1,0,135,354,"Westlane Secondary School",20071010
054,NIAGARA FALLS,48,34,20,18,"Niagara Falls",181, ,1,0,1,122,300,"Westlane Secondary School",20071010
054,NIAGARA FALLS,62,36,24,18,"Niagara Falls",182, ,0,0,0,140,337,"Westlane Secondary School",20071010
054,NIAGARA FALLS,115,41,26,15,"Niagara Falls",183, ,0,0,0,197,405,"Westlane Secondary School",20071010
054,NIAGARA FALLS,41,22,11,11,"Niagara Falls",184, ,2,0,0,87,298,"Westlane Secondary School",20071010
054,NIAGARA FALLS,22,12,5,6,"Niagara Falls",185s, ,2,1,0,48,150,"Oakwood Park Lodge",20071010
054,NIAGARA FALLS,71,60,22,8,"Niagara Falls",186, ,1,1,0,163,300,"Princess Margaret School",20071010
054,NIAGARA FALLS,87,28,19,15,"Niagara Falls",187, ,2,0,1,152,337,"James Morden Elementary School",20071010
054,NIAGARA FALLS,96,53,14,15,"Niagara Falls",188, ,0,0,0,178,329,"Princess Margaret School",20071010
054,NIAGARA FALLS,96,66,21,19,"Niagara Falls",189, ,0,0,6,208,376,"James Morden Elementary School",20071010
054,NIAGARA FALLS,89,35,11,16,"Niagara Falls",190, ,2,0,0,153,326,"Our Lady of Mount Carmel Catholic School",20071010
054,NIAGARA FALLS,66,31,28,13,"Niagara Falls",191, ,1,0,0,139,283,"Our Lady of Mount Carmel Catholic School",20071010
054,NIAGARA FALLS,45,29,15,24,"Niagara Falls",192, ,1,0,0,114,277,"Princess Margaret School",20071010
054,NIAGARA FALLS,53,22,11,10,"Niagara Falls",193, ,3,0,0,99,253,"Our Lady of Mount Carmel Catholic School",20071010
054,NIAGARA FALLS,91,36,15,19,"Niagara Falls",194, ,0,0,0,161,366,"James Morden Elementary School",20071010
054,NIAGARA FALLS,100,46,18,32,"Niagara Falls",195, ,4,0,0,200,393,"Imperial Towers",20071010
054,NIAGARA FALLS,61,26,12,15,"Niagara Falls",196, ,2,0,0,116,280,"Princess Margaret School",20071010
054,NIAGARA FALLS,53,23,15,17,"Niagara Falls",197, ,0,0,0,108,252,"Our Lady of Mount Carmel Catholic School",20071010
054,NIAGARA FALLS,46,26,20,17,"Niagara Falls",198, ,1,1,0,111,255,"Father Hennepin Catholic School",20071010
054,NIAGARA FALLS,53,12,7,13,"Niagara Falls",199, ,0,3,0,88,223,"Father Hennepin Catholic School",20071010
054,NIAGARA FALLS,65,22,25,18,"Niagara Falls",200, ,0,0,0,130,295,"Main Street Baptist Church",20071010
054,NIAGARA FALLS,28,6,3,2,"Niagara Falls",201s, ,0,0,0,39,50,"Residence Joie de Vivre",20071010
054,NIAGARA FALLS,26,9,4,3,"Niagara Falls",202s, ,4,0,0,46,71,"Cavendish Manor Retirement Residence",20071010
054,NIAGARA FALLS,57,12,5,12,"Niagara Falls",203, ,0,0,0,86,240,"Father Hennepin Catholic School",20071010
054,NIAGARA FALLS,37,28,15,16,"Niagara Falls",204, ,0,1,0,97,266,"Father Hennepin Catholic School",20071010
054,NIAGARA FALLS,37,19,9,8,"Niagara Falls",205, ,0,0,0,73,178,"Saint Michael Catholic High School",20071010
054,NIAGARA FALLS,74,45,8,5,"Niagara Falls",206, ,0,0,0,132,319,"Saint Michael Catholic High School",20071010
054,NIAGARA FALLS,54,16,9,12,"Niagara Falls",207, ,1,0,0,92,267,"Saint Michael Catholic High School",20071010
054,NIAGARA FALLS,115,53,26,7,"Niagara Falls",208, ,2,0,0,203,373,"Saint Michael Catholic High School",20071010
054,NIAGARA FALLS,38,12,2,6,"Niagara Falls",209, ,1,0,0,59,249,"Saint Michael Catholic High School",20071010
054,NIAGARA FALLS,26,14,6,6,"Niagara Falls",210s, ,2,2,0,56,158,"Millennium Trail Manor",20071010
054,NIAGARA FALLS,84,38,14,28,"Niagara Falls",211, ,0,0,0,164,331,"James Morden Elementary School",20071010
054,NIAGARA FALLS,45,19,7,10,"Niagara Falls",212, ,0,0,0,81,280,"James Morden Elementary School",20071010
054,NIAGARA FALLS,88,11,48,19,"Niagara Falls",213, ,2,0,0,168,371,"MacBain Community Centre",20071010
054,NIAGARA FALLS,86,42,13,25,"Niagara Falls",214, ,2,0,0,168,325,"James Morden Elementary School",20071010
054,NIAGARA FALLS,103,30,21,11,"Niagara Falls",215, ,0,0,0,165,374,"Notre-Dame-de-la-Jeunesse",20071010
054,NIAGARA FALLS,80,21,9,29,"Niagara Falls",216, ,2,0,0,141,297,"Notre-Dame-de-la-Jeunesse",20071010
054,NIAGARA FALLS,52,7,6,37,"Niagara Falls",217, ,0,0,0,102,274,"Notre-Dame-de-la-Jeunesse",20071010
054,NIAGARA FALLS,93,24,20,14,"Niagara Falls",218, ,0,0,0,151,328,"Notre-Dame-de-la-Jeunesse",20071010
054,NIAGARA FALLS,39,22,20,28,"Niagara Falls",219, ,0,0,0,109,332,"Father Hennepin Catholic School",20071010
054,NIAGARA FALLS,79,42,23,20,"Niagara Falls",220, ,1,0,0,165,363,"Notre-Dame-de-la-Jeunesse",20071010
054,NIAGARA FALLS,59,24,11,20,"Niagara Falls",221, ,0,0,0,114,293,"Father Hennepin Catholic School",20071010
054,NIAGARA FALLS,69,34,16,15,"Niagara Falls",222, ,0,0,0,134,344,"Notre-Dame-de-la-Jeunesse",20071010
054,NIAGARA FALLS,68,48,22,7,"Niagara Falls",223, ,0,0,0,145,281,"Sacred Heart Catholic School",20071010
054,NIAGARA FALLS,78,32,18,16,"Niagara Falls",224, ,0,0,0,144,367,"Saint Michael Catholic High School",20071010
054,NIAGARA FALLS,91,37,19,10,"Niagara Falls",225, ,3,1,0,161,361,"MacBain Community Centre",20071010
054,NIAGARA FALLS,42,25,18,15,"Niagara Falls",226, ,0,0,0,100,287,"MacBain Community Centre",20071010
054,NIAGARA FALLS,66,30,19,6,"Niagara Falls",227, ,0,2,0,123,312,"MacBain Community Centre",20071010
054,NIAGARA FALLS,99,45,27,28,"Niagara Falls",228, ,0,0,0,199,500,"Sacred Heart Catholic School",20071010
054,NIAGARA FALLS,68,46,13,6,"Niagara Falls",229, ,0,0,0,133,292,"Sacred Heart Catholic School",20071010
054,NIAGARA FALLS,12,9,1,1,"Niagara Falls",230s, ,0,0,0,23,30,"Willoughby Manor Retirement Home",20071010
054,NIAGARA FALLS,64,43,18,27,"Niagara Falls",231, ,0,0,0,152,347,"Sacred Heart Catholic School",20071010
054,NIAGARA FALLS,69,33,21,15,"Niagara Falls",232, ,0,0,0,138,385,"River View Elementary School",20071010
054,NIAGARA FALLS,106,92,23,26,"Niagara Falls",233, ,1,1,0,249,437,"River View Elementary School",20071010
054,NIAGARA FALLS,112,82,32,12,"Niagara Falls",234, ,0,1,0,239,399,"River View Elementary School",20071010
054,NIAGARA FALLS,4,6,0,1,"Niagara Falls",235s, ,0,1,0,12,17,"Chippawa Place",20071010
054,NIAGARA FALLS,99,52,28,28,"Niagara Falls",236, ,0,0,0,207,353,"Sacred Heart Catholic School",20071010
054,NIAGARA FALLS,100,43,13,10,"Niagara Falls",237, ,0,0,0,166,362,"F.J. Rutland Senior School",20071010
054,NIAGARA FALLS,70,30,19,18,"Niagara Falls",238, ,0,0,0,137,317,"Sacred Heart Catholic School",20071010
054,NIAGARA FALLS,23,14,3,3,"Niagara Falls",239s, ,0,1,0,44,154,"Bella Senior Care",20071010
054,NIAGARA FALLS,25,18,8,19,"Niagara Falls",240, ,0,0,0,70,208,"River View Elementary School",20071010
054,NIAGARA FALLS,75,77,32,14,"Niagara Falls",241, ,2,0,0,200,414,"F.J. Rutland Senior School",20071010
054,NIAGARA FALLS,68,65,27,20,"Niagara Falls",242, ,2,1,0,183,345,"Willoughby Fire Hall",20071010
054,NIAGARA FALLS,73,60,16,12,"Niagara Falls",243, ,7,0,0,168,356,"Arpad Park Community Centre",20071010
054,NIAGARA FALLS,60,42,15,4,"Niagara Falls",244, ,0,0,0,121,232,"Willoughby Fire Hall",20071010
054,NIAGARA FALLS,69,47,16,34,"Stevensville",245, ,0,0,0,166,346,"St. Joseph Separate School",20071010
054,NIAGARA FALLS,64,95,29,24,"Stevensville",246, ,2,0,0,214,414,"St. Joseph Separate School",20071010
054,NIAGARA FALLS,69,69,27,11,"Fort Erie",247, ,0,0,0,176,404,"Faith Reformed Church",20071010
054,NIAGARA FALLS,56,52,20,15,"Fort Erie",248, ,0,0,0,143,211,"Faith Reformed Church",20071010
054,NIAGARA FALLS,117,120,17,39,"Stevensville",249, ,1,1,0,295,466,"Black Creek Leisure Homes",20071010
054,NIAGARA FALLS,56,91,21,20,"Fort Erie",250, ,1,0,0,189,360,"Fraternal Order of Eagles #3155",20071010
054,NIAGARA FALLS,68,90,15,16,"Stevensville",251, ,0,2,0,191,388,"Stevensville Memorial Hall",20071010
054,NIAGARA FALLS,69,69,19,11,"Fort Erie",252, ,1,0,0,169,333,"Rose Seaton Elementary School",20071010
054,NIAGARA FALLS,44,76,25,25,"Stevensville",253, ,0,0,0,170,320,"Stevensville Memorial Hall",20071010
054,NIAGARA FALLS,33,80,16,27,"Stevensville",254, ,0,0,0,156,301,"Stevensville Memorial Hall",20071010
054,NIAGARA FALLS,46,47,3,23,"Fort Erie",255, ,0,0,0,119,308,"Rose Seaton Elementary School",20071010
054,NIAGARA FALLS,59,38,28,22,"Fort Erie",256, ,3,1,0,151,328,"Rose Seaton Elementary School",20071010
054,NIAGARA FALLS,46,33,11,16,"Fort Erie",257, ,0,1,0,107,273,"Rose Seaton Elementary School",20071010
054,NIAGARA FALLS,24,30,14,14,"Fort Erie",258, ,0,0,0,82,248,"Rose Seaton Elementary School",20071010
054,NIAGARA FALLS,46,37,11,14,"Fort Erie",259, ,0,0,0,108,298,"Rose Seaton Elementary School",20071010
054,NIAGARA FALLS,32,38,24,14,"Ridgeway",260, ,0,0,0,108,234,"St. John's Anglican Church",20071010
054,NIAGARA FALLS,21,22,5,19,"Fort Erie",261, ,1,0,0,68,246,"Fraternal Order of Eagles #3155",20071010
054,NIAGARA FALLS,73,35,21,18,"Fort Erie",262, ,3,0,0,150,322,"General Vanier Public School",20071010
054,NIAGARA FALLS,33,21,13,12,"Fort Erie",263, ,0,0,0,79,273,"Fort Erie Secondary School",20071010
054,NIAGARA FALLS,32,31,10,12,"Fort Erie",264, ,1,0,0,86,237,"General Vanier Public School",20071010
054,NIAGARA FALLS,44,24,16,20,"Fort Erie",265, ,1,0,0,105,281,"General Vanier Public School",20071010
054,NIAGARA FALLS,8,9,3,1,"Fort Erie",266s, ,1,0,0,22,78,"Gilmore Lodge",20071010
054,NIAGARA FALLS,43,31,8,15,"Fort Erie",267, ,0,1,0,98,240,"Fort Erie Secondary School",20071010
054,NIAGARA FALLS,0,2,1,0,"Fort Erie",268s, ,1,0,0,4,10,"Redstacks Limited",20071010
054,NIAGARA FALLS,28,30,9,14,"Fort Erie",269, ,1,0,0,82,279,"Fort Erie Secondary School",20071010
054,NIAGARA FALLS,51,79,26,29,"Stevensville",270, ,0,0,0,185,409,"Stevensville Memorial Hall",20071010
054,NIAGARA FALLS,49,50,12,14,"Fort Erie",271, ,0,0,0,125,252,"Garrison Road Public School",20071010
054,NIAGARA FALLS,46,40,12,14,"Fort Erie",272, ,0,0,0,112,311,"General Vanier Public School",20071010
054,NIAGARA FALLS,9,6,2,4,"Fort Erie",273s, ,0,0,1,22,34,"Niagara Health System-Douglas Memorial Hospital",20071010
054,NIAGARA FALLS,41,46,25,17,"Fort Erie",274, ,0,0,0,129,322,"Lions Douglas Heights Senior Centre",20071010
054,NIAGARA FALLS,15,9,1,3,"Fort Erie",275s, ,1,0,1,30,68,"Crescent Park Lodge",20071010
054,NIAGARA FALLS,60,39,13,22,"Fort Erie",276, ,1,0,1,136,277,"General Vanier Public School",20071010
054,NIAGARA FALLS,6,7,2,4,"Fort Erie",277s, ,0,0,0,19,93,"Maple Park Lodge",20071010
054,NIAGARA FALLS,32,45,15,21,"Fort Erie",278, ,0,0,0,113,232,"Lions Douglas Heights Senior Centre",20071010
054,NIAGARA FALLS,37,22,7,9,"Fort Erie",279, ,0,0,0,75,236,"General Vanier Public School",20071010
054,NIAGARA FALLS,22,20,9,17,"Fort Erie",280, ,0,1,0,69,206,"Lions Douglas Heights Senior Centre",20071010
054,NIAGARA FALLS,36,43,22,17,"Ridgeway",281, ,0,0,0,118,273,"All Nations Fellowship",20071010
054,NIAGARA FALLS,42,46,26,21,"Fort Erie",282, ,0,1,0,136,350,"Leisureplex",20071010
054,NIAGARA FALLS,60,55,10,25,"Fort Erie",283, ,0,1,0,151,372,"Garrison Road Public School",20071010
054,NIAGARA FALLS,75,47,23,14,"Fort Erie",284, ,0,0,0,159,348,"St. Philomena Catholic School",20071010
054,NIAGARA FALLS,54,45,10,23,"Fort Erie",285, ,0,0,0,132,361,"Royal Canadian Legion Branch 71",20071010
054,NIAGARA FALLS,10,10,1,3,"Fort Erie",286s, ,0,0,1,25,51,"Garrison Place Retirement Residence",20071010
054,NIAGARA FALLS,55,23,15,13,"Fort Erie",287, ,2,2,0,110,234,"Royal Canadian Legion Branch 71",20071010
054,NIAGARA FALLS,48,43,10,7,"Fort Erie",288, ,0,0,0,108,271,"Royal Canadian Legion Branch 71",20071010
054,NIAGARA FALLS,47,47,21,15,"Ridgeway",289, ,0,0,0,130,337,"All Nations Fellowship",20071010
054,NIAGARA FALLS,58,36,21,20,"Fort Erie",290, ,1,1,0,137,270,"St. Philomena Catholic School",20071010
054,NIAGARA FALLS,52,52,11,20,"Fort Erie",291, ,0,0,0,135,337,"St. Philomena Catholic School",20071010
054,NIAGARA FALLS,58,58,24,17,"Fort Erie",292, ,0,0,0,157,345,"St. Philomena Catholic School",20071010
054,NIAGARA FALLS,47,52,17,17,"Fort Erie",293, ,0,1,0,134,327,"St. Philomena Catholic School",20071010
054,NIAGARA FALLS,73,54,12,13,"Fort Erie",294, ,0,0,0,152,367,"Royal Canadian Legion Branch 71",20071010
054,NIAGARA FALLS,20,30,7,6,"Fort Erie",295, ,0,0,0,63,201,"Royal Canadian Legion Branch 71",20071010
054,NIAGARA FALLS,32,32,9,11,"Fort Erie",296, ,0,0,0,84,238,"Royal Canadian Legion Branch 71",20071010
054,NIAGARA FALLS,28,43,15,5,"Fort Erie",297, ,0,0,0,91,231,"Bertie Public School",20071010
054,NIAGARA FALLS,71,54,27,27,"Fort Erie",298, ,0,0,0,179,400,"Ridgeway Public School",20071010
054,NIAGARA FALLS,71,70,29,13,"Fort Erie",299, ,0,0,0,183,337,"Bertie Public School",20071010
054,NIAGARA FALLS,47,27,15,12,"Fort Erie",300, ,0,0,0,101,276,"Ridgeway Public School",20071010
054,NIAGARA FALLS,51,41,12,16,"Fort Erie",301, ,0,0,0,120,305,"Ridgeway Crystal Beach High School",20071010
054,NIAGARA FALLS,53,38,26,25,"Fort Erie",302, ,2,0,0,144,447,"Ridgeway Crystal Beach High School",20071010
054,NIAGARA FALLS,33,33,12,15,"Fort Erie",303, ,0,0,0,93,189,"Leisureplex",20071010
054,NIAGARA FALLS,50,49,16,10,"Fort Erie",304, ,0,0,0,125,289,"St. Philomena Catholic School",20071010
054,NIAGARA FALLS,35,41,18,15,"Fort Erie",305, ,2,0,0,111,319,"St. Philomena Catholic School",20071010
054,NIAGARA FALLS,32,40,15,16,"Fort Erie",306, ,0,0,1,104,262,"Royal Canadian Legion Branch 71",20071010
054,NIAGARA FALLS,34,29,5,8,"Fort Erie",307, ,0,0,0,76,215,"Royal Canadian Legion Branch 71",20071010
054,NIAGARA FALLS,43,50,19,9,"Fort Erie",308, ,0,2,0,123,312,"Ridgeway Public School",20071010
054,NIAGARA FALLS,62,46,16,12,"Crystal Beach",309, ,4,0,0,140,273,"Crystal Ridge Community Centre",20071010
054,NIAGARA FALLS,45,38,18,11,"Fort Erie",310, ,0,0,0,112,332,"Ridgeway Crystal Beach High School",20071010
054,NIAGARA FALLS,42,37,22,11,"Crystal Beach",311, ,0,0,0,112,311,"Crystal Ridge Community Centre",20071010
054,NIAGARA FALLS,29,36,17,24,"Crystal Beach",312, ,0,0,0,106,283,"Crystal Ridge Community Centre",20071010
054,NIAGARA FALLS,34,36,16,6,"Fort Erie",313, ,0,0,0,92,203,"Crystal Beach Public School",20071010
054,NIAGARA FALLS,23,30,17,10,"Fort Erie",314, ,0,0,0,80,174,"Crystal Beach Public School",20071010
054,NIAGARA FALLS,4,0,0,2,"Fort Erie",315s, ,0,0,1,7,16,"Eastwood Manor",20071010
054,NIAGARA FALLS,24,14,18,11,"Fort Erie",316, ,0,0,0,67,214,"Crystal Beach Public School",20071010
054,NIAGARA FALLS,45,32,14,20,"Fort Erie",317, ,0,0,0,111,244,"Crystal Beach Public School",20071010
054,NIAGARA FALLS,20,22,10,10,"Fort Erie",318, ,0,0,0,62,194,"Crystal Beach Public School",20071010
054,NIAGARA FALLS,26,12,12,10,"Crystal Beach",319, ,0,0,0,60,192,"St. George Catholic Elementary School",20071010
054,NIAGARA FALLS,41,24,12,15,"Crystal Beach",320, ,0,0,0,92,197,"St. George Catholic Elementary School",20071010
054,NIAGARA FALLS,34,25,11,23,"Crystal Beach",321, ,0,0,0,93,213,"Crystal Ridge Community Centre",20071010
054,NIAGARA FALLS,31,28,14,1,"Crystal Beach",322, ,0,0,0,74,133,"Crystal Ridge Community Centre",20071010
054,NIAGARA FALLS,..........................NO POLL HELD........................,,,,"Fort Erie",323, ,0,0,0,0,0,"",20071010
054,NIAGARA FALLS,11,18,8,15,"Crystal Beach",324, ,0,0,0,52,189,"Crystal Ridge Community Centre",20071010
054,NIAGARA FALLS,55,19,4,13,"Niagara Falls",400, ,2,0,0,93,125,"Stamford Court Apartments",20071010
054,NIAGARA FALLS,59,30,7,28,"Niagara Falls",401, ,0,3,0,127,186,"Buckley Towers",20071010
054,NIAGARA FALLS,27,29,5,9,"Fort Erie",402, ,0,1,0,71,109,"1 Albany Street",20071010
054,NIAGARA FALLS,874,517,155,122,"Niagara Falls",Advanced Polls /  ADV001, ,3,0,0,1671,0,"Returning Office / Bureau du directeur du scrutin",20071010
054,NIAGARA FALLS,306,147,32,23,"Niagara Falls",Advanced Polls /  ADV002, ,1,2,1,512,0,"Fairhaven Apartments",20071010
054,NIAGARA FALLS,44,63,9,8,"Stevensville",Advanced Polls /  ADV003, ,0,0,0,124,0,"Black Creek Community Center",20071010
054,NIAGARA FALLS,270,188,37,50,"Fort Erie",Advanced Polls /  ADV004, ,0,3,2,550,0,"Leisureplex",20071010
054,NIAGARA FALLS,299,294,60,34,"Niagara-On-The-Lake",Advanced Polls /  ADV005, ,7,0,0,694,0,"Courthouse Market Room",20071010
054,NIAGARA FALLS,149,120,24,49,"Crystal Beach",Advanced Polls /  ADV006, ,2,0,0,344,0,"Crystal Ridge Community Centre",20071010
054,NIAGARA FALLS,386,218,47,50,"Niagara Falls",Advanced Polls /  ADV007, ,2,1,1,705,0,"St. John's Evangelist Anglican Church",20071010
TOTALS:, ,22210,14540,5373,4605, , , , , , , , , , 
