ED_CODE,ED_NAME,KENNY,KIDD,TORY,WALKER,WYNNE,PLACE_NAME,POLL_NUMBER,RURAL_INDICATOR,REJECTED,UNMARKED,DECLINED,VOTER_TURNOUT,ELECTORS,POLL_LOCATION,POLL_DATE
017,DON VALLEY WEST,10,3,94,2,114,"Toronto",001, ,0,0,0,223,427,"Dunlace Public School",20071010
017,DON VALLEY WEST,17,1,110,18,103,"Toronto",002, ,0,0,0,249,443,"Dunlace Public School",20071010
017,DON VALLEY WEST,10,1,74,7,110,"Toronto",003, ,1,3,0,206,420,"Dunlace Public School",20071010
017,DON VALLEY WEST,0,0,123,5,53,"Toronto",004, ,0,0,0,181,428,"Trinity Presbyterian Church",20071010
017,DON VALLEY WEST,3,0,119,5,47,"Toronto",005, ,0,0,0,174,403,"Harrison Public School",20071010
017,DON VALLEY WEST,..........................NO POLL HELD........................,,,,,"Toronto",006, ,0,0,0,0,0,"",20071010
017,DON VALLEY WEST,1,1,97,3,51,"Toronto",007, ,1,0,0,154,359,"Trinity Presbyterian Church",20071010
017,DON VALLEY WEST,2,0,151,10,67,"Toronto",008, ,0,0,0,230,436,"Harrison Public School",20071010
017,DON VALLEY WEST,2,0,189,15,80,"Toronto",009, ,0,0,4,290,531,"Windfields Junior High School",20071010
017,DON VALLEY WEST,8,0,104,12,96,"Toronto",010, ,0,0,0,220,440,"Windfields Junior High School",20071010
017,DON VALLEY WEST,14,2,132,7,99,"Toronto",011, ,0,1,0,255,472,"Fairmeadow Centre",20071010
017,DON VALLEY WEST,1,1,140,7,81,"Toronto",012, ,0,0,0,230,435,"Fairmeadow Centre",20071010
017,DON VALLEY WEST,1,0,149,6,97,"Toronto",013, ,0,0,1,254,452,"Owen Public School",20071010
017,DON VALLEY WEST,0,1,111,11,60,"Toronto",014, ,0,0,0,183,442,"Harrison Public School",20071010
017,DON VALLEY WEST,1,0,125,3,55,"Toronto",015, ,0,0,0,184,425,"York Mills Collegiate Institute",20071010
017,DON VALLEY WEST,5,0,157,10,81,"Toronto",016, ,0,0,0,253,510,"Windfields Junior High School",20071010
017,DON VALLEY WEST,15,0,62,14,70,"Toronto",017, ,0,0,0,161,401,"Fairmeadow Centre",20071010
017,DON VALLEY WEST,3,0,137,13,111,"Toronto",018, ,2,0,0,266,484,"Fairmeadow Centre",20071010
017,DON VALLEY WEST,4,1,110,6,97,"Toronto",019, ,0,0,0,218,414,"Owen Public School",20071010
017,DON VALLEY WEST,2,1,88,2,69,"Toronto",020, ,0,1,0,163,327,"York Mills Collegiate Institute",20071010
017,DON VALLEY WEST,..........................NO POLL HELD........................,,,,,"Toronto",021, ,0,0,0,0,0,"",20071010
017,DON VALLEY WEST,2,0,65,0,39,"Toronto",022, ,0,0,0,106,262,"Banbury Community Centre",20071010
017,DON VALLEY WEST,3,0,136,16,85,"Toronto",023, ,0,0,0,240,493,"Banbury Community Centre",20071010
017,DON VALLEY WEST,4,0,132,13,117,"Toronto",024, ,0,0,0,266,532,"Denlow Public School",20071010
017,DON VALLEY WEST,9,0,124,7,88,"Toronto",025, ,0,0,0,228,487,"Denlow Public School",20071010
017,DON VALLEY WEST,8,0,128,19,110,"Toronto",026, ,1,0,0,266,482,"Denlow Public School",20071010
017,DON VALLEY WEST,6,3,109,17,104,"Toronto",027, ,0,2,0,241,458,"Rippleton Public School",20071010
017,DON VALLEY WEST,5,0,146,11,77,"Toronto",028, ,1,0,0,240,461,"Owen Public School",20071010
017,DON VALLEY WEST,5,1,169,9,86,"Toronto",029, ,0,0,0,270,471,"Owen Public School",20071010
017,DON VALLEY WEST,0,0,129,6,68,"Toronto",030, ,0,0,0,203,429,"Owen Public School",20071010
017,DON VALLEY WEST,4,1,158,11,86,"Toronto",031, ,1,0,1,262,491,"Banbury Community Centre",20071010
017,DON VALLEY WEST,3,0,180,7,109,"Toronto",032, ,1,0,0,300,531,"Denlow Public School",20071010
017,DON VALLEY WEST,8,1,104,13,125,"Toronto",033, ,0,0,0,251,367,"Norman Ingram Public School",20071010
017,DON VALLEY WEST,3,0,138,13,99,"Toronto",034, ,1,0,0,254,418,"Agricola Finnish Lutheran Church",20071010
017,DON VALLEY WEST,3,0,161,15,42,"Toronto",035, ,0,0,0,221,388,"Agricola Finnish Lutheran Church",20071010
017,DON VALLEY WEST,0,0,82,6,32,"Toronto",036, ,0,0,0,120,365,"Canadian Film Centre",20071010
017,DON VALLEY WEST,3,0,134,9,89,"Toronto",037, ,2,0,0,237,465,"Rippleton Public School",20071010
017,DON VALLEY WEST,10,4,87,12,144,"Toronto",038, ,0,0,2,259,442,"Rippleton Public School",20071010
017,DON VALLEY WEST,4,0,68,11,105,"Toronto",039, ,0,0,0,188,316,"Norman Ingram Public School",20071010
017,DON VALLEY WEST,8,2,85,11,89,"Toronto",040, ,1,0,2,198,347,"Norman Ingram Public School",20071010
017,DON VALLEY WEST,3,1,110,6,47,"Toronto",041, ,0,1,0,168,467,"Owen Public School",20071010
017,DON VALLEY WEST,6,0,115,13,114,"Toronto",042, ,0,0,0,248,439,"Rippleton Public School",20071010
017,DON VALLEY WEST,13,0,68,17,128,"Toronto",043, ,0,1,0,227,405,"Norman Ingram Public School",20071010
017,DON VALLEY WEST,1,0,21,0,12,"Toronto",044s, ,0,0,0,34,71,"Greenview Lodge Senior Care Centre",20071010
017,DON VALLEY WEST,9,2,75,9,127,"Toronto",045, ,0,0,0,222,495,"Greenview Lodge Senior Care Centre",20071010
017,DON VALLEY WEST,3,1,11,1,16,"Toronto",046s, ,2,0,2,36,46,"Four Teddington Park",20071010
017,DON VALLEY WEST,6,1,139,14,83,"Toronto",047, ,0,0,0,243,403,"Agricola Finnish Lutheran Church",20071010
017,DON VALLEY WEST,3,0,96,10,76,"Toronto",048, ,0,0,0,185,339,"Agricola Finnish Lutheran Church",20071010
017,DON VALLEY WEST,2,0,93,8,103,"Toronto",049, ,0,0,0,206,398,"Toronto French School",20071010
017,DON VALLEY WEST,7,1,18,0,12,"Toronto",050s, ,1,2,3,44,66,"Bob Rumball Centre for the Deaf",20071010
017,DON VALLEY WEST,1,0,90,1,18,"Toronto",051, ,0,0,0,110,260,"Bob Rumball Centre for the Deaf",20071010
017,DON VALLEY WEST,11,1,88,16,108,"Toronto",052, ,0,2,1,227,389,"Overland Learning Centre",20071010
017,DON VALLEY WEST,13,0,39,8,65,"Toronto",053, ,0,0,0,125,260,"Overland Learning Centre",20071010
017,DON VALLEY WEST,3,0,18,4,47,"Toronto",054s, ,2,0,0,74,107,"Twenty Sanderling",20071010
017,DON VALLEY WEST,2,0,8,3,13,"Toronto",055s, ,0,0,0,26,66,"Thompson House",20071010
017,DON VALLEY WEST,13,0,53,2,63,"Toronto",056, ,0,0,0,131,260,"Overland Learning Centre",20071010
017,DON VALLEY WEST,1,1,48,12,74,"Toronto",057, ,0,0,0,136,228,"Bedford Park United Church",20071010
017,DON VALLEY WEST,8,0,101,11,115,"Toronto",058, ,0,1,0,236,366,"Bedford Park United Church",20071010
017,DON VALLEY WEST,5,1,94,15,138,"Toronto",059, ,0,13,0,266,351,"St. Leonard's Anglican Church",20071010
017,DON VALLEY WEST,5,1,107,8,113,"Toronto",060, ,0,0,0,234,412,"Toronto French School",20071010
017,DON VALLEY WEST,4,0,132,6,83,"Toronto",061, ,2,0,0,227,368,"Toronto French School",20071010
017,DON VALLEY WEST,25,0,17,31,69,"Toronto",062, ,0,0,0,142,196,"Glendon College - Hilliard Residence",20071010
017,DON VALLEY WEST,6,2,84,4,108,"Toronto",063, ,0,0,0,204,439,"St. Bonaventure Church",20071010
017,DON VALLEY WEST,6,1,35,11,82,"Toronto",064, ,0,1,0,136,257,"Overland Learning Centre",20071010
017,DON VALLEY WEST,8,1,38,11,85,"Toronto",065, ,0,0,0,143,299,"Overland Learning Centre",20071010
017,DON VALLEY WEST,11,3,22,1,40,"Toronto",066s, ,1,2,0,80,122,"Joseph Brown Manor",20071010
017,DON VALLEY WEST,5,0,76,6,102,"Toronto",067, ,0,0,0,189,317,"Bedford Park United Church",20071010
017,DON VALLEY WEST,13,0,42,15,86,"Toronto",068, ,0,0,0,156,265,"St. Leonard's Anglican Church",20071010
017,DON VALLEY WEST,4,0,63,18,110,"Toronto",069, ,1,0,0,196,280,"St. Leonard's Anglican Church",20071010
017,DON VALLEY WEST,7,0,74,13,127,"Toronto",070, ,1,1,0,223,370,"St. Leonard's Anglican Church",20071010
017,DON VALLEY WEST,3,1,145,4,105,"Toronto",071, ,0,0,0,258,424,"Blythwood Road Baptist Church",20071010
017,DON VALLEY WEST,5,0,149,8,99,"Toronto",072, ,2,0,0,263,439,"Toronto French School",20071010
017,DON VALLEY WEST,1,0,162,10,74,"Toronto",073, ,0,1,1,249,438,"Blythwood Junior Public School",20071010
017,DON VALLEY WEST,8,1,103,7,75,"Toronto",074, ,1,0,0,195,462,"St. Bonaventure Church",20071010
017,DON VALLEY WEST,4,1,139,12,78,"Toronto",075, ,0,0,0,234,449,"Blythwood Road Baptist Church",20071010
017,DON VALLEY WEST,5,0,172,12,79,"Toronto",076, ,0,1,0,269,467,"Blythwood Junior Public School",20071010
017,DON VALLEY WEST,2,2,184,13,72,"Toronto",077, ,0,0,0,273,435,"Blythwood Junior Public School",20071010
017,DON VALLEY WEST,14,0,80,6,62,"Toronto",078s, ,2,7,0,171,241,"Sunnybrook & Women's College Health Sciences Ctr",20071010
017,DON VALLEY WEST,..........................NO POLL HELD........................,,,,,"Toronto",079s, ,0,0,0,0,0,"",20071010
017,DON VALLEY WEST,7,0,21,2,64,"Toronto",080A, ,0,0,0,94,299,"Dennis R. Timbrell Resource Centre",20071010
017,DON VALLEY WEST,11,3,20,8,72,"Toronto",080B, ,3,1,0,118,296,"Dennis R. Timbrell Resource Centre",20071010
017,DON VALLEY WEST,13,1,31,3,114,"Toronto",081, ,0,1,0,163,400,"Dennis R. Timbrell Resource Centre",20071010
017,DON VALLEY WEST,..........................NO POLL HELD........................,,,,,"Toronto",082, ,0,0,0,0,0,"",20071010
017,DON VALLEY WEST,12,1,79,8,94,"Toronto",083, ,1,0,0,195,371,"Blythwood Road Baptist Church",20071010
017,DON VALLEY WEST,5,1,62,11,75,"Toronto",084, ,0,1,0,155,250,"Blythwood Road Baptist Church",20071010
017,DON VALLEY WEST,2,0,170,9,88,"Toronto",085, ,0,0,0,269,421,"Blythwood Junior Public School",20071010
017,DON VALLEY WEST,2,0,129,12,80,"Toronto",086, ,0,0,0,223,370,"Blythwood Junior Public School",20071010
017,DON VALLEY WEST,..........................NO POLL HELD........................,,,,,"Toronto",087, ,0,0,0,0,0,"",20071010
017,DON VALLEY WEST,..........................NO POLL HELD........................,,,,,"Toronto",089s, ,0,0,0,0,0,"",20071010
017,DON VALLEY WEST,..........................NO POLL HELD........................,,,,,"Toronto",090s, ,0,0,0,0,0,"",20071010
017,DON VALLEY WEST,6,0,105,12,113,"Toronto",091, ,0,0,1,237,396,"Northlea Elementary and Middle School",20071010
017,DON VALLEY WEST,..........................NO POLL HELD........................,,,,,"Toronto",092s, ,0,0,0,0,0,"",20071010
017,DON VALLEY WEST,5,0,122,14,105,"Toronto",093, ,0,0,0,246,371,"Northlea Elementary and Middle School",20071010
017,DON VALLEY WEST,3,0,108,8,117,"Toronto",094, ,2,0,2,240,366,"Northlea United Church",20071010
017,DON VALLEY WEST,8,0,66,11,115,"Toronto",095, ,0,1,1,202,293,"Northlea United Church",20071010
017,DON VALLEY WEST,..........................NO POLL HELD........................,,,,,"Toronto",096, ,0,0,0,0,0,"",20071010
017,DON VALLEY WEST,1,0,112,12,145,"Toronto",097, ,1,0,0,271,400,"Northlea United Church",20071010
017,DON VALLEY WEST,15,0,12,2,40,"Toronto",098, ,0,0,0,69,257,"Dennis R. Timbrell Resource Centre",20071010
017,DON VALLEY WEST,9,6,20,6,113,"Toronto",099s, ,5,3,0,162,238,"Glenyan Manor",20071010
017,DON VALLEY WEST,3,1,6,5,24,"Toronto",100, ,0,1,0,40,88,"York Condominium Corporation - Party Room",20071010
017,DON VALLEY WEST,4,0,5,2,22,"Toronto",101s, ,0,2,0,35,108,"The Sherwood",20071010
017,DON VALLEY WEST,3,0,115,13,113,"Toronto",102, ,2,0,0,246,411,"Blythwood Road Baptist Church",20071010
017,DON VALLEY WEST,2,0,74,12,103,"Toronto",103, ,0,0,0,191,389,"John Fisher Junior Public School",20071010
017,DON VALLEY WEST,10,0,50,11,91,"Toronto",104, ,0,0,0,162,326,"John Fisher Junior Public School",20071010
017,DON VALLEY WEST,10,0,77,16,121,"Toronto",105, ,0,0,1,225,427,"Blythwood Junior Public School",20071010
017,DON VALLEY WEST,10,0,67,16,74,"Toronto",106, ,0,0,0,167,295,"Upper Canada Apartments",20071010
017,DON VALLEY WEST,8,0,78,11,136,"Toronto",107, ,0,0,0,233,443,"Northlea Elementary and Middle School",20071010
017,DON VALLEY WEST,13,0,124,10,127,"Toronto",108, ,0,1,0,275,455,"Northlea Elementary and Middle School",20071010
017,DON VALLEY WEST,2,0,82,18,93,"Toronto",109, ,1,2,0,198,371,"Northlea Elementary and Middle School",20071010
017,DON VALLEY WEST,10,0,110,11,137,"Toronto",110, ,0,0,0,268,432,"Northlea Elementary and Middle School",20071010
017,DON VALLEY WEST,4,1,48,8,50,"Toronto",111, ,0,0,1,112,195,"Finnish Canadian Senior Centre",20071010
017,DON VALLEY WEST,5,0,25,4,32,"Toronto",112s, ,1,0,0,67,127,"Finnish Canadian Senior Centre",20071010
017,DON VALLEY WEST,4,2,69,13,111,"Toronto",113, ,0,0,0,199,325,"Northlea Elementary and Middle School",20071010
017,DON VALLEY WEST,12,1,66,17,104,"Toronto",114, ,0,0,0,200,464,"Northlea United Church",20071010
017,DON VALLEY WEST,8,1,32,1,132,"Toronto",115, ,3,0,0,177,394,"Gateway Public School",20071010
017,DON VALLEY WEST,12,2,28,3,137,"Toronto",116, ,0,0,0,182,310,"Gateway Public School",20071010
017,DON VALLEY WEST,..........................NO POLL HELD........................,,,,,"Toronto",117, ,0,0,0,0,0,"",20071010
017,DON VALLEY WEST,24,0,32,18,99,"Toronto",118, ,0,0,0,173,402,"St. Monica Catholic School",20071010
017,DON VALLEY WEST,..........................NO POLL HELD........................,,,,,"Toronto",119, ,0,0,0,0,0,"",20071010
017,DON VALLEY WEST,..........................NO POLL HELD........................,,,,,"Toronto",120, ,0,0,0,0,0,"",20071010
017,DON VALLEY WEST,18,0,62,18,99,"Toronto",121, ,1,2,1,201,414,"John Fisher Junior Public School",20071010
017,DON VALLEY WEST,17,0,20,8,60,"Toronto",122, ,1,0,0,106,216,"St. Monica Catholic School",20071010
017,DON VALLEY WEST,..........................NO POLL HELD........................,,,,,"Toronto",123, ,0,0,0,0,0,"",20071010
017,DON VALLEY WEST,12,1,28,15,38,"Toronto",124, ,0,1,0,95,176,"Upper Canada Apartments",20071010
017,DON VALLEY WEST,4,2,64,7,85,"Toronto",125, ,1,1,1,165,303,"St. Monica Catholic School",20071010
017,DON VALLEY WEST,15,0,79,21,113,"Toronto",126, ,0,0,0,228,448,"St. Monica Catholic School",20071010
017,DON VALLEY WEST,5,0,83,10,90,"Toronto",127, ,0,0,0,188,329,"Bessborough Drive Elementary and Middle School",20071010
017,DON VALLEY WEST,5,0,95,14,104,"Toronto",128, ,0,0,0,218,384,"Bessborough Drive Elementary and Middle School",20071010
017,DON VALLEY WEST,..........................NO POLL HELD........................,,,,,"Toronto",129, ,0,0,0,0,0,"",20071010
017,DON VALLEY WEST,14,1,55,15,68,"Toronto",130, ,0,0,0,153,377,"Northlea United Church",20071010
017,DON VALLEY WEST,1,0,35,7,42,"Toronto",131s, ,1,1,0,87,167,"Leaside Retirement Residence (Central Park Lodge)",20071010
017,DON VALLEY WEST,6,0,96,9,109,"Toronto",132, ,0,0,0,220,356,"Bessborough Drive Elementary and Middle School",20071010
017,DON VALLEY WEST,7,0,89,11,105,"Toronto",133, ,0,0,0,212,375,"Bessborough Drive Elementary and Middle School",20071010
017,DON VALLEY WEST,4,0,121,9,119,"Toronto",134, ,0,0,0,253,415,"Bessborough Drive Elementary and Middle School",20071010
017,DON VALLEY WEST,7,0,87,17,98,"Toronto",135, ,1,1,0,211,318,"Trace Manes Centennial Building",20071010
017,DON VALLEY WEST,3,0,72,12,110,"Toronto",136, ,0,0,0,197,321,"Trace Manes Centennial Building",20071010
017,DON VALLEY WEST,7,3,72,10,104,"Toronto",137, ,1,1,0,198,332,"Leaside Memorial Gardens",20071010
017,DON VALLEY WEST,14,2,32,6,90,"Toronto",138, ,3,2,0,149,320,"Greek Community of Metro Toronto",20071010
017,DON VALLEY WEST,18,4,29,4,93,"Toronto",139, ,1,0,0,149,368,"Thorncliffe Park Elementary School",20071010
017,DON VALLEY WEST,11,3,27,6,73,"Toronto",140, ,0,0,0,120,255,"Greek Community of Metro Toronto",20071010
017,DON VALLEY WEST,6,2,34,3,62,"Toronto",141, ,1,0,0,108,277,"Jenner-Jean Marie Community Centre",20071010
017,DON VALLEY WEST,9,1,29,3,86,"Toronto",142, ,0,0,0,128,250,"Thorncliffe Park Elementary School",20071010
017,DON VALLEY WEST,7,0,73,12,114,"Toronto",143, ,3,0,0,209,407,"Bessborough Drive Elementary and Middle School",20071010
017,DON VALLEY WEST,5,0,112,10,84,"Toronto",144, ,1,0,0,212,388,"Bessborough Drive Elementary and Middle School",20071010
017,DON VALLEY WEST,1,0,59,11,67,"Toronto",145, ,0,0,0,138,308,"Trace Manes Centennial Building",20071010
017,DON VALLEY WEST,3,0,124,10,91,"Toronto",146, ,0,0,1,229,393,"Trace Manes Centennial Building",20071010
017,DON VALLEY WEST,4,2,85,11,76,"Toronto",147, ,0,0,0,178,300,"Trace Manes Centennial Building",20071010
017,DON VALLEY WEST,9,1,75,17,88,"Toronto",148, ,0,1,0,191,300,"Leaside Memorial Gardens",20071010
017,DON VALLEY WEST,2,0,15,0,12,"Toronto",149s, ,0,0,0,29,63,"921 Millwood Road",20071010
017,DON VALLEY WEST,10,2,52,14,87,"Toronto",150, ,2,0,0,167,296,"Leaside Memorial Gardens",20071010
017,DON VALLEY WEST,10,2,20,13,69,"Toronto",151, ,0,0,0,114,304,"Thorncliffe Park Elementary School",20071010
017,DON VALLEY WEST,..........................NO POLL HELD........................,,,,,"Toronto",152, ,0,0,0,0,0,"",20071010
017,DON VALLEY WEST,18,1,15,7,47,"Toronto",153, ,0,0,0,88,236,"Greek Community of Metro Toronto",20071010
017,DON VALLEY WEST,6,0,10,3,30,"Toronto",154, ,0,0,0,49,196,"Thorncliffe Park Elementary School",20071010
017,DON VALLEY WEST,..........................NO POLL HELD........................,,,,,"Toronto",155, ,0,0,0,0,0,"",20071010
017,DON VALLEY WEST,5,0,165,12,100,"Toronto",156, ,0,0,0,282,437,"Leaside Memorial Gardens",20071010
017,DON VALLEY WEST,11,0,57,14,69,"Toronto",157, ,0,0,0,151,282,"Bennington Heights Elementary School",20071010
017,DON VALLEY WEST,6,0,73,17,77,"Toronto",158, ,0,0,0,173,301,"Bennington Heights Elementary School",20071010
017,DON VALLEY WEST,6,0,107,16,102,"Toronto",159, ,0,0,0,231,374,"Bennington Heights Elementary School",20071010
017,DON VALLEY WEST,11,1,107,7,101,"Toronto",400, ,1,1,0,229,498,"Trinity Presbyterian Church",20071010
017,DON VALLEY WEST,17,2,50,12,101,"Toronto",401, ,0,2,0,184,484,"Trinity Presbyterian Church",20071010
017,DON VALLEY WEST,35,3,49,4,96,"Toronto",402, ,2,0,0,189,452,"Trinity Presbyterian Church",20071010
017,DON VALLEY WEST,8,1,95,12,101,"Toronto",403, ,0,1,0,218,464,"York Mills Collegiate Institute",20071010
017,DON VALLEY WEST,..........................NO POLL HELD........................,,,,,"Toronto",404, ,0,0,0,0,0,"",20071010
017,DON VALLEY WEST,..........................NO POLL HELD........................,,,,,"Toronto",405, ,0,0,0,0,0,"",20071010
017,DON VALLEY WEST,7,2,44,10,52,"Toronto",406, ,0,0,0,115,318,"York Mills Collegiate Institute",20071010
017,DON VALLEY WEST,17,4,73,11,106,"Toronto",407, ,0,4,0,215,312,"755 York Mills Road",20071010
017,DON VALLEY WEST,..........................NO POLL HELD........................,,,,,"Toronto",408, ,0,0,0,0,0,"",20071010
017,DON VALLEY WEST,..........................NO POLL HELD........................,,,,,"Toronto",409, ,0,0,0,0,0,"",20071010
017,DON VALLEY WEST,7,0,98,14,96,"Toronto",410, ,0,0,0,215,385,"Hillside at York Mills 3",20071010
017,DON VALLEY WEST,8,0,97,4,85,"Toronto",411, ,0,0,0,194,356,"Hillside at York Mills 3",20071010
017,DON VALLEY WEST,6,0,29,8,50,"Toronto",412, ,0,0,0,93,203,"Fairmeadow Centre",20071010
017,DON VALLEY WEST,0,0,37,1,21,"Toronto",413, ,1,0,1,61,147,"Agricola Finnish Lutheran Church",20071010
017,DON VALLEY WEST,1,0,40,3,63,"Toronto",414, ,0,0,0,107,211,"Norman Ingram Public School",20071010
017,DON VALLEY WEST,2,1,60,6,62,"Toronto",415, ,3,0,0,134,268,"Norman Ingram Public School",20071010
017,DON VALLEY WEST,13,0,46,5,61,"Toronto",416, ,2,1,0,128,166,"The Pioneer Place",20071010
017,DON VALLEY WEST,..........................NO POLL HELD........................,,,,,"Toronto",417, ,0,0,0,0,0,"",20071010
017,DON VALLEY WEST,7,1,118,10,117,"Toronto",418, ,1,0,0,254,366,"The Courtyards of Concorde",20071010
017,DON VALLEY WEST,5,0,45,8,80,"Toronto",419A, ,0,0,0,138,268,"Concorde Park",20071010
017,DON VALLEY WEST,9,1,56,5,78,"Toronto",419B, ,2,1,0,152,309,"Concorde Park",20071010
017,DON VALLEY WEST,3,2,43,4,79,"Toronto",420A, ,0,0,0,131,266,"Concorde Park",20071010
017,DON VALLEY WEST,12,0,42,6,97,"Toronto",420B, ,0,2,0,159,278,"Concorde Park",20071010
017,DON VALLEY WEST,25,1,79,20,120,"Toronto",421, ,0,0,0,245,457,"Wynford North",20071010
017,DON VALLEY WEST,6,2,77,7,86,"Toronto",422, ,0,0,1,179,248,"Highgate Reception Centre",20071010
017,DON VALLEY WEST,7,1,73,7,98,"Toronto",423, ,1,1,0,188,268,"Wynford Place",20071010
017,DON VALLEY WEST,13,0,88,4,100,"Toronto",424, ,2,0,0,207,299,"Wynford Towers",20071010
017,DON VALLEY WEST,16,5,48,10,111,"Toronto",425, ,0,1,0,191,424,"Wynford Central",20071010
017,DON VALLEY WEST,27,2,65,17,128,"Toronto",426, ,0,0,0,239,423,"Wynford South",20071010
017,DON VALLEY WEST,18,0,40,5,102,"Toronto",427, ,2,0,1,168,302,"Palisades Recreation Hall",20071010
017,DON VALLEY WEST,11,1,56,5,86,"Toronto",428, ,1,1,0,161,312,"Palisades Recreation Hall",20071010
017,DON VALLEY WEST,12,0,49,9,80,"Toronto",429, ,0,1,0,151,315,"Palisades Recreation Hall",20071010
017,DON VALLEY WEST,4,0,65,7,64,"Toronto",430, ,0,0,0,140,241,"The Carrington on the Park (1101 Leslie Street)",20071010
017,DON VALLEY WEST,7,0,24,5,43,"Toronto",431, ,0,0,0,79,117,"1105 Leslie Street",20071010
017,DON VALLEY WEST,9,0,34,0,37,"Toronto",432, ,0,0,0,80,137,"1103 Leslie Street",20071010
017,DON VALLEY WEST,7,1,14,7,33,"Toronto",433, ,0,0,0,62,192,"Dennis R. Timbrell Resource Centre",20071010
017,DON VALLEY WEST,11,0,9,1,62,"Toronto",434, ,1,0,0,84,256,"Dennis R. Timbrell Resource Centre",20071010
017,DON VALLEY WEST,11,0,7,2,96,"Toronto",435A, ,0,0,0,116,297,"York Condominium Corporation - Party Room",20071010
017,DON VALLEY WEST,16,1,14,2,74,"Toronto",435B, ,0,0,0,107,260,"York Condominium Corporation - Party Room",20071010
017,DON VALLEY WEST,10,1,36,4,102,"Toronto",436A, ,1,0,0,154,285,"York Condominium Corporation - Party Room",20071010
017,DON VALLEY WEST,18,1,33,1,100,"Toronto",436B, ,2,1,0,156,286,"York Condominium Corporation - Party Room",20071010
017,DON VALLEY WEST,8,3,24,1,78,"Toronto",437A, ,1,1,0,116,290,"York Condominium Corporation - Party Room",20071010
017,DON VALLEY WEST,12,1,28,4,101,"Toronto",437B, ,1,2,0,149,297,"York Condominium Corporation - Party Room",20071010
017,DON VALLEY WEST,13,2,25,3,60,"Toronto",438, ,1,0,0,104,305,"Dennis R. Timbrell Resource Centre",20071010
017,DON VALLEY WEST,5,0,13,5,65,"Toronto",439, ,4,0,0,92,316,"Dennis R. Timbrell Resource Centre",20071010
017,DON VALLEY WEST,16,0,20,4,101,"Toronto",440, ,0,3,0,144,380,"Grenoble Public School",20071010
017,DON VALLEY WEST,8,1,21,2,106,"Toronto",441, ,0,0,0,138,375,"Grenoble Public School",20071010
017,DON VALLEY WEST,19,1,31,6,62,"Toronto",442, ,0,0,0,119,355,"Grenoble Public School",20071010
017,DON VALLEY WEST,..........................NO POLL HELD........................,,,,,"Toronto",443, ,0,0,0,0,0,"",20071010
017,DON VALLEY WEST,10,0,21,3,85,"Toronto",444, ,2,0,0,121,378,"Grenoble Public School",20071010
017,DON VALLEY WEST,10,0,14,1,50,"Toronto",445, ,1,0,0,76,258,"Grenoble Public School",20071010
017,DON VALLEY WEST,..........................NO POLL HELD........................,,,,,"Toronto",446, ,0,0,0,0,0,"",20071010
017,DON VALLEY WEST,15,0,6,1,68,"Toronto",447A, ,1,0,0,91,281,"Grenoble Public School",20071010
017,DON VALLEY WEST,12,2,11,3,70,"Toronto",447B, ,1,1,0,100,291,"Grenoble Public School",20071010
017,DON VALLEY WEST,38,0,77,21,137,"Toronto",448, ,0,0,0,273,519,"Upper Canada Apartments",20071010
017,DON VALLEY WEST,..........................NO POLL HELD........................,,,,,"Toronto",449, ,0,0,0,0,0,"",20071010
017,DON VALLEY WEST,16,0,27,6,122,"Toronto",450A, ,0,0,0,171,444,"Gateway Public School",20071010
017,DON VALLEY WEST,16,1,43,10,119,"Toronto",450B, ,3,2,0,194,437,"Gateway Public School",20071010
017,DON VALLEY WEST,20,1,26,2,154,"Toronto",451, ,1,2,0,206,379,"Gateway Public School",20071010
017,DON VALLEY WEST,8,0,67,14,161,"Toronto",452, ,0,1,0,251,529,"Linkwood Village Recreation Centre",20071010
017,DON VALLEY WEST,13,4,51,9,145,"Toronto",453, ,3,1,0,226,549,"Linkwood Village Recreation Centre",20071010
017,DON VALLEY WEST,..........................NO POLL HELD........................,,,,,"Toronto",454, ,0,0,0,0,0,"",20071010
017,DON VALLEY WEST,14,3,49,18,96,"Toronto",455, ,0,1,0,181,315,"John Fisher Junior Public School",20071010
017,DON VALLEY WEST,21,0,67,28,132,"Toronto",456, ,1,0,0,249,511,"John Fisher Junior Public School",20071010
017,DON VALLEY WEST,18,3,62,23,109,"Toronto",457, ,0,0,0,215,445,"St. Monica Catholic School",20071010
017,DON VALLEY WEST,14,0,36,9,78,"Toronto",458, ,0,0,0,137,270,"Upper Canada Apartments",20071010
017,DON VALLEY WEST,15,0,25,14,74,"Toronto",459, ,0,0,0,128,272,"Upper Canada Apartments",20071010
017,DON VALLEY WEST,11,0,23,4,33,"Toronto",460, ,1,0,0,72,133,"Upper Canada Apartments",20071010
017,DON VALLEY WEST,..........................NO POLL HELD........................,,,,,"Toronto",461, ,0,0,0,0,0,"",20071010
017,DON VALLEY WEST,16,0,34,7,109,"Toronto",462A, ,0,0,0,166,300,"Leaside Towers",20071010
017,DON VALLEY WEST,5,0,55,13,110,"Toronto",462B, ,1,0,0,184,347,"Leaside Towers",20071010
017,DON VALLEY WEST,12,0,35,23,115,"Toronto",463A, ,0,0,0,185,358,"Leaside Towers",20071010
017,DON VALLEY WEST,10,0,39,15,104,"Toronto",463B, ,0,0,0,168,330,"Leaside Towers",20071010
017,DON VALLEY WEST,2,0,8,4,66,"Toronto",464, ,0,0,0,80,145,"Gateway Public School",20071010
017,DON VALLEY WEST,23,0,33,7,106,"Toronto",465, ,0,3,0,172,392,"The Citadel",20071010
017,DON VALLEY WEST,23,0,34,5,148,"Toronto",466, ,2,1,0,213,500,"Gateway Public School",20071010
017,DON VALLEY WEST,27,2,65,8,172,"Toronto",467, ,2,1,0,277,553,"Linkwood Village Recreation Centre",20071010
017,DON VALLEY WEST,14,1,53,10,80,"Toronto",468, ,0,0,0,158,307,"21 Overlea Boulevard",20071010
017,DON VALLEY WEST,4,0,34,4,58,"Toronto",469, ,1,0,0,101,219,"21 Overlea Boulevard",20071010
017,DON VALLEY WEST,11,1,24,1,152,"Toronto",470, ,5,1,0,195,276,"The Overlea",20071010
017,DON VALLEY WEST,2,1,59,1,137,"Toronto",471, ,1,0,0,201,468,"Thorncliffe Park Elementary School",20071010
017,DON VALLEY WEST,8,0,37,2,128,"Toronto",472, ,3,0,0,178,397,"Thorncliffe Park Elementary School",20071010
017,DON VALLEY WEST,7,1,21,3,93,"Toronto",473, ,0,0,0,125,285,"Jenner-Jean Marie Community Centre",20071010
017,DON VALLEY WEST,8,3,84,0,112,"Toronto",474, ,2,0,0,209,429,"Jenner-Jean Marie Community Centre",20071010
017,DON VALLEY WEST,8,1,22,2,100,"Toronto",475, ,1,2,0,136,344,"Thorncliffe Park Elementary School",20071010
017,DON VALLEY WEST,7,0,49,15,94,"Toronto",476, ,0,0,0,165,323,"Leaside Memorial Gardens",20071010
017,DON VALLEY WEST,5,0,16,6,37,"Toronto",477, ,0,0,0,64,161,"The Overlea",20071010
017,DON VALLEY WEST,8,2,39,2,129,"Toronto",478, ,1,0,0,181,346,"Greek Community of Metro Toronto",20071010
017,DON VALLEY WEST,13,2,46,3,132,"Toronto",479, ,1,1,0,198,560,"Greek Community of Metro Toronto",20071010
017,DON VALLEY WEST,13,1,38,9,149,"Toronto",480, ,1,0,0,211,598,"Jenner-Jean Marie Community Centre",20071010
017,DON VALLEY WEST,19,1,44,2,119,"Toronto",481, ,2,0,0,187,505,"Jenner-Jean Marie Community Centre",20071010
017,DON VALLEY WEST,1,0,67,6,87,"Toronto",482, ,0,0,0,161,236,"Highgate Reception Centre",20071010
017,DON VALLEY WEST,66,2,804,75,835,"Toronto",Advanced Polls /  ADV001, ,3,3,0,1788,0,"Returning Office / Bureau du directeur du scrutin",20071010
017,DON VALLEY WEST,37,3,336,41,399,"Toronto",Advanced Polls /  ADV002, ,0,3,5,824,0,"The Sherwood",20071010
017,DON VALLEY WEST,34,1,533,64,702,"Toronto",Advanced Polls /  ADV003, ,5,1,0,1340,0,"Leaside Public Library",20071010
017,DON VALLEY WEST,18,2,59,15,427,"Toronto",Advanced Polls /  ADV004, ,6,0,1,528,0,"Dennis R. Timbrell Resource Centre",20071010
017,DON VALLEY WEST,38,2,119,13,558,"Toronto",Advanced Polls /  ADV005, ,6,1,1,738,0,"Jenner-Jean Marie Community Centre",20071010
017,DON VALLEY WEST,9,8,550,25,303,"Toronto",Advanced Polls /  ADV006, ,1,3,0,899,0,"Trinity Presbyterian Church",20071010
TOTALS:, ,2138,183,18156,2202,23080, , , , , , , , , , 
