ED_CODE,ED_NAME,COOK,DEVRIES,HICKS,JOHNSTONE,JOLLEY,MURDOCH,PLACE_NAME,POLL_NUMBER,RURAL_INDICATOR,REJECTED,UNMARKED,DECLINED,VOTER_TURNOUT,ELECTORS,POLL_LOCATION,POLL_DATE
010,BRUCE--GREY--OWEN SOUND,1,0,16,0,21,35,"Northern Bruce Peninsula",001, ,1,0,0,74,110,"St. Edmunds Community Centre",20071010
010,BRUCE--GREY--OWEN SOUND,0,0,14,5,40,24,"Northern Bruce Peninsula",002, ,0,0,0,83,97,"St. Edmunds Community Centre",20071010
010,BRUCE--GREY--OWEN SOUND,0,1,19,5,56,55,"Northern Bruce Peninsula",003, ,2,0,0,138,185,"St. Edmunds Community Centre",20071010
010,BRUCE--GREY--OWEN SOUND,0,0,17,12,49,37,"Northern Bruce Peninsula",004, ,0,1,0,116,186,"St. Edmunds Community Centre",20071010
010,BRUCE--GREY--OWEN SOUND,0,0,20,7,49,55,"Northern Bruce Peninsula",005, ,0,0,1,132,209,"Lindsay Hall",20071010
010,BRUCE--GREY--OWEN SOUND,0,0,18,1,32,46,"Northern Bruce Peninsula",006, ,0,0,0,97,161,"St. Edmunds Community Centre",20071010
010,BRUCE--GREY--OWEN SOUND,1,0,16,8,45,66,"Northern Bruce Peninsula",007, ,1,0,0,137,195,"Lindsay Hall",20071010
010,BRUCE--GREY--OWEN SOUND,0,0,14,3,46,23,"Northern Bruce Peninsula",008, ,0,0,0,86,285,"Lindsay Hall",20071010
010,BRUCE--GREY--OWEN SOUND,0,0,3,0,2,16,"Northern Bruce Peninsula",009s, ,1,1,0,23,66,"Golden Dawn Senior Citizen Home",20071010
010,BRUCE--GREY--OWEN SOUND,1,3,24,4,52,96,"Lion's Head",010, ,0,0,0,180,266,"Rotary Hall",20071010
010,BRUCE--GREY--OWEN SOUND,..........................NO POLL HELD........................,,,,,,"Lion's Head",011s, ,0,0,0,0,0,"",20071010
010,BRUCE--GREY--OWEN SOUND,0,0,20,3,48,78,"Lion's Head",012, ,0,0,0,149,333,"Rotary Hall",20071010
010,BRUCE--GREY--OWEN SOUND,0,0,17,2,39,62,"Lion's Head",013, ,2,0,0,122,251,"Rotary Hall",20071010
010,BRUCE--GREY--OWEN SOUND,0,3,14,5,67,97,"Lion's Head",014, ,0,0,0,186,329,"Rotary Hall",20071010
010,BRUCE--GREY--OWEN SOUND,0,1,19,11,90,5,"Cape Crocker",015, ,0,0,0,126,498,"Chippewa-Nawash Community Centre",20071010
010,BRUCE--GREY--OWEN SOUND,0,0,29,4,45,47,"Lion's Head",016, ,1,1,0,127,217,"Rotary Hall",20071010
010,BRUCE--GREY--OWEN SOUND,1,1,25,1,43,76,"Oliphant",017, ,0,0,0,147,244,"Oliphant Women's Institute Hall",20071010
010,BRUCE--GREY--OWEN SOUND,0,0,9,3,16,34,"Oliphant",018, ,0,0,0,62,98,"Oliphant Women's Institute Hall",20071010
010,BRUCE--GREY--OWEN SOUND,0,2,17,8,30,83,"Wiarton",019, ,0,0,0,140,297,"Royal Canadian Legion - Branch 208",20071010
010,BRUCE--GREY--OWEN SOUND,0,0,27,15,44,76,"Wiarton",020, ,0,0,0,162,331,"Royal Canadian Legion - Branch 208",20071010
010,BRUCE--GREY--OWEN SOUND,1,0,16,6,47,60,"Wiarton",021, ,0,0,0,130,209,"Salvation Army",20071010
010,BRUCE--GREY--OWEN SOUND,2,0,19,13,56,73,"Wiarton",022, ,0,0,0,163,312,"Salvation Army",20071010
010,BRUCE--GREY--OWEN SOUND,1,3,20,2,79,69,"Kemble",023, ,0,0,0,174,258,"Kemble and District Arena",20071010
010,BRUCE--GREY--OWEN SOUND,0,0,4,2,19,28,"Oliphant",024, ,0,0,0,53,158,"Oliphant Women's Institute Hall",20071010
010,BRUCE--GREY--OWEN SOUND,0,0,5,8,10,26,"Wiarton",025, ,0,0,0,49,131,"Royal Canadian Legion - Branch 208",20071010
010,BRUCE--GREY--OWEN SOUND,0,0,13,3,30,27,"Wiarton",026, ,0,0,0,73,147,"Royal Canadian Legion - Branch 208",20071010
010,BRUCE--GREY--OWEN SOUND,0,1,11,3,31,47,"Wiarton",027, ,0,0,0,93,260,"Royal Canadian Legion - Branch 208",20071010
010,BRUCE--GREY--OWEN SOUND,1,3,23,7,53,49,"Wiarton",028, ,0,0,2,138,297,"Peninsula Shores District School",20071010
010,BRUCE--GREY--OWEN SOUND,0,2,16,1,38,41,"Wiarton",029, ,0,0,0,98,272,"Peninsula Shores District School",20071010
010,BRUCE--GREY--OWEN SOUND,......................COMBINED WITH POLL 028 ....................,,,,,,"Wiarton",030s, ,,,,,,"New Horizons",20071010
010,BRUCE--GREY--OWEN SOUND,0,0,8,4,29,35,"Wiarton",031, ,1,0,0,77,199,"Peninsula Shores District School",20071010
010,BRUCE--GREY--OWEN SOUND,1,1,15,4,49,42,"Wiarton",032, ,0,0,0,112,288,"Peninsula Shores District School",20071010
010,BRUCE--GREY--OWEN SOUND,..........................NO POLL HELD........................,,,,,,"South Bruce Peninsula",033s, ,0,0,0,0,0,"",20071010
010,BRUCE--GREY--OWEN SOUND,1,0,11,5,55,52,"Wiarton",034, ,0,0,0,124,279,"Salvation Army",20071010
010,BRUCE--GREY--OWEN SOUND,0,0,3,0,6,12,"South Bruce Peninsula",035s, ,0,0,0,21,100,"Gateway Haven",20071010
010,BRUCE--GREY--OWEN SOUND,0,1,22,8,37,72,"Wiarton",036, ,2,1,0,143,290,"Salvation Army",20071010
010,BRUCE--GREY--OWEN SOUND,0,2,15,4,8,30,"Wiarton",037, ,0,0,0,59,137,"Royal Canadian Legion - Branch 208",20071010
010,BRUCE--GREY--OWEN SOUND,2,1,24,7,69,83,"Wiarton",038, ,0,0,0,186,439,"Salvation Army",20071010
010,BRUCE--GREY--OWEN SOUND,1,1,23,6,106,89,"Kemble",039, ,0,0,0,226,412,"Kemble and District Arena",20071010
010,BRUCE--GREY--OWEN SOUND,0,0,6,3,92,80,"Owen Sound",040, ,0,0,0,181,306,"Woodford Community Centre",20071010
010,BRUCE--GREY--OWEN SOUND,0,0,18,1,55,67,"Meaford",041, ,0,0,0,141,212,"Meaford and St. Vincent Community Centre",20071010
010,BRUCE--GREY--OWEN SOUND,0,2,22,10,33,60,"Sauble Beach",042, ,0,1,0,128,252,"Amabel-Sauble Community School",20071010
010,BRUCE--GREY--OWEN SOUND,0,0,23,6,27,47,"Sauble Beach",043, ,0,1,0,104,170,"Amabel-Sauble Community School",20071010
010,BRUCE--GREY--OWEN SOUND,0,2,24,7,61,78,"Sauble Beach",044, ,1,0,0,173,259,"Amabel-Sauble Community School",20071010
010,BRUCE--GREY--OWEN SOUND,0,9,24,9,44,101,"Sauble Beach",045, ,2,1,0,190,288,"Amabel-Sauble Community School",20071010
010,BRUCE--GREY--OWEN SOUND,1,1,7,0,44,72,"Shallow Lake",046, ,0,0,0,125,285,"Shallow Lake Community Centre",20071010
010,BRUCE--GREY--OWEN SOUND,0,3,21,8,45,76,"Shallow Lake",047, ,1,0,0,154,305,"Shallow Lake Community Centre",20071010
010,BRUCE--GREY--OWEN SOUND,0,11,41,5,104,139,"Shallow Lake",048, ,0,0,0,300,544,"United Church of Canada",20071010
010,BRUCE--GREY--OWEN SOUND,0,1,20,0,53,53,"Owen Sound",049, ,0,0,0,127,211,"Community Church of Christ",20071010
010,BRUCE--GREY--OWEN SOUND,3,0,36,13,166,109,"Kemble",050, ,1,0,0,328,564,"Kemble and District Arena",20071010
010,BRUCE--GREY--OWEN SOUND,0,3,28,2,112,74,"Owen Sound",051, ,1,0,0,220,391,"Notre Dame Catholic School",20071010
010,BRUCE--GREY--OWEN SOUND,0,2,25,10,91,16,"Southampton",052, ,0,0,1,145,382,"James Mason Memorial Culture and Recreation Centre",20071010
010,BRUCE--GREY--OWEN SOUND,0,1,27,0,31,63,"Sauble Beach",053, ,0,0,0,122,183,"Amabel-Sauble Community School",20071010
010,BRUCE--GREY--OWEN SOUND,0,1,19,10,22,32,"Sauble Beach",054, ,0,1,0,85,141,"Amabel-Sauble Community School",20071010
010,BRUCE--GREY--OWEN SOUND,0,0,24,6,18,41,"Sauble Beach",055, ,0,0,0,89,141,"Amabel-Sauble Community School",20071010
010,BRUCE--GREY--OWEN SOUND,0,7,21,9,61,108,"Shallow Lake",056, ,0,1,0,207,365,"Shallow Lake Community Centre",20071010
010,BRUCE--GREY--OWEN SOUND,2,1,19,7,58,64,"Shallow Lake",057, ,0,0,1,152,347,"Shallow Lake Community Centre",20071010
010,BRUCE--GREY--OWEN SOUND,1,8,32,6,87,118,"Shallow Lake",058, ,0,0,0,252,412,"United Church of Canada",20071010
010,BRUCE--GREY--OWEN SOUND,0,4,28,3,104,131,"Owen Sound",059, ,2,1,0,273,432,"Community Church of Christ",20071010
010,BRUCE--GREY--OWEN SOUND,0,0,26,7,66,66,"Owen Sound",060, ,0,0,0,165,284,"Community Church of Christ",20071010
010,BRUCE--GREY--OWEN SOUND,0,0,16,1,70,46,"Owen Sound",061, ,0,0,0,133,308,"Community Church of Christ",20071010
010,BRUCE--GREY--OWEN SOUND,..........................NO POLL HELD........................,,,,,,"Owen Sound",062s, ,0,0,0,0,0,"",20071010
010,BRUCE--GREY--OWEN SOUND,0,3,16,2,44,45,"Owen Sound",063, ,0,0,0,110,229,"Community Church of Christ",20071010
010,BRUCE--GREY--OWEN SOUND,0,1,15,6,70,87,"Owen Sound",064, ,0,0,0,179,374,"Community Church of Christ",20071010
010,BRUCE--GREY--OWEN SOUND,0,0,11,3,32,31,"Owen Sound",065, ,0,0,0,77,193,"Notre Dame Catholic School",20071010
010,BRUCE--GREY--OWEN SOUND,1,1,18,13,88,80,"Owen Sound",066, ,0,0,0,201,416,"Notre Dame Catholic School",20071010
010,BRUCE--GREY--OWEN SOUND,1,2,17,12,96,96,"Owen Sound",067, ,0,1,0,225,534,"Notre Dame Catholic School",20071010
010,BRUCE--GREY--OWEN SOUND,0,0,5,1,44,18,"Owen Sound",068, ,0,0,0,68,207,"Woodford Community Centre",20071010
010,BRUCE--GREY--OWEN SOUND,0,0,19,7,113,116,"Meaford",069, ,0,0,0,255,420,"Meaford and St. Vincent Community Centre",20071010
010,BRUCE--GREY--OWEN SOUND,0,0,26,0,57,65,"Meaford",070, ,0,0,0,148,259,"Meaford Hall",20071010
010,BRUCE--GREY--OWEN SOUND,1,0,19,3,107,100,"Meaford",071, ,0,0,0,230,341,"Meaford and St. Vincent Community Centre",20071010
010,BRUCE--GREY--OWEN SOUND,0,0,12,1,33,33,"Meaford",072, ,1,0,0,80,238,"Meaford Hall",20071010
010,BRUCE--GREY--OWEN SOUND,0,0,9,1,6,34,"Meaford",073s, ,0,2,0,52,91,"Meaford Long Term Care Centre",20071010
010,BRUCE--GREY--OWEN SOUND,..........................NO POLL HELD........................,,,,,,"Meaford",074s, ,0,0,0,0,0,"",20071010
010,BRUCE--GREY--OWEN SOUND,1,0,15,7,83,51,"Meaford",075, ,0,1,0,158,299,"Meaford Hall",20071010
010,BRUCE--GREY--OWEN SOUND,1,1,17,2,43,56,"Meaford",076, ,0,0,1,121,208,"Meaford Hall",20071010
010,BRUCE--GREY--OWEN SOUND,0,1,18,6,42,60,"Meaford",077, ,0,0,0,127,316,"Meaford Hall",20071010
010,BRUCE--GREY--OWEN SOUND,0,1,20,8,49,45,"Meaford",078, ,0,3,0,126,224,"Meaford Hall",20071010
010,BRUCE--GREY--OWEN SOUND,1,3,25,7,67,106,"Meaford",079, ,0,1,0,210,345,"Meaford and St. Vincent Community Centre",20071010
010,BRUCE--GREY--OWEN SOUND,0,0,18,2,81,64,"Meaford",080, ,0,0,0,165,267,"Meaford Hall",20071010
010,BRUCE--GREY--OWEN SOUND,1,0,11,5,72,42,"Meaford",081, ,0,0,0,131,265,"Meaford and St. Vincent Community Centre",20071010
010,BRUCE--GREY--OWEN SOUND,0,0,6,5,82,83,"Meaford",082, ,1,0,0,177,324,"Georgian Bay Secondary School",20071010
010,BRUCE--GREY--OWEN SOUND,0,0,10,2,77,44,"Meaford",083, ,0,1,0,134,295,"Georgian Bay Secondary School",20071010
010,BRUCE--GREY--OWEN SOUND,1,1,28,5,71,62,"Meaford",084, ,1,0,0,169,321,"Georgian Bay Secondary School",20071010
010,BRUCE--GREY--OWEN SOUND,1,0,21,4,84,85,"Meaford",085, ,0,0,0,195,360,"Georgian Bay Secondary School",20071010
010,BRUCE--GREY--OWEN SOUND,0,4,21,11,37,60,"Allenford",086, ,0,0,0,133,261,"Allenford Curling Club",20071010
010,BRUCE--GREY--OWEN SOUND,1,1,17,2,40,80,"Allenford",087, ,0,0,1,142,233,"Allenford Curling Club",20071010
010,BRUCE--GREY--OWEN SOUND,0,8,19,7,80,141,"Shallow Lake",088, ,2,0,0,257,456,"United Church of Canada",20071010
010,BRUCE--GREY--OWEN SOUND,0,1,17,6,102,110,"Owen Sound",089, ,1,1,0,238,441,"West Hill Secondary School",20071010
010,BRUCE--GREY--OWEN SOUND,0,1,19,7,71,64,"Owen Sound",090, ,0,0,0,162,236,"Crossroads Victory Church",20071010
010,BRUCE--GREY--OWEN SOUND,0,2,16,3,84,54,"Owen Sound",091, ,0,0,0,159,305,"Crossroads Victory Church",20071010
010,BRUCE--GREY--OWEN SOUND,0,0,15,8,66,47,"Owen Sound",092, ,0,0,0,136,245,"West Hill Secondary School",20071010
010,BRUCE--GREY--OWEN SOUND,0,3,18,5,43,54,"Owen Sound",093, ,0,0,0,123,134,"West Hill Secondary School",20071010
010,BRUCE--GREY--OWEN SOUND,0,1,26,11,99,42,"Owen Sound",094, ,0,0,0,179,286,"Crossroads Victory Church",20071010
010,BRUCE--GREY--OWEN SOUND,0,0,22,4,54,87,"Owen Sound",095, ,0,0,0,167,409,"West Hill Secondary School",20071010
010,BRUCE--GREY--OWEN SOUND,0,3,13,4,40,68,"Owen Sound",096, ,0,0,0,128,364,"West Hill Secondary School",20071010
010,BRUCE--GREY--OWEN SOUND,1,0,19,3,57,78,"Owen Sound",097, ,0,0,0,158,279,"Crossroads Victory Church",20071010
010,BRUCE--GREY--OWEN SOUND,0,0,29,4,140,62,"Owen Sound",098, ,0,2,0,237,376,"West Hill Secondary School",20071010
010,BRUCE--GREY--OWEN SOUND,0,1,32,5,80,39,"Owen Sound",099, ,0,0,0,157,275,"Lutheran Church of Our Saviour",20071010
010,BRUCE--GREY--OWEN SOUND,0,0,21,2,67,63,"Owen Sound",100, ,1,0,0,154,255,"Crossroads Victory Church",20071010
010,BRUCE--GREY--OWEN SOUND,0,2,27,7,77,61,"Owen Sound",101, ,0,0,0,174,242,"Royal Canadian Legion - Branch 6",20071010
010,BRUCE--GREY--OWEN SOUND,0,2,19,8,65,77,"Owen Sound",102, ,1,0,0,172,325,"Royal Canadian Legion - Branch 6",20071010
010,BRUCE--GREY--OWEN SOUND,0,1,30,3,112,69,"Owen Sound",103, ,1,0,0,216,335,"South End Fellowship Church",20071010
010,BRUCE--GREY--OWEN SOUND,0,1,1,2,3,15,"Owen Sound",104s, ,0,1,0,23,64,"Kelso Pines Retirement Home",20071010
010,BRUCE--GREY--OWEN SOUND,0,1,21,6,80,53,"Owen Sound",105, ,1,0,0,162,316,"Lutheran Church of Our Saviour",20071010
010,BRUCE--GREY--OWEN SOUND,0,1,9,5,76,44,"Owen Sound",106, ,1,0,0,136,276,"St. Andrew's Presbyterian Church",20071010
010,BRUCE--GREY--OWEN SOUND,1,0,0,1,0,10,"Owen Sound",107s, ,0,0,0,12,29,"Mapleview Nursing Home",20071010
010,BRUCE--GREY--OWEN SOUND,0,0,18,8,76,42,"Owen Sound",108, ,0,0,0,144,273,"Hillcrest Elementary School",20071010
010,BRUCE--GREY--OWEN SOUND,0,6,38,5,120,81,"Owen Sound",109, ,1,0,0,251,470,"Hillcrest Elementary School",20071010
010,BRUCE--GREY--OWEN SOUND,1,1,15,1,26,43,"Owen Sound",110s, ,0,2,0,89,123,"Kelso Villa Retirement Home",20071010
010,BRUCE--GREY--OWEN SOUND,0,0,30,5,67,66,"Owen Sound",111, ,1,0,0,169,329,"Crossroads Victory Church",20071010
010,BRUCE--GREY--OWEN SOUND,1,1,8,2,7,29,"Owen Sound",112s, ,1,1,0,50,98,"Hannah Walker/John Joseph Place",20071010
010,BRUCE--GREY--OWEN SOUND,1,1,9,2,96,30,"Owen Sound",113, ,0,0,0,139,271,"Hillcrest Elementary School",20071010
010,BRUCE--GREY--OWEN SOUND,0,0,9,7,56,41,"Owen Sound",114, ,1,0,0,114,200,"Lutheran Church of Our Saviour",20071010
010,BRUCE--GREY--OWEN SOUND,1,0,8,1,2,5,"Hanover",115s, ,0,0,0,17,66,"The Village Seniors Community",20071010
010,BRUCE--GREY--OWEN SOUND,0,5,18,2,102,74,"Owen Sound",116, ,0,0,0,201,257,"Hillcrest Elementary School",20071010
010,BRUCE--GREY--OWEN SOUND,0,0,7,6,29,16,"Owen Sound",117, ,1,0,0,59,195,"St. Andrew's Presbyterian Church",20071010
010,BRUCE--GREY--OWEN SOUND,0,0,10,3,16,17,"Owen Sound",118, ,0,0,0,46,121,"St. George's Anglican Church",20071010
010,BRUCE--GREY--OWEN SOUND,0,3,25,5,76,35,"Owen Sound",119, ,2,1,0,147,307,"St. Andrew's Presbyterian Church",20071010
010,BRUCE--GREY--OWEN SOUND,0,2,2,0,2,7,"Owen Sound",120s, ,1,0,0,14,37,"Second Avenue Lodge",20071010
010,BRUCE--GREY--OWEN SOUND,0,0,11,3,17,21,"Owen Sound",121s, ,0,0,0,52,90,"St. Francis Place",20071010
010,BRUCE--GREY--OWEN SOUND,0,1,7,3,33,24,"Owen Sound",122, ,0,0,0,68,162,"St. George's Anglican Church",20071010
010,BRUCE--GREY--OWEN SOUND,0,1,12,2,18,33,"Owen Sound",123s, ,0,1,0,67,123,"Central Place",20071010
010,BRUCE--GREY--OWEN SOUND,0,1,22,2,76,35,"Owen Sound",124, ,1,2,0,139,219,"Rockcliffe Gospel Temple",20071010
010,BRUCE--GREY--OWEN SOUND,0,0,16,2,82,25,"Owen Sound",125, ,0,0,0,125,275,"St. Andrew's Presbyterian Church",20071010
010,BRUCE--GREY--OWEN SOUND,1,0,15,9,35,34,"Owen Sound",126, ,1,0,0,95,222,"St. George's Anglican Church",20071010
010,BRUCE--GREY--OWEN SOUND,0,0,12,8,50,26,"Owen Sound",127, ,0,1,0,97,209,"St. Andrew's Presbyterian Church",20071010
010,BRUCE--GREY--OWEN SOUND,0,1,14,5,54,24,"Owen Sound",128, ,0,0,0,98,205,"St. George's Anglican Church",20071010
010,BRUCE--GREY--OWEN SOUND,1,0,12,4,109,60,"Owen Sound",129, ,2,1,0,189,325,"Alliance Church",20071010
010,BRUCE--GREY--OWEN SOUND,2,1,13,3,40,35,"Owen Sound",130, ,0,0,0,94,233,"St. George's Anglican Church",20071010
010,BRUCE--GREY--OWEN SOUND,0,1,10,9,81,48,"Owen Sound",131, ,1,0,0,150,298,"Bayview Public School",20071010
010,BRUCE--GREY--OWEN SOUND,0,0,17,7,59,33,"Owen Sound",132, ,0,0,0,116,263,"Alexandra Community Elementary School",20071010
010,BRUCE--GREY--OWEN SOUND,0,0,22,8,71,34,"Owen Sound",133, ,0,0,0,135,246,"Bayview Public School",20071010
010,BRUCE--GREY--OWEN SOUND,0,0,25,4,133,84,"Owen Sound",134, ,1,0,0,247,384,"Alliance Church",20071010
010,BRUCE--GREY--OWEN SOUND,0,0,8,4,11,19,"Owen Sound",135s, ,0,0,0,42,86,"Twin Pines Apartments",20071010
010,BRUCE--GREY--OWEN SOUND,0,1,27,3,38,46,"Owen Sound",136, ,1,0,0,116,165,"Alliance Church",20071010
010,BRUCE--GREY--OWEN SOUND,1,0,26,5,78,59,"Owen Sound",137, ,0,1,0,170,321,"Alexandra Community Elementary School",20071010
010,BRUCE--GREY--OWEN SOUND,0,1,20,5,47,82,"Owen Sound",138, ,0,0,0,155,311,"Alexandra Community Elementary School",20071010
010,BRUCE--GREY--OWEN SOUND,0,0,21,15,70,90,"Owen Sound",139, ,2,0,0,198,377,"Alexandra Community Elementary School",20071010
010,BRUCE--GREY--OWEN SOUND,0,1,1,0,0,6,"Owen Sound",140s, ,0,4,1,13,15,"Inglewood Villa",20071010
010,BRUCE--GREY--OWEN SOUND,0,1,28,6,61,78,"Owen Sound",141, ,1,0,0,175,328,"Owen Sound Collegiate and Vocational Institute",20071010
010,BRUCE--GREY--OWEN SOUND,0,0,18,1,17,49,"Owen Sound",142s, ,1,2,1,89,214,"Summit Place Retirement Residence",20071010
010,BRUCE--GREY--OWEN SOUND,0,0,6,2,8,24,"Owen Sound",143s, ,0,2,1,43,143,"Lee Manor",20071010
010,BRUCE--GREY--OWEN SOUND,0,7,29,3,113,108,"Owen Sound",144, ,2,0,0,262,393,"Alliance Church",20071010
010,BRUCE--GREY--OWEN SOUND,0,0,13,10,43,45,"Owen Sound",145, ,0,0,0,111,156,"Notre Dame Catholic School",20071010
010,BRUCE--GREY--OWEN SOUND,1,1,12,5,35,34,"Owen Sound",146, ,0,0,0,88,289,"Alexandra Community Elementary School",20071010
010,BRUCE--GREY--OWEN SOUND,1,0,0,1,3,9,"Owen Sound",147s, ,3,3,0,20,36,"Georgian Heights",20071010
010,BRUCE--GREY--OWEN SOUND,0,0,19,1,28,38,"Owen Sound",148, ,0,0,0,86,272,"Owen Sound Collegiate and Vocational Institute",20071010
010,BRUCE--GREY--OWEN SOUND,0,0,17,8,59,55,"Owen Sound",149, ,0,0,0,139,308,"Owen Sound Collegiate and Vocational Institute",20071010
010,BRUCE--GREY--OWEN SOUND,..........................NO POLL HELD........................,,,,,,"Owen Sound",150s, ,0,0,0,0,0,"",20071010
010,BRUCE--GREY--OWEN SOUND,1,1,16,8,61,63,"Owen Sound",151, ,0,0,0,150,311,"Owen Sound Collegiate and Vocational Institute",20071010
010,BRUCE--GREY--OWEN SOUND,2,1,29,15,49,61,"Owen Sound",152, ,0,0,0,157,335,"Owen Sound Collegiate and Vocational Institute",20071010
010,BRUCE--GREY--OWEN SOUND,0,3,26,8,81,87,"Owen Sound",153, ,0,0,0,205,376,"Owen Sound Collegiate and Vocational Institute",20071010
010,BRUCE--GREY--OWEN SOUND,0,0,10,1,71,61,"Owen Sound",154, ,0,1,0,144,263,"Woodford Community Centre",20071010
010,BRUCE--GREY--OWEN SOUND,0,0,17,1,108,76,"Meaford",155, ,0,0,0,202,327,"Meaford and St. Vincent Community Centre",20071010
010,BRUCE--GREY--OWEN SOUND,0,3,42,8,119,87,"Meaford",156, ,0,1,0,260,419,"Georgian Bay Secondary School",20071010
010,BRUCE--GREY--OWEN SOUND,2,12,20,4,54,104,"Tara",157, ,0,0,0,196,356,"Arran - Tara Community Centre",20071010
010,BRUCE--GREY--OWEN SOUND,5,1,21,2,83,147,"Tara",158, ,1,0,0,260,531,"Arran - Tara Community Centre",20071010
010,BRUCE--GREY--OWEN SOUND,1,2,21,3,120,170,"Owen Sound",159, ,0,0,0,317,541,"Rockcliffe Gospel Temple",20071010
010,BRUCE--GREY--OWEN SOUND,0,3,14,2,59,60,"Chatsworth",160, ,0,0,1,139,303,"Chatsworth Fire Hall",20071010
010,BRUCE--GREY--OWEN SOUND,2,3,4,5,78,108,"Chatsworth",161, ,0,1,0,201,425,"Chatsworth Fire Hall",20071010
010,BRUCE--GREY--OWEN SOUND,2,2,38,8,79,96,"Tara",162, ,0,0,0,225,383,"Arkwright Hall",20071010
010,BRUCE--GREY--OWEN SOUND,3,1,20,11,33,62,"Tara",163, ,0,1,0,131,253,"Arran - Tara Community Centre",20071010
010,BRUCE--GREY--OWEN SOUND,4,0,18,3,53,65,"Tara",164, ,0,0,0,143,281,"Arran - Tara Community Centre",20071010
010,BRUCE--GREY--OWEN SOUND,1,0,8,2,51,69,"Tara",165, ,1,0,0,132,297,"Arran - Tara Community Centre",20071010
010,BRUCE--GREY--OWEN SOUND,1,2,27,9,81,124,"Owen Sound",166, ,0,0,0,244,436,"South End Fellowship Church",20071010
010,BRUCE--GREY--OWEN SOUND,1,0,2,2,3,9,"Chatsworth",167s, ,0,1,0,18,37,"Country Lane Versa Care",20071010
010,BRUCE--GREY--OWEN SOUND,0,3,21,8,74,109,"Chatsworth",168, ,1,0,0,216,440,"Royal Canadian Legion Hall",20071010
010,BRUCE--GREY--OWEN SOUND,0,2,21,1,89,127,"Meaford",169, ,1,0,0,241,340,"Euphrasia Memorial Community Centre",20071010
010,BRUCE--GREY--OWEN SOUND,0,2,16,4,52,54,"Meaford",170, ,5,0,0,133,210,"Euphrasia Memorial Community Centre",20071010
010,BRUCE--GREY--OWEN SOUND,1,7,23,9,124,134,"Chatsworth",171, ,0,0,0,298,465,"Royal Canadian Legion Hall",20071010
010,BRUCE--GREY--OWEN SOUND,2,0,28,15,83,118,"Chatsworth",172, ,2,1,0,249,448,"Chatsworth Fire Hall",20071010
010,BRUCE--GREY--OWEN SOUND,0,1,36,11,108,92,"Chatsworth",173, ,1,1,0,250,419,"Royal Canadian Legion Hall",20071010
010,BRUCE--GREY--OWEN SOUND,0,2,17,7,87,148,"Chatsworth",174, ,0,0,0,261,483,"Holland-Chatsworth Central Elementary School",20071010
010,BRUCE--GREY--OWEN SOUND,0,0,23,2,78,76,"Meaford",175, ,0,1,0,180,334,"Euphrasia Memorial Community Centre",20071010
010,BRUCE--GREY--OWEN SOUND,3,2,19,5,48,72,"Tara",176, ,1,0,0,150,332,"Arran - Tara Community Centre",20071010
010,BRUCE--GREY--OWEN SOUND,1,6,22,5,75,97,"Tara",177, ,0,0,0,206,392,"Arran - Tara Community Centre",20071010
010,BRUCE--GREY--OWEN SOUND,0,3,9,5,33,50,"Chatsworth",178, ,0,0,0,100,179,"Holland-Chatsworth Central Elementary School",20071010
010,BRUCE--GREY--OWEN SOUND,0,2,19,13,53,65,"Chatsworth",179, ,0,0,0,152,235,"Holland-Chatsworth Central Elementary School",20071010
010,BRUCE--GREY--OWEN SOUND,0,1,19,21,66,111,"Chatsworth",180, ,0,0,0,218,400,"Holland-Chatsworth Central Elementary School",20071010
010,BRUCE--GREY--OWEN SOUND,1,4,6,4,34,55,"Chatsworth",181, ,0,0,0,104,368,"Holland-Chatsworth Central Elementary School",20071010
010,BRUCE--GREY--OWEN SOUND,1,1,21,6,25,83,"Grey Highlands",182, ,0,0,0,137,263,"Osprey Recreation Centre",20071010
010,BRUCE--GREY--OWEN SOUND,1,0,8,1,25,64,"Tara",183, ,0,0,0,99,208,"Arkwright Hall",20071010
010,BRUCE--GREY--OWEN SOUND,0,2,17,3,49,82,"Chesley",184, ,1,0,0,154,303,"Chesley Community Church",20071010
010,BRUCE--GREY--OWEN SOUND,0,12,15,7,83,107,"West Grey",185, ,0,1,0,225,474,"Dornoch Hall",20071010
010,BRUCE--GREY--OWEN SOUND,0,0,10,3,34,19,"Grey Highlands",186, ,0,0,0,66,126,"Beavercrest Community Elementary School",20071010
010,BRUCE--GREY--OWEN SOUND,0,0,15,2,32,71,"Grey Highlands",187, ,0,0,0,120,256,"Beavercrest Community Elementary School",20071010
010,BRUCE--GREY--OWEN SOUND,0,1,19,4,45,62,"Grey Highlands",188, ,0,0,0,131,263,"Beavercrest Community Elementary School",20071010
010,BRUCE--GREY--OWEN SOUND,1,0,30,3,82,67,"Grey Highlands",189, ,0,0,0,183,317,"Flesherton Kinplex Hall",20071010
010,BRUCE--GREY--OWEN SOUND,0,3,4,2,8,23,"Grey Highlands",190, ,0,0,0,40,85,"Osprey Recreation Centre",20071010
010,BRUCE--GREY--OWEN SOUND,0,2,28,5,59,130,"Grey Highlands",191, ,0,0,0,224,501,"Osprey Recreation Centre",20071010
010,BRUCE--GREY--OWEN SOUND,0,0,18,4,29,61,"Grey Highlands",192, ,0,0,0,112,219,"Osprey Recreation Centre",20071010
010,BRUCE--GREY--OWEN SOUND,0,0,16,4,7,36,"Grey Highlands",193, ,0,0,0,63,84,"Osprey Recreation Centre",20071010
010,BRUCE--GREY--OWEN SOUND,0,0,59,9,54,51,"Paisley",194, ,5,0,0,178,354,"Paisley Community Centre",20071010
010,BRUCE--GREY--OWEN SOUND,0,2,28,5,34,40,"Paisley",195, ,7,0,0,116,220,"Paisley Community Centre",20071010
010,BRUCE--GREY--OWEN SOUND,1,2,35,7,32,66,"Paisley",196, ,2,0,0,145,256,"Paisley Community Centre",20071010
010,BRUCE--GREY--OWEN SOUND,0,3,16,1,20,59,"Chesley",197, ,0,0,0,99,169,"Chesley Community Church",20071010
010,BRUCE--GREY--OWEN SOUND,0,0,1,1,4,20,"Chesley",198s, ,0,0,13,39,45,"Elgin Abbey Nursing Home",20071010
010,BRUCE--GREY--OWEN SOUND,1,8,34,8,72,111,"Chesley",199, ,0,0,0,234,277,"Chesley Community Church",20071010
010,BRUCE--GREY--OWEN SOUND,0,5,22,5,35,66,"Chesley",200, ,0,0,0,133,238,"Chesley Community Church",20071010
010,BRUCE--GREY--OWEN SOUND,3,2,33,9,34,88,"Chesley",201, ,0,0,0,169,311,"Chesley Community Church",20071010
010,BRUCE--GREY--OWEN SOUND,..........................NO POLL HELD........................,,,,,,"Chesley",202s, ,0,0,0,0,0,"",20071010
010,BRUCE--GREY--OWEN SOUND,0,0,3,0,0,11,"Chesley",203s, ,1,1,0,16,17,"Parkview Manor Health Care Centre",20071010
010,BRUCE--GREY--OWEN SOUND,0,3,21,7,42,76,"Chesley",204, ,0,0,0,149,290,"Chesley Community Church",20071010
010,BRUCE--GREY--OWEN SOUND,0,0,18,3,33,47,"Chesley",205, ,0,1,0,102,240,"Chesley Community Church",20071010
010,BRUCE--GREY--OWEN SOUND,1,2,21,8,42,58,"West Grey",206, ,1,0,0,133,356,"Dornoch Hall",20071010
010,BRUCE--GREY--OWEN SOUND,0,1,17,3,29,54,"Grey Highlands",207, ,0,0,0,104,245,"Beavercrest Community Elementary School",20071010
010,BRUCE--GREY--OWEN SOUND,..........................NO POLL HELD........................,,,,,,"Markdale",208s, ,0,0,0,0,0,"",20071010
010,BRUCE--GREY--OWEN SOUND,0,1,19,1,63,51,"Grey Highlands",209, ,0,0,0,135,387,"Beavercrest Community Elementary School",20071010
010,BRUCE--GREY--OWEN SOUND,0,0,8,4,1,24,"Grey Highlands",210s, ,0,0,0,37,69,"Grey Gables Lodge",20071010
010,BRUCE--GREY--OWEN SOUND,1,1,17,3,39,54,"Flesherton",211, ,1,0,0,116,332,"Macphail Memorial Elementary School",20071010
010,BRUCE--GREY--OWEN SOUND,0,0,9,2,16,17,"Grey Highlands",212, ,0,0,0,44,108,"Osprey Recreation Centre",20071010
010,BRUCE--GREY--OWEN SOUND,0,0,11,0,21,29,"Grey Highlands",213, ,0,0,0,61,144,"Osprey Recreation Centre",20071010
010,BRUCE--GREY--OWEN SOUND,1,0,20,12,11,66,"Grey Highlands",214, ,0,0,0,110,277,"Osprey Recreation Centre",20071010
010,BRUCE--GREY--OWEN SOUND,1,1,40,6,52,113,"Paisley",215, ,5,0,0,218,350,"Paisley Community Centre",20071010
010,BRUCE--GREY--OWEN SOUND,1,0,10,3,18,34,"Tara",216, ,0,0,0,66,436,"Arkwright Hall",20071010
010,BRUCE--GREY--OWEN SOUND,2,0,25,11,56,72,"West Grey",217, ,0,0,0,166,350,"Dornoch Hall",20071010
010,BRUCE--GREY--OWEN SOUND,0,14,29,12,88,118,"West Grey",218, ,0,0,0,261,567,"Dornoch Hall",20071010
010,BRUCE--GREY--OWEN SOUND,0,10,28,2,80,103,"Grey Highlands",219, ,0,0,0,223,462,"Beavercrest Community Elementary School",20071010
010,BRUCE--GREY--OWEN SOUND,0,2,21,5,33,76,"Flesherton",220, ,0,0,0,137,286,"Macphail Memorial Elementary School",20071010
010,BRUCE--GREY--OWEN SOUND,0,1,27,5,66,73,"Grey Highlands",221, ,0,0,0,172,296,"Flesherton Kinplex Hall",20071010
010,BRUCE--GREY--OWEN SOUND,6,2,16,7,51,114,"Grey Highlands",222, ,0,0,0,196,343,"Flesherton Kinplex Hall",20071010
010,BRUCE--GREY--OWEN SOUND,0,1,27,6,27,98,"Grey Highlands",223, ,0,0,0,159,349,"Osprey Recreation Centre",20071010
010,BRUCE--GREY--OWEN SOUND,0,0,20,7,25,76,"Hanover",224, ,1,0,0,129,259,"Grace United Church",20071010
010,BRUCE--GREY--OWEN SOUND,0,2,13,3,17,23,"Durham",225, ,3,0,0,61,91,"St. Peter's and St. Paul's Separate School",20071010
010,BRUCE--GREY--OWEN SOUND,0,5,25,2,53,119,"Durham",226, ,2,0,0,206,346,"Durham Town Hall",20071010
010,BRUCE--GREY--OWEN SOUND,0,11,16,2,34,49,"Grey Highlands",227, ,0,0,0,112,259,"Flesherton Kinplex Hall",20071010
010,BRUCE--GREY--OWEN SOUND,0,0,11,1,31,42,"Grey Highlands",228, ,0,0,0,85,168,"Flesherton Kinplex Hall",20071010
010,BRUCE--GREY--OWEN SOUND,0,0,26,9,52,96,"Grey Highlands",229, ,0,0,0,183,384,"Flesherton Kinplex Hall",20071010
010,BRUCE--GREY--OWEN SOUND,0,2,57,14,23,74,"Hanover",230, ,2,0,0,172,360,"James A. Magee Centre",20071010
010,BRUCE--GREY--OWEN SOUND,0,1,18,5,31,47,"West Grey",231, ,0,0,0,102,254,"Dornoch Hall",20071010
010,BRUCE--GREY--OWEN SOUND,2,1,38,7,25,115,"West Grey",232, ,0,0,0,188,443,"Durham Community Centre",20071010
010,BRUCE--GREY--OWEN SOUND,..........................NO POLL HELD........................,,,,,,"Durham",233s, ,0,0,0,0,0,"",20071010
010,BRUCE--GREY--OWEN SOUND,0,1,10,7,27,52,"Durham",234, ,1,0,0,98,187,"Durham Town Hall",20071010
010,BRUCE--GREY--OWEN SOUND,0,2,24,4,44,105,"Durham",235, ,0,0,0,179,291,"Durham Town Hall",20071010
010,BRUCE--GREY--OWEN SOUND,0,0,16,7,34,92,"West Grey",236, ,0,0,0,149,312,"Durham Community Centre",20071010
010,BRUCE--GREY--OWEN SOUND,1,1,19,3,27,70,"West Grey",237, ,0,0,0,121,235,"Durham Community Centre",20071010
010,BRUCE--GREY--OWEN SOUND,0,3,15,5,42,80,"Durham",238, ,0,1,0,146,256,"Durham Town Hall",20071010
010,BRUCE--GREY--OWEN SOUND,0,4,31,8,56,116,"Durham",239, ,2,0,0,217,341,"Durham Town Hall",20071010
010,BRUCE--GREY--OWEN SOUND,1,0,15,7,40,78,"West Grey",240, ,0,0,0,141,296,"Durham Community Centre",20071010
010,BRUCE--GREY--OWEN SOUND,1,0,2,1,3,30,"Durham",241s, ,0,0,0,37,101,"Rockwood Terrace",20071010
010,BRUCE--GREY--OWEN SOUND,0,0,3,2,14,42,"West Grey",242, ,1,0,1,63,112,"Durham Community Centre",20071010
010,BRUCE--GREY--OWEN SOUND,0,0,8,2,16,49,"Dundalk",243, ,0,1,0,76,111,"Dundalk Old Town Hall",20071010
010,BRUCE--GREY--OWEN SOUND,0,2,6,3,7,45,"Dundalk",244, ,0,0,0,63,157,"Hopeville Council Chambers",20071010
010,BRUCE--GREY--OWEN SOUND,3,3,21,4,26,70,"Dundalk",245, ,1,0,0,128,295,"Highpoint Community School",20071010
010,BRUCE--GREY--OWEN SOUND,1,0,19,8,21,77,"Dundalk",246, ,1,0,0,127,307,"Highpoint Community School",20071010
010,BRUCE--GREY--OWEN SOUND,1,4,24,7,25,74,"Dundalk",247, ,2,0,0,137,370,"Highpoint Community School",20071010
010,BRUCE--GREY--OWEN SOUND,0,0,29,7,37,82,"Dundalk",248, ,1,0,0,156,398,"Highpoint Community School",20071010
010,BRUCE--GREY--OWEN SOUND,1,4,50,3,31,44,"Hanover",249, ,0,1,0,134,294,"John Diefenbaker Secondary School",20071010
010,BRUCE--GREY--OWEN SOUND,0,3,45,5,27,52,"Hanover",250, ,0,0,0,132,307,"John Diefenbaker Secondary School",20071010
010,BRUCE--GREY--OWEN SOUND,0,4,31,6,27,61,"Hanover",251, ,0,0,0,129,310,"Grace United Church",20071010
010,BRUCE--GREY--OWEN SOUND,0,0,34,6,6,36,"Hanover",252, ,0,0,0,82,210,"Grace United Church",20071010
010,BRUCE--GREY--OWEN SOUND,..........................NO POLL HELD........................,,,,,,"Hanover",253s, ,0,0,0,0,0,"",20071010
010,BRUCE--GREY--OWEN SOUND,1,3,37,9,26,75,"Hanover",254, ,0,1,0,152,337,"Grace United Church",20071010
010,BRUCE--GREY--OWEN SOUND,1,10,27,7,22,45,"Hanover",255, ,0,0,0,112,293,"James A. Magee Centre",20071010
010,BRUCE--GREY--OWEN SOUND,0,3,29,5,20,49,"Hanover",256, ,0,0,0,106,301,"James A. Magee Centre",20071010
010,BRUCE--GREY--OWEN SOUND,0,1,34,10,20,72,"Hanover",257, ,0,3,0,140,315,"Grace United Church",20071010
010,BRUCE--GREY--OWEN SOUND,0,6,27,8,20,70,"Hanover",258, ,1,0,0,132,306,"Dawnview Public School",20071010
010,BRUCE--GREY--OWEN SOUND,0,1,66,10,17,77,"Hanover",259, ,0,0,0,171,352,"Dawnview Public School",20071010
010,BRUCE--GREY--OWEN SOUND,2,7,41,6,16,80,"Hanover",260, ,1,1,0,154,333,"James A. Magee Centre",20071010
010,BRUCE--GREY--OWEN SOUND,1,1,3,5,0,26,"Hanover",261s, ,1,0,0,37,67,"Hanover Care Centre",20071010
010,BRUCE--GREY--OWEN SOUND,0,0,40,6,19,76,"Hanover",262, ,0,1,0,142,299,"James A. Magee Centre",20071010
010,BRUCE--GREY--OWEN SOUND,0,5,73,9,27,104,"Hanover",263, ,0,0,0,218,488,"Dawnview Public School",20071010
010,BRUCE--GREY--OWEN SOUND,0,5,65,4,16,84,"Hanover",264, ,1,1,0,176,308,"James A. Magee Centre",20071010
010,BRUCE--GREY--OWEN SOUND,0,4,42,9,33,69,"Hanover",265, ,1,0,0,158,291,"Dawnview Public School",20071010
010,BRUCE--GREY--OWEN SOUND,0,10,24,9,34,71,"Hanover",266, ,0,0,0,148,366,"Dawnview Public School",20071010
010,BRUCE--GREY--OWEN SOUND,0,1,20,8,45,51,"Ayton",267, ,0,0,0,125,363,"Normanby Township Arena Complex",20071010
010,BRUCE--GREY--OWEN SOUND,2,4,30,7,52,86,"Holstein",268, ,0,0,0,181,350,"Egremont Optimist Community Centre",20071010
010,BRUCE--GREY--OWEN SOUND,1,2,25,8,58,132,"Neustadt",269, ,1,0,0,227,433,"Neustadt Community Hall",20071010
010,BRUCE--GREY--OWEN SOUND,0,7,29,9,35,73,"Neustadt",270, ,0,0,0,153,324,"Neustadt Community Hall",20071010
010,BRUCE--GREY--OWEN SOUND,3,3,31,6,42,119,"Ayton",271, ,0,0,0,204,359,"Normanby Township Arena Complex",20071010
010,BRUCE--GREY--OWEN SOUND,0,5,16,3,21,50,"Ayton",272, ,0,0,2,97,166,"Normanby Township Arena Complex",20071010
010,BRUCE--GREY--OWEN SOUND,0,1,46,11,73,179,"Holstein",273, ,0,1,0,311,381,"Egremont Optimist Community Centre",20071010
010,BRUCE--GREY--OWEN SOUND,1,1,19,8,26,63,"Dundalk",274, ,0,0,0,118,271,"Hopeville Council Chambers",20071010
010,BRUCE--GREY--OWEN SOUND,2,6,21,8,24,53,"Dundalk",275, ,0,0,0,114,348,"Hopeville Council Chambers",20071010
010,BRUCE--GREY--OWEN SOUND,0,2,18,5,20,66,"Neustadt",276, ,3,0,0,114,355,"Neustadt Community Hall",20071010
010,BRUCE--GREY--OWEN SOUND,0,3,18,4,17,36,"Holstein",277, ,0,0,0,78,173,"Egremont Optimist Community Centre",20071010
010,BRUCE--GREY--OWEN SOUND,0,3,9,11,14,63,"Dundalk",278, ,1,0,0,101,265,"Dundalk Old Town Hall",20071010
010,BRUCE--GREY--OWEN SOUND,0,3,22,4,30,113,"Neustadt",279, ,1,2,0,175,335,"Neustadt Community Hall",20071010
010,BRUCE--GREY--OWEN SOUND,0,3,15,10,32,110,"Holstein",280, ,0,0,1,171,327,"Egremont Optimist Community Centre",20071010
010,BRUCE--GREY--OWEN SOUND,1,4,48,9,19,99,"Holstein",281, ,0,1,0,181,346,"Egremont Optimist Community Centre",20071010
010,BRUCE--GREY--OWEN SOUND,2,1,39,6,41,49,"Owen Sound",400, ,0,0,0,138,254,"Parkway Apartments",20071010
010,BRUCE--GREY--OWEN SOUND,3,4,37,9,5,65,"Hanover",401, ,2,0,0,125,210,"The Village Seniors Community",20071010
010,BRUCE--GREY--OWEN SOUND,0,1,10,2,9,23,"Hanover",402, ,1,0,0,46,129,"Dawnview Public School",20071010
010,BRUCE--GREY--OWEN SOUND,5,16,413,93,692,1127,"Owen Sound",Advanced Polls /  ADV001, ,7,2,0,2355,0,"Returning Office / Bureau du directeur du scrutin",20071010
010,BRUCE--GREY--OWEN SOUND,1,9,122,41,174,417,"Markdale",Advanced Polls /  ADV002, ,3,0,1,768,0,"Satellite Office / Bureau satellite",20071010
010,BRUCE--GREY--OWEN SOUND,1,0,41,20,131,203,"Lion's Head",Advanced Polls /  ADV003, ,0,0,0,396,0,"Rotary Hall",20071010
010,BRUCE--GREY--OWEN SOUND,0,6,148,22,143,437,"Wiarton",Advanced Polls /  ADV004, ,0,1,0,757,0,"Salvation Army",20071010
010,BRUCE--GREY--OWEN SOUND,0,3,53,23,46,213,"Dundalk",Advanced Polls /  ADV005, ,2,0,0,340,0,"Dundalk Old Town Hall",20071010
010,BRUCE--GREY--OWEN SOUND,0,3,110,11,242,319,"Meaford",Advanced Polls /  ADV006, ,1,0,1,687,0,"Meaford Hall",20071010
010,BRUCE--GREY--OWEN SOUND,6,5,60,14,61,220,"Tara",Advanced Polls /  ADV007, ,1,0,0,367,0,"Tara Fire Hall",20071010
010,BRUCE--GREY--OWEN SOUND,3,28,302,32,160,633,"Hanover",Advanced Polls /  ADV008, ,5,1,0,1164,0,"Hanover Regional Aquatic Centre",20071010
TOTALS:, ,145,550,6774,1721,15039,21156, , , , , , , , , , 
