ED_CODE,ED_NAME,BARLOW,BROTEN,MURRAY,N�METH,SCHULMAN,WILLIAMS,PLACE_NAME,POLL_NUMBER,RURAL_INDICATOR,REJECTED,UNMARKED,DECLINED,VOTER_TURNOUT,ELECTORS,POLL_LOCATION,POLL_DATE
024,ETOBICOKE--LAKESHORE,70,83,1,11,11,1,"Toronto",001, ,0,0,0,177,329,"Lambton-Kingsway Junior Middle School",20071010
024,ETOBICOKE--LAKESHORE,72,102,1,23,14,0,"Toronto",002, ,4,0,0,216,377,"Lambton-Kingsway Junior Middle School",20071010
024,ETOBICOKE--LAKESHORE,23,23,1,2,2,1,"Toronto",003s, ,2,0,0,54,99,"Kingsway Retirement Residence",20071010
024,ETOBICOKE--LAKESHORE,96,109,2,20,19,1,"Toronto",004, ,0,0,0,247,415,"Lambton-Kingsway Junior Middle School",20071010
024,ETOBICOKE--LAKESHORE,100,129,1,14,24,1,"Toronto",005, ,0,1,0,270,442,"Lambton-Kingsway Junior Middle School",20071010
024,ETOBICOKE--LAKESHORE,87,102,2,17,13,0,"Toronto",006, ,2,0,0,223,403,"Our Lady of Sorrows Catholic School (Elementary)",20071010
024,ETOBICOKE--LAKESHORE,82,110,0,14,16,2,"Toronto",007, ,1,0,0,225,386,"Our Lady of Sorrows Catholic School (Elementary)",20071010
024,ETOBICOKE--LAKESHORE,91,93,0,11,9,1,"Toronto",008, ,0,1,0,206,355,"Lambton-Kingsway Junior Middle School",20071010
024,ETOBICOKE--LAKESHORE,134,82,0,4,14,1,"Toronto",009, ,0,1,1,237,438,"Kingsway Lambton United Church",20071010
024,ETOBICOKE--LAKESHORE,92,70,0,7,18,2,"Toronto",010, ,0,0,0,189,314,"All Saints Kingsway Anglican Church",20071010
024,ETOBICOKE--LAKESHORE,53,80,3,14,11,5,"Toronto",011, ,0,0,0,166,312,"Our Lady of Peace Catholic School (Elementary)",20071010
024,ETOBICOKE--LAKESHORE,65,50,0,11,6,1,"Toronto",012, ,0,1,0,134,216,"Islington United Church",20071010
024,ETOBICOKE--LAKESHORE,78,88,3,22,23,3,"Toronto",013, ,5,0,2,224,417,"Islington United Church",20071010
024,ETOBICOKE--LAKESHORE,14,43,0,13,1,1,"Toronto",014, ,0,0,0,72,170,"Islington Junior Middle School",20071010
024,ETOBICOKE--LAKESHORE,88,93,0,12,18,1,"Toronto",015, ,0,1,0,213,342,"Our Lady of Sorrows Catholic School (Elementary)",20071010
024,ETOBICOKE--LAKESHORE,59,65,0,6,22,4,"Toronto",016, ,0,0,0,156,302,"Our Lady of Sorrows Catholic School (Elementary)",20071010
024,ETOBICOKE--LAKESHORE,36,30,0,3,3,0,"Toronto",017, ,0,1,1,74,130,"Kingsway Lambton United Church",20071010
024,ETOBICOKE--LAKESHORE,31,48,1,3,9,0,"Toronto",018, ,0,0,0,92,191,"Kingsway Lambton United Church",20071010
024,ETOBICOKE--LAKESHORE,102,79,1,7,19,3,"Toronto",019, ,0,0,0,211,343,"Kingsway Lambton United Church",20071010
024,ETOBICOKE--LAKESHORE,54,53,0,13,22,3,"Toronto",020, ,0,0,0,145,244,"All Saints Kingsway Anglican Church",20071010
024,ETOBICOKE--LAKESHORE,25,51,2,8,8,1,"Toronto",021, ,0,0,0,95,228,"All Saints Kingsway Anglican Church",20071010
024,ETOBICOKE--LAKESHORE,31,29,0,6,7,1,"Toronto",022, ,0,0,0,74,180,"All Saints Kingsway Anglican Church",20071010
024,ETOBICOKE--LAKESHORE,25,55,1,15,12,1,"Toronto",023, ,0,0,0,109,201,"All Saints Kingsway Anglican Church",20071010
024,ETOBICOKE--LAKESHORE,96,119,1,26,26,6,"Toronto",024, ,1,0,0,275,554,"Eatonville Library",20071010
024,ETOBICOKE--LAKESHORE,86,102,0,24,13,2,"Toronto",025, ,1,0,0,228,379,"Wedgewood Junior Elementary School",20071010
024,ETOBICOKE--LAKESHORE,79,89,1,20,24,2,"Toronto",026, ,0,0,0,215,378,"Wedgewood Junior Elementary School",20071010
024,ETOBICOKE--LAKESHORE,45,98,1,21,14,7,"Toronto",027, ,1,2,0,189,302,"Our Lady of Peace Catholic School (Elementary)",20071010
024,ETOBICOKE--LAKESHORE,102,100,1,17,22,1,"Toronto",028, ,15,1,1,260,474,"Islington United Church",20071010
024,ETOBICOKE--LAKESHORE,29,39,2,12,4,0,"Toronto",029, ,0,0,0,86,186,"Islington United Church",20071010
024,ETOBICOKE--LAKESHORE,76,110,1,27,27,0,"Toronto",030, ,0,0,0,241,516,"Church of the Resurrection",20071010
024,ETOBICOKE--LAKESHORE,36,96,15,23,3,3,"Toronto",031s, ,26,2,0,204,378,"41 Mabelle Avenue",20071010
024,ETOBICOKE--LAKESHORE,43,76,0,17,9,4,"Toronto",032, ,1,0,0,150,286,"Fairfield Senior Centre",20071010
024,ETOBICOKE--LAKESHORE,52,87,0,21,23,3,"Toronto",033, ,1,0,0,187,337,"Fairfield Senior Centre",20071010
024,ETOBICOKE--LAKESHORE,74,99,3,15,22,8,"Toronto",034, ,1,1,0,223,398,"Royal York Road United Church",20071010
024,ETOBICOKE--LAKESHORE,102,128,3,24,25,4,"Toronto",035, ,0,2,0,288,521,"Royal York Road United Church",20071010
024,ETOBICOKE--LAKESHORE,76,125,1,6,12,1,"Toronto",036, ,3,1,1,226,395,"Sunnylea Junior Elementary School",20071010
024,ETOBICOKE--LAKESHORE,98,150,2,16,28,7,"Toronto",037, ,3,0,0,304,449,"Sunnylea Junior Elementary School",20071010
024,ETOBICOKE--LAKESHORE,74,87,2,15,12,4,"Toronto",038, ,0,0,0,194,322,"Parklawn Junior School",20071010
024,ETOBICOKE--LAKESHORE,51,77,0,18,18,1,"Toronto",039, ,2,0,0,167,369,"Bloorlea Middle School",20071010
024,ETOBICOKE--LAKESHORE,71,111,1,21,9,6,"Toronto",040, ,1,0,0,220,431,"Bloorlea Middle School",20071010
024,ETOBICOKE--LAKESHORE,56,89,0,15,12,4,"Toronto",041, ,0,0,0,176,313,"Wedgewood Junior Elementary School",20071010
024,ETOBICOKE--LAKESHORE,1,2,0,0,0,0,"Toronto",042s, ,0,0,2,5,7,"Elm Springs",20071010
024,ETOBICOKE--LAKESHORE,59,80,0,16,7,3,"Toronto",043, ,0,0,0,165,344,"Our Lady of Peace Catholic School (Elementary)",20071010
024,ETOBICOKE--LAKESHORE,9,13,0,1,0,0,"Toronto",044s, ,0,1,0,24,37,"Labdara Nursing Home",20071010
024,ETOBICOKE--LAKESHORE,59,106,1,24,18,0,"Toronto",045, ,0,0,0,208,396,"Fairfield Senior Centre",20071010
024,ETOBICOKE--LAKESHORE,84,97,2,20,11,1,"Toronto",046, ,0,0,0,215,340,"Fairfield Senior Centre",20071010
024,ETOBICOKE--LAKESHORE,72,114,0,17,17,6,"Toronto",047, ,1,1,2,230,385,"Royal York Road United Church",20071010
024,ETOBICOKE--LAKESHORE,96,101,2,25,21,3,"Toronto",048, ,2,1,0,251,370,"Sunnylea Junior Elementary School",20071010
024,ETOBICOKE--LAKESHORE,63,75,0,23,23,0,"Toronto",049, ,0,0,0,184,290,"Sunnylea Junior Elementary School",20071010
024,ETOBICOKE--LAKESHORE,103,111,3,21,21,4,"Toronto",050, ,2,0,0,265,447,"Parklawn Junior School",20071010
024,ETOBICOKE--LAKESHORE,17,23,2,23,1,1,"Toronto",051, ,0,0,1,68,190,"Parklawn Junior School",20071010
024,ETOBICOKE--LAKESHORE,10,23,1,12,3,1,"Toronto",052, ,0,0,0,50,180,"Parklawn Junior School",20071010
024,ETOBICOKE--LAKESHORE,18,12,2,17,4,1,"Toronto",053, ,0,0,0,54,212,"Etienne Brule Junior School",20071010
024,ETOBICOKE--LAKESHORE,21,34,3,17,11,0,"Toronto",054, ,0,0,0,86,221,"Etienne Brule Junior School",20071010
024,ETOBICOKE--LAKESHORE,16,26,0,13,7,2,"Toronto",055, ,0,0,0,64,163,"Etienne Brule Junior School",20071010
024,ETOBICOKE--LAKESHORE,23,19,0,13,10,3,"Toronto",056, ,0,0,0,68,178,"Etienne Brule Junior School",20071010
024,ETOBICOKE--LAKESHORE,27,47,0,15,7,2,"Toronto",057, ,0,0,0,98,336,"Bloorlea Middle School",20071010
024,ETOBICOKE--LAKESHORE,72,102,1,23,12,3,"Toronto",058, ,4,1,0,218,431,"Bloorlea Middle School",20071010
024,ETOBICOKE--LAKESHORE,41,49,1,18,5,1,"Toronto",059, ,0,0,0,115,245,"St. Elizabeth Catholic School",20071010
024,ETOBICOKE--LAKESHORE,48,67,1,14,16,4,"Toronto",060, ,0,0,0,150,341,"Our Lady of Peace Catholic School (Elementary)",20071010
024,ETOBICOKE--LAKESHORE,60,100,3,19,14,4,"Toronto",061, ,0,0,0,200,348,"Fairfield Senior Centre",20071010
024,ETOBICOKE--LAKESHORE,65,86,0,23,12,2,"Toronto",062, ,1,1,0,190,283,"Norseman Junior Middle School",20071010
024,ETOBICOKE--LAKESHORE,88,97,3,20,13,5,"Toronto",063, ,0,0,0,226,376,"Norseman Junior Middle School",20071010
024,ETOBICOKE--LAKESHORE,41,35,0,27,5,3,"Toronto",064, ,0,0,0,111,217,"Norseman Junior Middle School",20071010
024,ETOBICOKE--LAKESHORE,13,5,0,0,0,0,"Toronto",065s, ,1,0,0,19,82,"Ivan Franko Ukrainian Home",20071010
024,ETOBICOKE--LAKESHORE,77,116,0,16,20,3,"Toronto",066, ,0,0,0,232,361,"Parklawn Junior School",20071010
024,ETOBICOKE--LAKESHORE,77,95,0,27,21,2,"Toronto",067, ,2,1,0,225,379,"Parklawn Junior School",20071010
024,ETOBICOKE--LAKESHORE,0,26,39,2,13,11,"Toronto",068, ,1,0,0,92,216,"Parklawn Junior School",20071010
024,ETOBICOKE--LAKESHORE,15,31,0,12,9,2,"Toronto",069, ,1,0,0,70,178,"St. Mark Catholic School",20071010
024,ETOBICOKE--LAKESHORE,22,30,1,15,9,0,"Toronto",070, ,0,0,0,77,199,"Parklawn Junior School",20071010
024,ETOBICOKE--LAKESHORE,23,17,0,10,4,0,"Toronto",071, ,0,0,0,54,183,"Etienne Brule Junior School",20071010
024,ETOBICOKE--LAKESHORE,34,38,1,13,4,3,"Toronto",072, ,6,0,0,99,214,"St. Mark Catholic School",20071010
024,ETOBICOKE--LAKESHORE,24,53,1,18,7,1,"Toronto",073, ,0,0,0,104,191,"Etienne Brule Junior School",20071010
024,ETOBICOKE--LAKESHORE,14,23,1,16,4,1,"Toronto",074, ,0,0,0,59,208,"Etienne Brule Junior School",20071010
024,ETOBICOKE--LAKESHORE,40,44,1,20,14,0,"Toronto",075, ,0,0,1,120,253,"Etienne Brule Junior School",20071010
024,ETOBICOKE--LAKESHORE,45,81,0,27,14,0,"Toronto",076, ,0,0,0,167,369,"St. Mark Catholic School",20071010
024,ETOBICOKE--LAKESHORE,76,88,4,26,12,1,"Toronto",077, ,0,1,0,208,424,"St. Elizabeth Catholic School",20071010
024,ETOBICOKE--LAKESHORE,90,104,3,31,15,3,"Toronto",078A, ,2,2,0,250,551,"St. Elizabeth Catholic School",20071010
024,ETOBICOKE--LAKESHORE,62,100,1,30,14,2,"Toronto",078B, ,0,0,0,209,411,"St. Elizabeth Catholic School",20071010
024,ETOBICOKE--LAKESHORE,105,145,3,42,18,2,"Toronto",079, ,3,0,0,318,496,"Norseman Junior Middle School",20071010
024,ETOBICOKE--LAKESHORE,91,127,1,30,25,1,"Toronto",080, ,3,0,0,278,470,"Norseman Junior Middle School",20071010
024,ETOBICOKE--LAKESHORE,39,63,1,13,16,0,"Toronto",081, ,2,0,0,134,295,"Etobicoke School of the Arts",20071010
024,ETOBICOKE--LAKESHORE,50,73,1,13,12,4,"Toronto",082, ,0,0,0,153,281,"Parklawn Junior School",20071010
024,ETOBICOKE--LAKESHORE,66,94,0,30,14,3,"Toronto",083, ,1,0,0,208,416,"St. Mark Catholic School",20071010
024,ETOBICOKE--LAKESHORE,60,59,3,26,11,3,"Toronto",084, ,0,0,0,162,318,"St. Mark Catholic School",20071010
024,ETOBICOKE--LAKESHORE,39,75,0,16,14,1,"Toronto",085, ,1,0,0,146,296,"St. Mark Catholic School",20071010
024,ETOBICOKE--LAKESHORE,63,107,2,35,19,3,"Toronto",086, ,1,0,0,230,412,"St. Elizabeth Catholic School",20071010
024,ETOBICOKE--LAKESHORE,43,89,1,16,12,0,"Toronto",087A, ,0,0,0,161,323,"Fairfield Senior Centre",20071010
024,ETOBICOKE--LAKESHORE,51,73,1,19,16,1,"Toronto",087B, ,0,2,0,163,379,"Fairfield Senior Centre",20071010
024,ETOBICOKE--LAKESHORE,71,111,3,26,10,1,"Toronto",088, ,2,1,3,228,430,"Norseman Junior Middle School",20071010
024,ETOBICOKE--LAKESHORE,51,68,1,30,19,0,"Toronto",089, ,0,0,0,169,323,"Etobicoke School of the Arts",20071010
024,ETOBICOKE--LAKESHORE,52,110,2,38,18,0,"Toronto",090, ,0,0,0,220,408,"Etobicoke School of the Arts",20071010
024,ETOBICOKE--LAKESHORE,35,41,0,12,13,1,"Toronto",091, ,1,0,0,103,223,"Etobicoke School of the Arts",20071010
024,ETOBICOKE--LAKESHORE,32,82,1,10,15,1,"Toronto",092, ,1,0,0,142,309,"Etobicoke School of the Arts",20071010
024,ETOBICOKE--LAKESHORE,35,67,4,28,12,1,"Toronto",093, ,0,0,0,147,325,"Etobicoke School of the Arts",20071010
024,ETOBICOKE--LAKESHORE,56,70,2,26,11,6,"Toronto",094, ,0,0,0,171,375,"St. Louis Catholic School",20071010
024,ETOBICOKE--LAKESHORE,54,70,1,15,7,1,"Toronto",095, ,0,1,0,149,305,"St. Louis Catholic School",20071010
024,ETOBICOKE--LAKESHORE,51,97,4,16,8,1,"Toronto",096, ,0,0,2,179,434,"Holy Angels Catholic School",20071010
024,ETOBICOKE--LAKESHORE,44,105,3,18,5,0,"Toronto",097, ,3,1,0,179,338,"Holy Angels Catholic School",20071010
024,ETOBICOKE--LAKESHORE,69,116,5,30,7,1,"Toronto",098, ,1,3,0,232,434,"Holy Angels Catholic School",20071010
024,ETOBICOKE--LAKESHORE,25,73,1,18,11,3,"Toronto",099, ,3,0,0,134,312,"Holy Angels Catholic School",20071010
024,ETOBICOKE--LAKESHORE,..........................NO POLL HELD........................,,,,,,"Toronto",100, ,0,0,0,0,0,"",20071010
024,ETOBICOKE--LAKESHORE,25,58,3,12,5,0,"Toronto",101s, ,0,0,3,106,145,"Kingsway Lambton Senior Home",20071010
024,ETOBICOKE--LAKESHORE,12,32,0,8,2,0,"Toronto",102, ,1,0,0,55,116,"St. Louis Catholic School",20071010
024,ETOBICOKE--LAKESHORE,18,42,3,6,8,2,"Toronto",103, ,0,1,1,81,243,"St. Louis Catholic School",20071010
024,ETOBICOKE--LAKESHORE,33,68,1,13,5,3,"Toronto",104, ,0,1,0,124,293,"St. Louis Catholic School",20071010
024,ETOBICOKE--LAKESHORE,62,92,3,15,11,3,"Toronto",105, ,0,1,0,187,399,"George R. Gauld Junior School",20071010
024,ETOBICOKE--LAKESHORE,27,48,1,11,11,0,"Toronto",106, ,0,0,0,98,195,"George R. Gauld Junior School",20071010
024,ETOBICOKE--LAKESHORE,..........................NO POLL HELD........................,,,,,,"Toronto",108, ,0,0,0,0,0,"",20071010
024,ETOBICOKE--LAKESHORE,30,67,1,15,4,2,"Toronto",109, ,1,0,0,120,272,"Holy Angels Catholic School",20071010
024,ETOBICOKE--LAKESHORE,37,102,4,33,14,3,"Toronto",110, ,1,3,0,197,406,"Holy Angels Catholic School",20071010
024,ETOBICOKE--LAKESHORE,47,95,2,16,22,1,"Toronto",111, ,0,0,0,183,436,"Ourland Community Centre",20071010
024,ETOBICOKE--LAKESHORE,15,29,0,19,3,0,"Toronto",112, ,0,0,0,66,157,"Ourland Community Centre",20071010
024,ETOBICOKE--LAKESHORE,21,44,3,14,4,0,"Toronto",113, ,2,0,0,88,264,"Ourland Community Centre",20071010
024,ETOBICOKE--LAKESHORE,4,39,0,5,2,3,"Toronto",114, ,1,0,0,54,107,"George R. Gauld Junior School",20071010
024,ETOBICOKE--LAKESHORE,16,26,3,13,1,1,"Toronto",115, ,0,1,0,61,170,"George R. Gauld Junior School",20071010
024,ETOBICOKE--LAKESHORE,31,44,1,13,9,1,"Toronto",116, ,0,0,0,99,228,"George R. Gauld Junior School",20071010
024,ETOBICOKE--LAKESHORE,28,26,3,8,4,0,"Toronto",117, ,0,0,0,69,167,"George R. Gauld Junior School",20071010
024,ETOBICOKE--LAKESHORE,31,55,0,25,9,1,"Toronto",118, ,1,0,0,122,289,"David Hornell Junior School",20071010
024,ETOBICOKE--LAKESHORE,42,51,0,8,19,0,"Toronto",119, ,0,0,0,120,247,"Polish Alliance Hall",20071010
024,ETOBICOKE--LAKESHORE,26,39,1,10,10,0,"Toronto",120, ,2,3,0,91,210,"David Hornell Junior School",20071010
024,ETOBICOKE--LAKESHORE,67,99,0,23,13,3,"Toronto",121, ,0,0,0,205,507,"Polish Alliance Hall",20071010
024,ETOBICOKE--LAKESHORE,..........................NO POLL HELD........................,,,,,,"Toronto",122, ,0,0,0,0,0,"",20071010
024,ETOBICOKE--LAKESHORE,43,79,2,24,9,2,"Toronto",123, ,0,0,0,159,333,"Ourland Community Centre",20071010
024,ETOBICOKE--LAKESHORE,30,76,3,34,16,4,"Toronto",124, ,1,0,0,164,345,"Ourland Community Centre",20071010
024,ETOBICOKE--LAKESHORE,20,56,5,31,5,3,"Toronto",125s, ,5,0,0,125,247,"Edwards Manor",20071010
024,ETOBICOKE--LAKESHORE,29,86,7,33,5,3,"Toronto",126s, ,2,0,0,165,278,"Griggs Manor",20071010
024,ETOBICOKE--LAKESHORE,10,21,1,16,5,1,"Toronto",127s, ,0,1,0,55,108,"Griggs Manor",20071010
024,ETOBICOKE--LAKESHORE,35,44,2,20,16,1,"Toronto",128, ,1,1,0,120,259,"St. Leo Catholic School",20071010
024,ETOBICOKE--LAKESHORE,15,42,0,16,6,1,"Toronto",129, ,0,0,1,81,204,"David Hornell Junior School",20071010
024,ETOBICOKE--LAKESHORE,46,69,0,24,15,1,"Toronto",130, ,0,0,0,155,278,"St. Leo Catholic School",20071010
024,ETOBICOKE--LAKESHORE,36,65,0,28,22,2,"Toronto",131, ,0,0,0,153,307,"John English Community School",20071010
024,ETOBICOKE--LAKESHORE,14,49,0,19,17,2,"Toronto",132, ,5,0,0,106,244,"David Hornell Junior School",20071010
024,ETOBICOKE--LAKESHORE,31,48,3,16,8,2,"Toronto",133, ,0,0,0,108,242,"David Hornell Junior School",20071010
024,ETOBICOKE--LAKESHORE,16,25,1,6,4,0,"Toronto",134, ,0,0,0,52,131,"Martin Luther Church",20071010
024,ETOBICOKE--LAKESHORE,13,30,2,16,1,0,"Toronto",135, ,0,1,0,63,205,"Martin Luther Church",20071010
024,ETOBICOKE--LAKESHORE,6,17,2,8,3,1,"Toronto",136, ,0,0,0,37,108,"Polish Alliance Hall",20071010
024,ETOBICOKE--LAKESHORE,5,14,1,10,3,0,"Toronto",137, ,0,0,1,34,105,"Martin Luther Church",20071010
024,ETOBICOKE--LAKESHORE,59,87,5,14,18,1,"Toronto",138, ,1,0,0,185,392,"St. Ambrose Catholic School",20071010
024,ETOBICOKE--LAKESHORE,48,82,2,28,15,1,"Toronto",139, ,1,0,0,177,368,"Lanor Junior Middle School",20071010
024,ETOBICOKE--LAKESHORE,42,90,4,30,10,4,"Toronto",140, ,0,1,0,181,358,"Ourland Community Centre",20071010
024,ETOBICOKE--LAKESHORE,29,36,3,21,16,0,"Toronto",141, ,0,0,0,105,251,"John English Community School",20071010
024,ETOBICOKE--LAKESHORE,12,24,0,17,4,0,"Toronto",142, ,0,0,0,57,152,"Storefront Humber",20071010
024,ETOBICOKE--LAKESHORE,28,34,2,12,7,0,"Toronto",143, ,1,0,0,84,204,"Storefront Humber",20071010
024,ETOBICOKE--LAKESHORE,25,38,0,15,5,0,"Toronto",144, ,0,0,0,83,192,"Martin Luther Church",20071010
024,ETOBICOKE--LAKESHORE,8,12,2,21,5,1,"Toronto",145, ,1,0,0,50,194,"Storefront Humber",20071010
024,ETOBICOKE--LAKESHORE,6,9,3,6,1,3,"Toronto",146s, ,0,0,0,28,87,"McCall Centre",20071010
024,ETOBICOKE--LAKESHORE,12,23,1,9,2,1,"Toronto",147, ,0,0,0,48,129,"St. Ambrose Catholic School",20071010
024,ETOBICOKE--LAKESHORE,15,31,0,9,2,0,"Toronto",148s, ,0,0,0,57,76,"Jubilee Centre",20071010
024,ETOBICOKE--LAKESHORE,32,89,4,25,5,0,"Toronto",149, ,5,0,0,160,354,"Lanor Junior Middle School",20071010
024,ETOBICOKE--LAKESHORE,43,103,1,25,20,4,"Toronto",150, ,0,1,0,197,391,"Lanor Junior Middle School",20071010
024,ETOBICOKE--LAKESHORE,51,84,2,24,6,0,"Toronto",151, ,0,1,1,169,367,"Franklin Horner Community Centre",20071010
024,ETOBICOKE--LAKESHORE,37,74,3,23,10,3,"Toronto",152, ,0,3,0,153,372,"Franklin Horner Community Centre",20071010
024,ETOBICOKE--LAKESHORE,25,33,1,19,11,2,"Toronto",153, ,3,1,0,95,250,"St. Leo Catholic School",20071010
024,ETOBICOKE--LAKESHORE,41,70,1,20,12,4,"Toronto",154, ,2,0,0,150,313,"St. Leo Catholic School",20071010
024,ETOBICOKE--LAKESHORE,41,53,0,25,11,5,"Toronto",155, ,0,0,0,135,304,"St. Leo Catholic School",20071010
024,ETOBICOKE--LAKESHORE,34,65,1,16,11,3,"Toronto",156, ,0,0,0,130,309,"St. Leo Catholic School",20071010
024,ETOBICOKE--LAKESHORE,53,76,0,23,16,6,"Toronto",157, ,1,0,0,175,354,"Second Street Junior Middle School",20071010
024,ETOBICOKE--LAKESHORE,40,100,0,20,17,0,"Toronto",158, ,0,0,0,177,321,"John English Community School",20071010
024,ETOBICOKE--LAKESHORE,47,84,1,22,13,2,"Toronto",159, ,0,0,0,169,329,"John English Community School",20071010
024,ETOBICOKE--LAKESHORE,14,21,0,6,5,1,"Toronto",160, ,0,0,0,47,122,"John English Community School",20071010
024,ETOBICOKE--LAKESHORE,8,20,1,13,9,0,"Toronto",161, ,0,0,1,52,152,"John English Community School",20071010
024,ETOBICOKE--LAKESHORE,3,7,0,4,1,1,"Toronto",162s, ,1,0,0,17,53,"Trillium Health Centre",20071010
024,ETOBICOKE--LAKESHORE,64,121,1,35,15,1,"Toronto",163, ,1,0,0,238,384,"St. Ambrose Catholic School",20071010
024,ETOBICOKE--LAKESHORE,68,61,4,41,15,2,"Toronto",164, ,0,0,0,191,359,"St. Ambrose Catholic School",20071010
024,ETOBICOKE--LAKESHORE,34,51,1,12,6,0,"Toronto",165, ,0,0,0,104,292,"Lanor Junior Middle School",20071010
024,ETOBICOKE--LAKESHORE,41,58,1,17,6,2,"Toronto",166, ,0,0,0,125,254,"Lanor Junior Middle School",20071010
024,ETOBICOKE--LAKESHORE,41,80,1,34,12,0,"Toronto",167, ,0,0,0,168,324,"Franklin Horner Community Centre",20071010
024,ETOBICOKE--LAKESHORE,72,83,3,25,12,0,"Toronto",168, ,1,4,0,200,415,"Franklin Horner Community Centre",20071010
024,ETOBICOKE--LAKESHORE,48,84,1,36,19,3,"Toronto",169, ,1,0,0,192,408,"Franklin Horner Community Centre",20071010
024,ETOBICOKE--LAKESHORE,68,99,1,28,7,0,"Toronto",170, ,2,0,0,205,409,"Franklin Horner Community Centre",20071010
024,ETOBICOKE--LAKESHORE,22,36,0,12,12,1,"Toronto",171, ,1,0,0,84,222,"Royal Canadian Legion, Branch 003",20071010
024,ETOBICOKE--LAKESHORE,34,27,3,36,9,0,"Toronto",172, ,1,0,0,110,326,"Lamp (185 Fifth Street)",20071010
024,ETOBICOKE--LAKESHORE,35,66,1,31,14,2,"Toronto",173, ,0,0,1,150,323,"Lamp (185 Fifth Street)",20071010
024,ETOBICOKE--LAKESHORE,50,51,4,25,12,5,"Toronto",174, ,0,0,0,147,266,"Second Street Junior Middle School",20071010
024,ETOBICOKE--LAKESHORE,52,76,2,24,13,3,"Toronto",175, ,1,0,0,171,337,"Second Street Junior Middle School",20071010
024,ETOBICOKE--LAKESHORE,36,46,0,15,10,1,"Toronto",176, ,0,0,0,108,221,"Second Street Junior Middle School",20071010
024,ETOBICOKE--LAKESHORE,26,27,1,14,3,0,"Toronto",177, ,0,0,0,71,198,"John English Community School",20071010
024,ETOBICOKE--LAKESHORE,72,87,3,43,27,2,"Toronto",178, ,1,1,0,236,390,"Sir Adam Beck Junior School",20071010
024,ETOBICOKE--LAKESHORE,71,111,4,42,21,2,"Toronto",179, ,0,0,0,251,400,"Sir Adam Beck Junior School",20071010
024,ETOBICOKE--LAKESHORE,72,61,0,23,9,2,"Toronto",180, ,2,0,0,169,349,"Franklin Horner Community Centre",20071010
024,ETOBICOKE--LAKESHORE,37,81,2,33,13,2,"Toronto",181, ,4,0,0,172,380,"Franklin Horner Community Centre",20071010
024,ETOBICOKE--LAKESHORE,35,51,2,35,12,1,"Toronto",182, ,0,0,0,136,307,"Lakeshore Collegiate Institute",20071010
024,ETOBICOKE--LAKESHORE,24,36,0,21,3,1,"Toronto",183, ,1,0,0,86,240,"Lakeshore Collegiate Institute",20071010
024,ETOBICOKE--LAKESHORE,34,84,4,22,10,0,"Toronto",184, ,0,0,0,154,320,"Lakeshore Collegiate Institute",20071010
024,ETOBICOKE--LAKESHORE,24,40,2,20,8,1,"Toronto",185, ,0,0,0,95,253,"Royal Canadian Legion, Branch 003",20071010
024,ETOBICOKE--LAKESHORE,8,13,2,9,2,1,"Toronto",186, ,2,1,0,38,111,"Lerette Manor",20071010
024,ETOBICOKE--LAKESHORE,29,68,3,21,2,0,"Toronto",187s, ,0,0,4,127,194,"Lerette Manor",20071010
024,ETOBICOKE--LAKESHORE,8,14,0,19,3,0,"Toronto",188, ,0,0,0,44,140,"Royal Canadian Legion, Branch 003",20071010
024,ETOBICOKE--LAKESHORE,5,12,0,2,3,0,"Toronto",189, ,0,0,0,22,53,"Royal Canadian Legion, Branch 003",20071010
024,ETOBICOKE--LAKESHORE,25,29,2,12,5,0,"Toronto",190, ,0,0,0,73,165,"Royal Canadian Legion, Branch 003",20071010
024,ETOBICOKE--LAKESHORE,39,44,1,27,11,0,"Toronto",191, ,0,0,0,122,243,"St. Teresa Catholic School",20071010
024,ETOBICOKE--LAKESHORE,8,26,1,17,2,2,"Toronto",192, ,0,0,0,56,193,"Royal Canadian Legion, Branch 003",20071010
024,ETOBICOKE--LAKESHORE,46,64,0,39,11,0,"Toronto",193, ,0,0,0,160,365,"Seventh Street Junior School",20071010
024,ETOBICOKE--LAKESHORE,39,58,2,35,7,1,"Toronto",194, ,0,0,0,142,296,"Seventh Street Junior School",20071010
024,ETOBICOKE--LAKESHORE,13,51,3,11,0,2,"Toronto",195s, ,10,2,0,92,142,"Woods Manor",20071010
024,ETOBICOKE--LAKESHORE,29,54,1,26,10,0,"Toronto",196, ,0,0,0,120,232,"Seventh Street Junior School",20071010
024,ETOBICOKE--LAKESHORE,29,53,0,22,12,0,"Toronto",197, ,1,0,0,117,248,"Second Street Junior Middle School",20071010
024,ETOBICOKE--LAKESHORE,4,8,3,4,0,1,"Toronto",198s, ,1,1,0,22,46,"Garden Court Nursing Home",20071010
024,ETOBICOKE--LAKESHORE,24,44,2,21,9,0,"Toronto",199, ,0,0,0,100,189,"Second Street Junior Middle School",20071010
024,ETOBICOKE--LAKESHORE,54,107,0,36,15,0,"Toronto",200, ,0,0,0,212,376,"Sir Adam Beck Junior School",20071010
024,ETOBICOKE--LAKESHORE,66,89,3,22,12,1,"Toronto",201, ,0,0,0,193,383,"Sir Adam Beck Junior School",20071010
024,ETOBICOKE--LAKESHORE,55,69,1,32,6,0,"Toronto",202, ,1,1,0,165,380,"Sir Adam Beck Junior School",20071010
024,ETOBICOKE--LAKESHORE,38,43,1,22,10,0,"Toronto",203, ,0,0,0,114,283,"Vincent Massey Child Day Care Centre",20071010
024,ETOBICOKE--LAKESHORE,38,75,3,30,16,1,"Toronto",204, ,1,0,0,164,351,"Vincent Massey Child Day Care Centre",20071010
024,ETOBICOKE--LAKESHORE,25,40,2,18,7,0,"Toronto",205, ,0,0,0,92,287,"Vincent Massey Child Day Care Centre",20071010
024,ETOBICOKE--LAKESHORE,14,22,0,9,4,1,"Toronto",206, ,0,0,0,50,148,"Twentieth Street Junior Elementary School",20071010
024,ETOBICOKE--LAKESHORE,32,39,3,16,9,0,"Toronto",207, ,2,1,0,102,286,"Twentieth Street Junior Elementary School",20071010
024,ETOBICOKE--LAKESHORE,16,38,0,27,12,0,"Toronto",208, ,0,0,0,93,184,"Twentieth Street Junior Elementary School",20071010
024,ETOBICOKE--LAKESHORE,32,45,0,19,13,0,"Toronto",209, ,0,1,3,113,226,"Twentieth Street Junior Elementary School",20071010
024,ETOBICOKE--LAKESHORE,8,9,1,3,0,0,"Toronto",210s, ,0,0,1,22,48,"Lakeshore Lodge",20071010
024,ETOBICOKE--LAKESHORE,30,45,1,29,7,1,"Toronto",211, ,3,0,0,116,254,"St. Teresa Catholic School",20071010
024,ETOBICOKE--LAKESHORE,53,71,1,60,10,1,"Toronto",212, ,0,0,0,196,324,"St. Teresa Catholic School",20071010
024,ETOBICOKE--LAKESHORE,44,52,0,22,18,0,"Toronto",213, ,0,0,2,138,251,"Seventh Street Junior School",20071010
024,ETOBICOKE--LAKESHORE,33,75,0,40,24,2,"Toronto",214, ,0,0,0,174,297,"Seventh Street Junior School",20071010
024,ETOBICOKE--LAKESHORE,53,51,0,20,11,1,"Toronto",215, ,1,0,0,137,333,"Sir Adam Beck Junior School",20071010
024,ETOBICOKE--LAKESHORE,50,44,1,21,8,6,"Toronto",216, ,1,0,0,131,301,"Sir Adam Beck Junior School",20071010
024,ETOBICOKE--LAKESHORE,0,5,0,4,1,1,"Toronto",217s, ,0,2,0,13,16,"Home for Special Care",20071010
024,ETOBICOKE--LAKESHORE,36,56,0,24,12,6,"Toronto",218, ,0,0,1,135,303,"Christ the King Catholic School (Elementary)",20071010
024,ETOBICOKE--LAKESHORE,41,34,0,17,10,2,"Toronto",219, ,0,0,0,104,262,"Christ the King Catholic School (Elementary)",20071010
024,ETOBICOKE--LAKESHORE,39,34,0,7,17,3,"Toronto",220, ,0,0,0,100,253,"Christ the King Catholic School (Elementary)",20071010
024,ETOBICOKE--LAKESHORE,23,33,3,7,16,1,"Toronto",221, ,1,0,0,84,204,"James S. Bell Junior Middle School",20071010
024,ETOBICOKE--LAKESHORE,56,71,3,23,15,0,"Toronto",222, ,0,0,0,168,331,"James S. Bell Junior Middle School",20071010
024,ETOBICOKE--LAKESHORE,47,108,3,63,34,1,"Toronto",223, ,4,0,2,262,389,"Twentieth Street Junior Elementary School",20071010
024,ETOBICOKE--LAKESHORE,......................COMBINED WITH POLL 223 ....................,,,,,,"Toronto",224, ,,,,,,"Humber College Institute of Technology",20071010
024,ETOBICOKE--LAKESHORE,24,53,6,29,12,0,"Toronto",225, ,0,0,0,124,254,"St. Teresa Catholic School",20071010
024,ETOBICOKE--LAKESHORE,41,49,1,31,19,0,"Toronto",226, ,0,0,0,141,288,"St. Teresa Catholic School",20071010
024,ETOBICOKE--LAKESHORE,7,15,1,8,2,2,"Toronto",227, ,1,0,0,36,120,"Royal Canadian Legion, Branch 101",20071010
024,ETOBICOKE--LAKESHORE,28,52,1,24,11,1,"Toronto",228, ,0,0,0,117,284,"Royal Canadian Legion, Branch 101",20071010
024,ETOBICOKE--LAKESHORE,10,19,0,3,2,0,"Toronto",229, ,0,0,0,34,96,"Royal Canadian Legion, Branch 101",20071010
024,ETOBICOKE--LAKESHORE,46,57,2,20,26,3,"Toronto",230, ,0,0,0,154,314,"Christ the King Catholic School (Elementary)",20071010
024,ETOBICOKE--LAKESHORE,11,39,1,9,8,1,"Toronto",231, ,0,0,0,69,185,"James S. Bell Junior Middle School",20071010
024,ETOBICOKE--LAKESHORE,61,54,2,17,13,0,"Toronto",232, ,2,0,0,149,299,"James S. Bell Junior Middle School",20071010
024,ETOBICOKE--LAKESHORE,40,73,1,14,17,0,"Toronto",233, ,2,0,0,147,257,"Royal Canadian Legion, Branch 101",20071010
024,ETOBICOKE--LAKESHORE,34,69,3,25,23,0,"Toronto",235, ,0,0,0,154,330,"Christ the King Catholic School (Elementary)",20071010
024,ETOBICOKE--LAKESHORE,59,78,3,26,23,1,"Toronto",236, ,0,0,1,191,324,"Christ the King Catholic School (Elementary)",20071010
024,ETOBICOKE--LAKESHORE,28,29,1,14,10,2,"Toronto",237, ,1,0,0,85,212,"Royal Canadian Legion, Branch 101",20071010
024,ETOBICOKE--LAKESHORE,84,123,1,14,26,1,"Toronto",400, ,0,1,1,251,358,"Barclay Terrace",20071010
024,ETOBICOKE--LAKESHORE,62,97,5,20,13,4,"Toronto",401, ,0,2,1,204,314,"Barclay Terrace",20071010
024,ETOBICOKE--LAKESHORE,14,34,0,12,5,5,"Toronto",402, ,0,1,0,71,208,"Islington Junior Middle School",20071010
024,ETOBICOKE--LAKESHORE,25,33,0,11,10,6,"Toronto",403, ,1,5,0,91,254,"Islington Junior Middle School",20071010
024,ETOBICOKE--LAKESHORE,33,39,0,6,3,0,"Toronto",404, ,0,0,1,82,173,"All Saints Kingsway Anglican Church",20071010
024,ETOBICOKE--LAKESHORE,78,56,0,6,8,1,"Toronto",405, ,0,0,0,149,219,"Old Mill Towers",20071010
024,ETOBICOKE--LAKESHORE,..........................NO POLL HELD........................,,,,,,"Toronto",406, ,0,0,0,0,0,"",20071010
024,ETOBICOKE--LAKESHORE,24,33,0,14,11,0,"Toronto",407, ,0,0,0,82,164,"Church of the Resurrection",20071010
024,ETOBICOKE--LAKESHORE,24,54,0,10,9,0,"Toronto",408, ,4,1,0,102,184,"Church of the Resurrection",20071010
024,ETOBICOKE--LAKESHORE,22,123,1,37,9,5,"Toronto",409, ,1,0,1,199,566,"5005 Dundas Street West",20071010
024,ETOBICOKE--LAKESHORE,18,33,0,10,3,0,"Toronto",410, ,0,0,0,64,159,"Church of the Resurrection",20071010
024,ETOBICOKE--LAKESHORE,32,89,1,22,14,5,"Toronto",411, ,1,0,0,164,379,"52 Mabelle Avenue",20071010
024,ETOBICOKE--LAKESHORE,3,62,3,10,1,0,"Toronto",412, ,8,0,0,87,260,"41 Mabelle Avenue",20071010
024,ETOBICOKE--LAKESHORE,54,129,5,39,22,1,"Toronto",413, ,2,0,0,252,587,"Montgomery Mills",20071010
024,ETOBICOKE--LAKESHORE,18,63,1,26,16,2,"Toronto",414, ,1,2,1,130,352,"Montgomery Mills",20071010
024,ETOBICOKE--LAKESHORE,30,87,3,23,19,0,"Toronto",415, ,0,0,0,162,522,"Montgomery Mills",20071010
024,ETOBICOKE--LAKESHORE,27,48,3,21,10,2,"Toronto",416, ,0,0,0,111,233,"Lancaster",20071010
024,ETOBICOKE--LAKESHORE,43,36,1,4,11,2,"Toronto",417, ,0,0,0,97,149,"One Lomond",20071010
024,ETOBICOKE--LAKESHORE,39,42,0,6,4,0,"Toronto",418, ,2,0,0,93,164,"One Lomond",20071010
024,ETOBICOKE--LAKESHORE,120,130,3,16,10,4,"Toronto",419, ,0,0,0,283,418,"The Kingsway on the Park",20071010
024,ETOBICOKE--LAKESHORE,40,39,0,2,5,1,"Toronto",420, ,0,0,0,87,103,"St. Andrew on the Green",20071010
024,ETOBICOKE--LAKESHORE,59,97,1,30,16,4,"Toronto",421, ,0,0,2,209,639,"Eatonville Library",20071010
024,ETOBICOKE--LAKESHORE,30,58,1,18,4,1,"Toronto",422, ,0,0,0,112,322,"362 The East Mall",20071010
024,ETOBICOKE--LAKESHORE,71,95,1,28,12,3,"Toronto",423, ,2,1,0,213,423,"362 The East Mall",20071010
024,ETOBICOKE--LAKESHORE,50,65,4,16,9,1,"Toronto",424, ,0,0,0,145,310,"5233 Dundas Street West",20071010
024,ETOBICOKE--LAKESHORE,43,102,2,34,13,3,"Toronto",425, ,1,0,0,198,365,"Kings Gate Residence",20071010
024,ETOBICOKE--LAKESHORE,43,56,1,17,20,3,"Toronto",426, ,0,0,0,140,282,"Grenadier Landing",20071010
024,ETOBICOKE--LAKESHORE,29,36,2,7,11,0,"Toronto",427, ,1,0,0,86,171,"Nevis Condominiums",20071010
024,ETOBICOKE--LAKESHORE,159,154,1,15,13,0,"Toronto",428, ,1,1,2,346,600,"Palace Pier",20071010
024,ETOBICOKE--LAKESHORE,122,158,0,19,23,2,"Toronto",429, ,2,2,0,328,672,"Palace Place",20071010
024,ETOBICOKE--LAKESHORE,50,105,2,24,22,0,"Toronto",430, ,0,0,0,203,310,"Voyager at Waterview",20071010
024,ETOBICOKE--LAKESHORE,50,87,2,14,13,0,"Toronto",431, ,0,0,0,166,277,"Newport Beach",20071010
024,ETOBICOKE--LAKESHORE,55,58,3,11,13,0,"Toronto",432, ,0,1,0,141,265,"Waterford",20071010
024,ETOBICOKE--LAKESHORE,48,55,1,11,14,0,"Toronto",433, ,0,0,0,129,203,"Mystic Point Lofts II",20071010
024,ETOBICOKE--LAKESHORE,29,40,0,18,9,0,"Toronto",434, ,0,0,0,96,229,"Mystic Points Lofts III & IV",20071010
024,ETOBICOKE--LAKESHORE,73,64,2,14,13,0,"Toronto",435, ,0,1,0,167,336,"Grand Harbour",20071010
024,ETOBICOKE--LAKESHORE,50,89,1,14,16,1,"Toronto",436, ,1,0,0,172,308,"Marina Del Rey",20071010
024,ETOBICOKE--LAKESHORE,21,44,0,5,7,1,"Toronto",437, ,0,0,2,80,150,"Grand Harbour",20071010
024,ETOBICOKE--LAKESHORE,61,70,1,10,21,4,"Toronto",438, ,0,0,1,168,310,"Marina Del Rey",20071010
024,ETOBICOKE--LAKESHORE,87,108,2,26,21,2,"Toronto",439, ,0,0,0,246,418,"Marina Del Rey",20071010
024,ETOBICOKE--LAKESHORE,8,19,0,1,0,0,"Toronto",440, ,0,0,0,28,137,"Polish Alliance Hall",20071010
024,ETOBICOKE--LAKESHORE,14,33,0,15,5,0,"Toronto",441, ,0,0,0,67,164,"Polish Alliance Hall",20071010
024,ETOBICOKE--LAKESHORE,8,23,0,8,3,0,"Toronto",442, ,0,0,0,42,132,"Polish Alliance Hall",20071010
024,ETOBICOKE--LAKESHORE,20,44,2,20,5,0,"Toronto",443, ,0,0,0,91,213,"Storefront Humber",20071010
024,ETOBICOKE--LAKESHORE,33,51,2,21,15,4,"Toronto",444, ,0,2,0,128,193,"The Landmark Apartments",20071010
024,ETOBICOKE--LAKESHORE,9,13,0,6,4,0,"Toronto",445, ,0,0,0,32,101,"John English Community School",20071010
024,ETOBICOKE--LAKESHORE,12,19,0,10,3,0,"Toronto",446, ,0,0,0,44,100,"St. Ambrose Catholic School",20071010
024,ETOBICOKE--LAKESHORE,9,21,0,8,1,0,"Toronto",447, ,1,0,0,40,96,"Second Street Junior Middle School",20071010
024,ETOBICOKE--LAKESHORE,9,24,1,29,6,1,"Toronto",448, ,0,0,1,71,178,"St. Teresa Catholic School",20071010
024,ETOBICOKE--LAKESHORE,21,40,0,17,5,1,"Toronto",449, ,0,4,0,88,93,"The Wave",20071010
024,ETOBICOKE--LAKESHORE,1,8,0,6,5,0,"Toronto",450, ,0,1,0,21,71,"Robert Cooke Co-Operative Homes Incorporated",20071010
024,ETOBICOKE--LAKESHORE,2,31,1,16,2,0,"Toronto",451, ,0,0,0,52,131,"Robert Cooke Co-Operative Homes Incorporated",20071010
024,ETOBICOKE--LAKESHORE,10,38,2,14,2,0,"Toronto",452, ,2,0,0,68,184,"Robert Cooke Co-Operative Homes Incorporated",20071010
024,ETOBICOKE--LAKESHORE,8,51,6,17,3,2,"Toronto",453, ,0,0,0,87,162,"Barsa Kelly/Cari-Can Co-operative Homes",20071010
024,ETOBICOKE--LAKESHORE,27,16,2,11,6,5,"Toronto",454, ,0,0,0,67,143,"James S. Bell Junior Middle School",20071010
024,ETOBICOKE--LAKESHORE,47,59,1,24,7,0,"Toronto",455, ,1,0,0,139,252,"Lakeshore Park Estate",20071010
024,ETOBICOKE--LAKESHORE,11,8,4,16,2,2,"Toronto",456, ,0,1,0,44,103,"James S. Bell Junior Middle School",20071010
024,ETOBICOKE--LAKESHORE,8,30,0,15,4,0,"Toronto",457, ,0,0,0,57,148,"James S. Bell Junior Middle School",20071010
024,ETOBICOKE--LAKESHORE,13,23,1,8,4,0,"Toronto",458, ,0,1,0,50,139,"James S. Bell Junior Middle School",20071010
024,ETOBICOKE--LAKESHORE,13,9,2,14,1,0,"Toronto",459, ,0,0,0,39,114,"James S. Bell Junior Middle School",20071010
024,ETOBICOKE--LAKESHORE,16,15,0,6,2,0,"Toronto",460, ,0,0,0,39,121,"James S. Bell Junior Middle School",20071010
024,ETOBICOKE--LAKESHORE,50,53,1,6,5,0,"Toronto",461, ,0,0,0,115,191,"Terraces of Old Mill",20071010
024,ETOBICOKE--LAKESHORE,36,39,1,7,5,0,"Toronto",462, ,0,1,0,89,156,"The Dalesford",20071010
024,ETOBICOKE--LAKESHORE,33,73,2,17,19,0,"Toronto",463, ,0,0,0,144,329,"The Tides",20071010
024,ETOBICOKE--LAKESHORE,51,78,6,20,18,1,"Toronto",464, ,0,1,0,175,375,"5233 Dundas Street West",20071010
024,ETOBICOKE--LAKESHORE,472,697,6,136,89,13,"Toronto",Advanced Polls /  ADV001, ,2,0,0,1415,0,"Returning Office / Bureau du directeur du scrutin",20071010
024,ETOBICOKE--LAKESHORE,141,254,2,77,25,3,"Toronto",Advanced Polls /  ADV002, ,0,0,2,504,0,"Franklin Horner Community Centre",20071010
024,ETOBICOKE--LAKESHORE,174,299,8,93,38,4,"Toronto",Advanced Polls /  ADV003, ,2,0,0,618,0,"Mimico Adult Centre",20071010
024,ETOBICOKE--LAKESHORE,353,606,2,99,88,5,"Toronto",Advanced Polls /  ADV004, ,2,3,2,1160,0,"Cloverdale Mall",20071010
TOTALS:, ,13482,20218,480,5837,3467,478, , , , , , , , , , 
