ED_CODE,ED_NAME,CAPLAN,HAITAS,HYNES,KARGIANNAKIS,KENNEDY,KIDD,SIMMONS,PLACE_NAME,POLL_NUMBER,RURAL_INDICATOR,REJECTED,UNMARKED,DECLINED,VOTER_TURNOUT,ELECTORS,POLL_LOCATION,POLL_DATE
016,DON VALLEY EAST,153,26,19,12,37,1,0,"Toronto",001, ,0,2,0,250,572,"Cherokee Public School",20071010
016,DON VALLEY EAST,117,15,15,4,38,1,0,"Toronto",002, ,0,0,0,190,494,"Cherokee Public School",20071010
016,DON VALLEY EAST,130,33,20,10,31,4,0,"Toronto",003, ,0,1,0,229,478,"Cherokee Public School",20071010
016,DON VALLEY EAST,109,16,17,8,39,1,2,"Toronto",004, ,0,1,0,193,498,"Cherokee Public School",20071010
016,DON VALLEY EAST,129,9,16,1,46,1,0,"Toronto",005, ,0,1,0,203,490,"Seneca Hill Public School",20071010
016,DON VALLEY EAST,84,11,16,2,37,2,0,"Toronto",006, ,0,0,0,152,406,"Ernest Public School",20071010
016,DON VALLEY EAST,122,12,15,0,45,0,0,"Toronto",007, ,1,0,0,195,502,"Cherokee Public School",20071010
016,DON VALLEY EAST,172,10,31,4,67,0,2,"Toronto",008, ,1,3,2,292,598,"Crestview Public School",20071010
016,DON VALLEY EAST,140,12,11,4,66,2,2,"Toronto",009, ,1,0,0,238,495,"Seneca Hill Public School",20071010
016,DON VALLEY EAST,113,8,9,2,75,0,0,"Toronto",010, ,1,1,0,209,462,"Ernest Public School",20071010
016,DON VALLEY EAST,127,10,24,4,46,4,1,"Toronto",011, ,3,3,0,222,447,"Ernest Public School",20071010
016,DON VALLEY EAST,113,12,25,2,45,3,0,"Toronto",012, ,1,0,0,201,512,"Crestview Public School",20071010
016,DON VALLEY EAST,142,23,19,4,55,1,1,"Toronto",013, ,1,0,0,246,509,"Crestview Public School",20071010
016,DON VALLEY EAST,78,8,11,0,47,2,0,"Toronto",014, ,0,0,0,146,397,"Crestview Public School",20071010
016,DON VALLEY EAST,58,7,11,1,15,0,0,"Toronto",015, ,5,2,0,99,246,"Crestview Public School",20071010
016,DON VALLEY EAST,172,19,7,5,56,1,1,"Toronto",016, ,1,0,0,262,503,"Seneca Hill Public School",20071010
016,DON VALLEY EAST,108,15,18,7,45,1,0,"Toronto",017, ,6,0,0,200,475,"Ernest Public School",20071010
016,DON VALLEY EAST,134,13,13,10,80,0,0,"Toronto",018, ,0,0,0,250,483,"Pleasantview Junior High",20071010
016,DON VALLEY EAST,182,20,9,4,59,0,1,"Toronto",019, ,1,1,0,277,521,"Pleasantview Junior High",20071010
016,DON VALLEY EAST,128,6,7,1,53,1,2,"Toronto",020, ,0,1,0,199,474,"Crestview Public School",20071010
016,DON VALLEY EAST,109,19,0,1,58,0,0,"Toronto",021, ,1,0,12,200,419,"St. Matthias Separate School",20071010
016,DON VALLEY EAST,98,8,24,2,45,5,1,"Toronto",022, ,1,0,0,184,399,"St. Matthias Separate School",20071010
016,DON VALLEY EAST,115,4,11,1,40,2,0,"Toronto",023, ,0,1,0,174,416,"Kingslake Public School",20071010
016,DON VALLEY EAST,119,9,23,2,71,5,1,"Toronto",024, ,1,0,0,231,483,"Kingslake Public School",20071010
016,DON VALLEY EAST,144,16,16,2,46,0,0,"Toronto",025, ,0,0,0,224,460,"St. Gerald Separate School",20071010
016,DON VALLEY EAST,112,16,15,2,45,1,0,"Toronto",026, ,1,3,0,195,391,"St. Matthias Separate School",20071010
016,DON VALLEY EAST,68,16,15,3,43,1,0,"Toronto",027, ,0,0,0,146,387,"St. Matthias Separate School",20071010
016,DON VALLEY EAST,148,16,16,1,72,2,1,"Toronto",028, ,1,3,0,260,532,"Muirhead Public School",20071010
016,DON VALLEY EAST,108,17,26,1,52,2,1,"Toronto",029, ,3,0,0,210,399,"Muirhead Public School",20071010
016,DON VALLEY EAST,127,18,19,3,43,0,1,"Toronto",030, ,1,0,0,212,465,"St. Gerald Separate School",20071010
016,DON VALLEY EAST,119,20,18,5,61,2,0,"Toronto",031, ,0,1,1,227,492,"St. Gerald Separate School",20071010
016,DON VALLEY EAST,138,18,18,4,37,0,0,"Toronto",032, ,0,4,2,221,431,"St. Gerald Separate School",20071010
016,DON VALLEY EAST,120,15,14,1,49,0,0,"Toronto",033, ,0,0,0,199,450,"Dallington Public School",20071010
016,DON VALLEY EAST,110,20,10,5,75,2,2,"Toronto",034, ,0,0,0,224,420,"Dallington Public School",20071010
016,DON VALLEY EAST,190,23,34,0,53,2,0,"Toronto",035, ,1,1,0,304,671,"Dallington Public School",20071010
016,DON VALLEY EAST,82,6,21,0,6,2,1,"Toronto",036, ,1,1,0,120,299,"Kingslake Public School",20071010
016,DON VALLEY EAST,91,10,7,0,40,0,0,"Toronto",037, ,0,0,1,149,340,"Muirhead Public School",20071010
016,DON VALLEY EAST,109,15,16,2,34,0,0,"Toronto",038, ,1,1,0,178,386,"Muirhead Public School",20071010
016,DON VALLEY EAST,96,22,13,0,53,0,0,"Toronto",039, ,1,0,0,185,410,"Dallington Public School",20071010
016,DON VALLEY EAST,42,5,7,0,28,0,0,"Toronto",040s, ,1,1,0,84,200,"Senior's Health Centre (North York Hospital)",20071010
016,DON VALLEY EAST,118,7,15,4,84,4,1,"Toronto",041, ,2,1,0,236,461,"Dallington Public School",20071010
016,DON VALLEY EAST,60,8,18,2,52,0,0,"Toronto",042, ,0,0,0,140,281,"Shaughnessy Public School",20071010
016,DON VALLEY EAST,44,8,9,0,7,0,0,"Toronto",043, ,0,0,0,68,231,"Forest Manor Public School",20071010
016,DON VALLEY EAST,35,2,15,0,9,4,0,"Toronto",044, ,0,0,0,65,211,"Forest Manor Public School",20071010
016,DON VALLEY EAST,143,7,23,4,53,0,0,"Toronto",045, ,5,0,0,235,397,"St. Gerald Separate School",20071010
016,DON VALLEY EAST,......................COMBINED WITH POLL 040s ....................,,,,,,,"Toronto",046s, ,,,,,,"North York General Hospital",20071010
016,DON VALLEY EAST,56,13,16,2,87,0,0,"Toronto",047, ,1,0,0,175,354,"Shaughnessy Public School",20071010
016,DON VALLEY EAST,119,17,21,4,108,0,1,"Toronto",048, ,3,0,0,273,468,"Shaughnessy Public School",20071010
016,DON VALLEY EAST,95,4,21,2,30,1,0,"Toronto",049, ,0,1,0,154,336,"Forest Manor Public School",20071010
016,DON VALLEY EAST,119,16,7,3,66,0,0,"Toronto",050, ,1,0,0,212,395,"Shaughnessy Public School",20071010
016,DON VALLEY EAST,80,3,19,0,13,0,1,"Toronto",051, ,0,0,0,116,247,"Forest Manor Public School",20071010
016,DON VALLEY EAST,102,13,19,4,47,1,0,"Toronto",052, ,1,2,0,189,465,"Donview Middle School",20071010
016,DON VALLEY EAST,121,8,31,3,70,1,0,"Toronto",053, ,0,1,0,235,526,"Roywood Public School",20071010
016,DON VALLEY EAST,126,12,18,1,56,1,1,"Toronto",054, ,0,0,0,215,456,"Roywood Public School",20071010
016,DON VALLEY EAST,105,18,18,3,46,2,0,"Toronto",055, ,0,2,0,194,438,"Roywood Public School",20071010
016,DON VALLEY EAST,65,16,8,0,30,2,0,"Toronto",056, ,1,2,0,124,290,"Donview Middle School",20071010
016,DON VALLEY EAST,145,13,21,2,60,2,1,"Toronto",057, ,1,1,0,246,456,"Donview Middle School",20071010
016,DON VALLEY EAST,33,9,13,1,24,2,0,"Toronto",058, ,1,0,0,83,248,"Donview Middle School",20071010
016,DON VALLEY EAST,62,5,12,0,31,1,0,"Toronto",059, ,2,0,0,113,315,"Roywood Public School",20071010
016,DON VALLEY EAST,39,1,23,0,15,2,0,"Toronto",060, ,0,0,0,80,231,"Brookbanks Public Library",20071010
016,DON VALLEY EAST,25,9,14,0,13,0,0,"Toronto",061, ,0,0,0,61,202,"Brookbanks Public Library",20071010
016,DON VALLEY EAST,104,5,13,3,50,0,2,"Toronto",062, ,0,0,0,177,416,"Roywood Public School",20071010
016,DON VALLEY EAST,9,0,2,1,7,0,0,"Toronto",063s, ,1,0,0,20,30,"Meadowcroft Place Retirement Centre",20071010
016,DON VALLEY EAST,57,2,11,0,12,0,1,"Toronto",064, ,1,0,0,84,296,"Victoria Park Collegiate Institute",20071010
016,DON VALLEY EAST,109,19,13,2,85,0,0,"Toronto",065, ,0,0,0,228,446,"Rene Gordon Elementary School",20071010
016,DON VALLEY EAST,79,29,31,1,58,0,0,"Toronto",066, ,0,0,0,198,374,"Rene Gordon Elementary School",20071010
016,DON VALLEY EAST,48,3,11,0,16,1,0,"Toronto",067, ,0,0,0,79,327,"Donview Middle School",20071010
016,DON VALLEY EAST,39,6,13,0,24,1,0,"Toronto",068, ,2,1,0,86,260,"Victoria Park Collegiate Institute",20071010
016,DON VALLEY EAST,114,17,9,1,65,2,0,"Toronto",069, ,1,1,0,210,398,"Victoria Park Collegiate Institute",20071010
016,DON VALLEY EAST,32,3,6,1,10,0,0,"Toronto",070, ,0,0,0,52,244,"Victoria Park Collegiate Institute",20071010
016,DON VALLEY EAST,34,3,3,0,9,0,2,"Toronto",071, ,0,0,0,51,176,"Brookbanks Public Library",20071010
016,DON VALLEY EAST,49,6,6,2,19,0,0,"Toronto",072, ,1,0,0,83,259,"Victoria Park Collegiate Institute",20071010
016,DON VALLEY EAST,120,14,32,3,36,0,0,"Toronto",073, ,2,2,0,209,469,"Victoria Park Collegiate Institute",20071010
016,DON VALLEY EAST,95,24,15,8,105,0,0,"Toronto",074, ,0,0,0,247,450,"Rene Gordon Elementary School",20071010
016,DON VALLEY EAST,104,20,15,1,87,1,1,"Toronto",075, ,0,0,0,229,410,"Three Valleys Public School",20071010
016,DON VALLEY EAST,54,12,12,1,31,0,0,"Toronto",076, ,0,0,0,110,327,"Victoria Park Collegiate Institute",20071010
016,DON VALLEY EAST,83,8,16,1,36,0,0,"Toronto",077, ,0,0,0,144,301,"Victoria Park Collegiate Institute",20071010
016,DON VALLEY EAST,113,12,16,2,78,0,0,"Toronto",078, ,2,0,0,223,394,"Three Valleys Public School",20071010
016,DON VALLEY EAST,41,6,19,1,31,0,2,"Toronto",079, ,0,0,0,100,331,"Ranchdale Public School",20071010
016,DON VALLEY EAST,80,6,13,0,62,0,0,"Toronto",080, ,0,0,0,161,315,"Cassandra Public School",20071010
016,DON VALLEY EAST,99,13,18,3,98,0,0,"Toronto",081, ,0,0,1,232,377,"Ranchdale Public School",20071010
016,DON VALLEY EAST,83,16,28,2,60,0,1,"Toronto",082, ,1,1,2,194,453,"Ranchdale Public School",20071010
016,DON VALLEY EAST,86,5,17,0,76,5,0,"Toronto",083, ,0,0,0,189,335,"Ranchdale Public School",20071010
016,DON VALLEY EAST,46,0,16,0,20,2,0,"Toronto",084, ,0,0,0,84,328,"Cassandra Public School",20071010
016,DON VALLEY EAST,105,12,12,2,105,0,0,"Toronto",085, ,0,0,0,236,381,"Cassandra Public School",20071010
016,DON VALLEY EAST,100,11,22,2,65,2,2,"Toronto",086, ,2,1,0,207,385,"Ranchdale Public School",20071010
016,DON VALLEY EAST,118,19,17,1,111,0,0,"Toronto",087, ,0,0,0,266,423,"Three Valleys Public School",20071010
016,DON VALLEY EAST,134,21,18,10,82,0,0,"Toronto",088, ,0,0,0,265,483,"Cassandra Public School",20071010
016,DON VALLEY EAST,92,8,16,6,33,2,0,"Toronto",089, ,0,0,0,157,333,"Cassandra Public School",20071010
016,DON VALLEY EAST,113,16,3,0,95,2,0,"Toronto",090, ,0,2,1,232,377,"St. Catherine Separate School",20071010
016,DON VALLEY EAST,122,14,24,4,74,1,1,"Toronto",091, ,2,0,1,243,429,"St. Catherine Separate School",20071010
016,DON VALLEY EAST,109,6,13,0,56,2,0,"Toronto",092, ,0,0,0,186,377,"St. Catherine Separate School",20071010
016,DON VALLEY EAST,83,20,14,6,64,0,1,"Toronto",093, ,0,1,0,189,372,"Don Mills Middle School",20071010
016,DON VALLEY EAST,71,5,23,2,47,0,0,"Toronto",094, ,3,0,0,151,298,"St. Catherine Separate School",20071010
016,DON VALLEY EAST,52,3,15,3,15,0,0,"Toronto",095, ,0,0,0,88,239,"St. Catherine Separate School",20071010
016,DON VALLEY EAST,59,17,17,0,39,0,1,"Toronto",096, ,0,0,0,133,298,"St. Catherine Separate School",20071010
016,DON VALLEY EAST,72,6,9,0,22,0,0,"Toronto",097, ,0,0,0,109,253,"Don Mills Middle School",20071010
016,DON VALLEY EAST,36,5,16,0,17,0,0,"Toronto",098, ,0,0,0,74,193,"Don Mills Middle School",20071010
016,DON VALLEY EAST,50,12,10,7,32,1,0,"Toronto",099, ,2,1,0,115,244,"Don Mills Middle School",20071010
016,DON VALLEY EAST,95,14,15,5,77,4,0,"Toronto",100, ,0,0,0,210,351,"St. Catherine Separate School",20071010
016,DON VALLEY EAST,112,17,21,10,75,0,0,"Toronto",101, ,1,0,1,237,441,"Victoria Village Public School",20071010
016,DON VALLEY EAST,100,5,13,4,51,0,1,"Toronto",102, ,0,0,0,174,384,"Victoria Village Public School",20071010
016,DON VALLEY EAST,38,4,17,1,23,0,0,"Toronto",103, ,1,0,0,84,170,"Don Mills Middle School",20071010
016,DON VALLEY EAST,46,11,10,1,35,0,0,"Toronto",104s, ,0,0,0,103,145,"Donway Place",20071010
016,DON VALLEY EAST,54,5,10,1,25,0,0,"Toronto",105, ,0,1,0,96,255,"Don Mills Middle School",20071010
016,DON VALLEY EAST,62,3,7,2,37,0,0,"Toronto",106s, ,0,2,1,114,184,"Donway Place",20071010
016,DON VALLEY EAST,67,14,13,0,26,2,0,"Toronto",107, ,0,0,0,122,230,"Don Mills Middle School",20071010
016,DON VALLEY EAST,122,32,30,4,87,1,1,"Toronto",108, ,1,1,0,279,505,"Greenland Public School",20071010
016,DON VALLEY EAST,147,20,16,6,61,0,0,"Toronto",109, ,1,0,0,251,461,"Victoria Village Public School",20071010
016,DON VALLEY EAST,135,12,15,7,75,2,1,"Toronto",110, ,0,3,0,250,424,"Victoria Village Public School",20071010
016,DON VALLEY EAST,39,5,14,0,22,0,0,"Toronto",111, ,0,0,0,80,268,"Victoria Village Public School",20071010
016,DON VALLEY EAST,53,11,15,1,17,0,0,"Toronto",112, ,0,1,0,98,261,"Emmanuel Lutheran Manor",20071010
016,DON VALLEY EAST,35,9,18,2,20,0,0,"Toronto",113, ,0,0,0,84,167,"Greenland Public School",20071010
016,DON VALLEY EAST,66,12,21,2,37,0,3,"Toronto",114, ,0,0,0,141,294,"Greenland Public School",20071010
016,DON VALLEY EAST,109,11,17,0,67,0,0,"Toronto",115, ,0,0,0,204,456,"Greenland Public School",20071010
016,DON VALLEY EAST,121,11,16,4,85,0,0,"Toronto",116, ,0,2,0,239,432,"Victoria Village Public School",20071010
016,DON VALLEY EAST,55,11,17,3,38,0,0,"Toronto",117, ,0,0,0,124,275,"Sloane Public School",20071010
016,DON VALLEY EAST,72,18,6,10,54,0,0,"Toronto",118, ,2,0,0,162,349,"Emmanuel Lutheran Manor",20071010
016,DON VALLEY EAST,49,18,6,2,17,1,1,"Toronto",119, ,1,0,0,95,352,"Emmanuel Lutheran Manor",20071010
016,DON VALLEY EAST,33,11,16,1,30,1,3,"Toronto",120, ,2,1,0,98,228,"Greenland Public School",20071010
016,DON VALLEY EAST,49,7,13,1,29,1,1,"Toronto",121, ,1,0,0,102,292,"Greenland Public School",20071010
016,DON VALLEY EAST,30,4,14,2,17,0,0,"Toronto",122, ,0,0,0,67,180,"Sloane Public School",20071010
016,DON VALLEY EAST,30,2,7,0,18,1,1,"Toronto",123, ,2,0,0,61,179,"Sloane Public School",20071010
016,DON VALLEY EAST,33,7,12,1,29,1,0,"Toronto",124, ,0,0,0,83,221,"Sloane Public School",20071010
016,DON VALLEY EAST,52,10,10,4,22,0,0,"Toronto",125, ,0,0,1,99,250,"Emmanuel Lutheran Manor",20071010
016,DON VALLEY EAST,118,13,23,7,54,0,0,"Toronto",126, ,3,0,0,218,397,"Emmanuel Lutheran Manor",20071010
016,DON VALLEY EAST,77,4,20,1,40,0,0,"Toronto",127, ,0,0,0,142,301,"Emmanuel Lutheran Manor",20071010
016,DON VALLEY EAST,..........................NO POLL HELD........................,,,,,,,"Toronto",128, ,0,0,0,0,0,"",20071010
016,DON VALLEY EAST,83,6,22,2,26,0,0,"Toronto",129, ,0,0,0,139,369,"Scarborough Christian School",20071010
016,DON VALLEY EAST,97,9,12,3,24,2,0,"Toronto",130, ,7,0,0,154,406,"Scarborough Christian School",20071010
016,DON VALLEY EAST,112,9,13,4,29,0,1,"Toronto",131, ,0,0,0,168,444,"Scarborough Christian School",20071010
016,DON VALLEY EAST,..........................NO POLL HELD........................,,,,,,,"Toronto",132s, ,0,0,0,0,0,"",20071010
016,DON VALLEY EAST,9,0,1,0,6,0,0,"Toronto",133s, ,0,1,0,17,148,"O'Connor Court",20071010
016,DON VALLEY EAST,12,1,6,0,9,0,0,"Toronto",134s, ,0,0,0,28,153,"O'Connor Gate",20071010
016,DON VALLEY EAST,49,4,16,0,21,0,1,"Toronto",135, ,0,0,0,91,208,"Victoria Towne Recreation Centre",20071010
016,DON VALLEY EAST,37,4,12,2,30,1,0,"Toronto",136, ,0,0,0,86,251,"Scarborough Christian School",20071010
016,DON VALLEY EAST,55,3,23,0,18,2,0,"Toronto",137, ,1,0,0,102,283,"Scarborough Christian School",20071010
016,DON VALLEY EAST,88,15,21,0,30,0,0,"Toronto",400, ,2,0,0,156,381,"Cherokee Apartments",20071010
016,DON VALLEY EAST,95,3,17,1,27,1,0,"Toronto",401, ,1,1,0,146,304,"Warren Court",20071010
016,DON VALLEY EAST,103,11,25,4,30,1,0,"Toronto",402, ,1,1,0,176,343,"Crestview Place South Tower",20071010
016,DON VALLEY EAST,88,8,21,3,28,2,1,"Toronto",403, ,3,2,0,156,292,"Crestview Place North Tower",20071010
016,DON VALLEY EAST,90,12,29,2,34,1,0,"Toronto",404, ,1,5,0,174,368,"Crestview Place East Tower",20071010
016,DON VALLEY EAST,156,7,11,1,47,1,0,"Toronto",405, ,1,1,0,225,391,"Highpoint Apartments",20071010
016,DON VALLEY EAST,146,5,16,6,84,1,1,"Toronto",406, ,2,0,0,261,449,"Don Mills Apartment",20071010
016,DON VALLEY EAST,116,6,18,2,90,3,1,"Toronto",407, ,0,2,0,238,395,"Skymark Recreation Centre",20071010
016,DON VALLEY EAST,110,8,19,3,13,1,0,"Toronto",408, ,5,0,0,159,288,"Majorca Towers",20071010
016,DON VALLEY EAST,66,4,9,0,11,1,0,"Toronto",409, ,0,0,0,91,182,"Leonardo Towers",20071010
016,DON VALLEY EAST,55,8,15,0,14,1,1,"Toronto",410, ,0,2,0,96,160,"Royale Towers",20071010
016,DON VALLEY EAST,61,5,13,1,17,0,1,"Toronto",411, ,0,0,0,98,186,"Deerford Apartments",20071010
016,DON VALLEY EAST,72,5,21,3,30,2,1,"Toronto",412, ,0,1,2,137,257,"Van Horne Clipper Place",20071010
016,DON VALLEY EAST,61,12,13,0,24,0,0,"Toronto",413, ,1,1,1,113,235,"Clipper Apartments",20071010
016,DON VALLEY EAST,71,5,14,0,26,0,0,"Toronto",414, ,0,3,0,119,219,"Barcelona",20071010
016,DON VALLEY EAST,67,9,18,1,20,0,0,"Toronto",415, ,0,0,0,115,256,"Attache North",20071010
016,DON VALLEY EAST,48,12,13,0,8,0,1,"Toronto",416, ,0,0,1,83,167,"Attache South",20071010
016,DON VALLEY EAST,40,6,24,0,12,1,1,"Toronto",417, ,0,0,0,84,182,"Valleyview Towers",20071010
016,DON VALLEY EAST,66,5,14,2,21,1,0,"Toronto",418, ,0,0,0,109,189,"Alben Towers",20071010
016,DON VALLEY EAST,43,7,18,2,16,1,2,"Toronto",419, ,3,0,0,92,182,"Century Towers",20071010
016,DON VALLEY EAST,72,9,9,2,17,0,0,"Toronto",420, ,6,0,0,115,215,"Casa Topaz",20071010
016,DON VALLEY EAST,46,3,9,0,9,0,0,"Toronto",421, ,0,0,0,67,188,"Dunhill Towers",20071010
016,DON VALLEY EAST,33,1,5,2,20,0,1,"Toronto",422, ,0,0,0,62,144,"Valley Hill",20071010
016,DON VALLEY EAST,33,2,11,0,12,0,0,"Toronto",423, ,0,2,0,60,211,"Kingslake Public School",20071010
016,DON VALLEY EAST,79,6,22,1,19,1,0,"Toronto",424, ,0,0,0,128,240,"Golden Olympus",20071010
016,DON VALLEY EAST,76,7,26,3,24,3,1,"Toronto",425, ,1,0,0,141,270,"Bonneville Towers",20071010
016,DON VALLEY EAST,87,6,14,0,18,0,0,"Toronto",426, ,1,0,0,126,289,"Esterbrooke Apartments",20071010
016,DON VALLEY EAST,48,5,11,1,20,1,0,"Toronto",427, ,2,0,0,88,178,"Fairview Apartments",20071010
016,DON VALLEY EAST,102,12,30,3,22,1,1,"Toronto",428, ,0,0,0,171,295,"Royal Hill",20071010
016,DON VALLEY EAST,60,3,12,0,19,0,0,"Toronto",429, ,1,2,1,98,219,"Hunters Lodge",20071010
016,DON VALLEY EAST,76,9,11,0,20,0,0,"Toronto",430, ,1,0,1,118,249,"Popular Grove",20071010
016,DON VALLEY EAST,68,8,21,2,23,0,0,"Toronto",431, ,3,0,1,126,239,"121 Parkway Forest Drive",20071010
016,DON VALLEY EAST,99,19,23,6,36,1,0,"Toronto",432, ,1,1,0,186,342,"Muirhead Apartments",20071010
016,DON VALLEY EAST,116,10,13,1,41,0,0,"Toronto",433, ,0,0,0,181,291,"Crossroads Building B",20071010
016,DON VALLEY EAST,116,10,24,1,42,0,0,"Toronto",434, ,0,1,0,194,310,"Cross Roads",20071010
016,DON VALLEY EAST,45,8,11,2,18,1,0,"Toronto",435, ,0,0,3,88,181,"Sunrise Towers",20071010
016,DON VALLEY EAST,65,13,16,1,17,0,1,"Toronto",436, ,0,0,0,113,286,"Elm Grove",20071010
016,DON VALLEY EAST,41,4,10,0,9,0,0,"Toronto",437, ,11,4,0,79,170,"Ash Grove",20071010
016,DON VALLEY EAST,69,6,9,0,22,0,2,"Toronto",438, ,0,0,0,108,256,"Pine Grove",20071010
016,DON VALLEY EAST,55,5,14,0,17,0,0,"Toronto",439, ,0,0,0,91,202,"Willow Grove",20071010
016,DON VALLEY EAST,102,8,36,6,21,1,0,"Toronto",440, ,2,1,0,177,291,"Parkway Towers",20071010
016,DON VALLEY EAST,33,3,14,1,13,1,0,"Toronto",441, ,1,0,0,66,145,"Forest Manor Public School",20071010
016,DON VALLEY EAST,79,6,21,0,23,0,0,"Toronto",442, ,0,0,0,129,270,"Forest Manor Public School",20071010
016,DON VALLEY EAST,71,5,27,2,23,3,1,"Toronto",443, ,0,1,0,133,308,"Laurel Grove",20071010
016,DON VALLEY EAST,65,5,15,0,23,2,0,"Toronto",444, ,0,0,0,110,217,"Belmont Towers",20071010
016,DON VALLEY EAST,69,4,15,1,16,2,0,"Toronto",445, ,0,0,0,107,223,"Havenbrook Towers",20071010
016,DON VALLEY EAST,162,5,36,2,37,1,2,"Toronto",446, ,0,0,2,247,497,"5 Parkway Forest Drive",20071010
016,DON VALLEY EAST,50,4,16,0,11,1,0,"Toronto",447, ,1,0,0,83,278,"Graydon Hall Manor North",20071010
016,DON VALLEY EAST,52,5,14,0,17,2,0,"Toronto",448, ,10,0,1,101,272,"Graydon Hall Manor East",20071010
016,DON VALLEY EAST,87,9,15,0,11,0,0,"Toronto",449, ,1,0,0,123,253,"Courtleigh Manor",20071010
016,DON VALLEY EAST,98,6,25,1,43,0,0,"Toronto",450, ,0,0,0,173,313,"York Valley Condominiums",20071010
016,DON VALLEY EAST,106,8,47,0,27,2,2,"Toronto",451, ,2,0,0,194,344,"Labourer's 138",20071010
016,DON VALLEY EAST,93,6,21,1,28,0,0,"Toronto",452, ,0,0,0,149,295,"Operating Engineers",20071010
016,DON VALLEY EAST,83,22,19,4,37,0,1,"Toronto",453, ,0,1,0,167,346,"Graydon Hall Heights",20071010
016,DON VALLEY EAST,73,17,22,2,44,0,0,"Toronto",454, ,1,0,0,159,320,"Graydon Hall Manor West",20071010
016,DON VALLEY EAST,130,4,25,3,50,1,0,"Toronto",455, ,0,0,1,214,379,"Manor House Apartments",20071010
016,DON VALLEY EAST,21,3,3,1,10,0,0,"Toronto",456, ,0,0,0,38,119,"Roywood Public School",20071010
016,DON VALLEY EAST,109,13,20,4,31,3,1,"Toronto",457, ,0,0,0,181,350,"York Valley Condominiums",20071010
016,DON VALLEY EAST,55,6,14,3,31,0,0,"Toronto",458, ,0,1,0,110,220,"York Valley Condominiums",20071010
016,DON VALLEY EAST,66,4,25,2,16,2,0,"Toronto",459, ,1,0,0,116,261,"The York Mills",20071010
016,DON VALLEY EAST,59,7,20,1,17,1,0,"Toronto",460, ,1,2,0,108,234,"Arbre Ville Apartments",20071010
016,DON VALLEY EAST,31,10,27,2,18,0,1,"Toronto",461, ,4,0,0,93,236,"Top of the Valley Apartments",20071010
016,DON VALLEY EAST,99,15,27,0,44,0,0,"Toronto",462, ,0,0,0,185,304,"Wycliffe Mews",20071010
016,DON VALLEY EAST,68,3,11,3,23,0,0,"Toronto",463, ,3,1,0,112,179,"Cassandra Towers",20071010
016,DON VALLEY EAST,67,3,18,1,33,4,1,"Toronto",464, ,0,1,0,128,223,"Cassandra Towers",20071010
016,DON VALLEY EAST,22,6,7,1,12,0,0,"Toronto",465, ,4,0,1,53,90,"Bellair Gardens",20071010
016,DON VALLEY EAST,42,3,10,0,21,0,0,"Toronto",466, ,0,0,0,76,169,"Top of the Valley Apartments",20071010
016,DON VALLEY EAST,50,11,19,0,29,0,1,"Toronto",467, ,0,0,0,110,195,"Top of the Valley Apartments",20071010
016,DON VALLEY EAST,53,4,16,0,20,0,0,"Toronto",468, ,2,1,0,96,189,"Welsford Gardens",20071010
016,DON VALLEY EAST,109,4,27,3,24,1,1,"Toronto",469, ,0,0,0,169,314,"Sagebrush Towers",20071010
016,DON VALLEY EAST,94,7,13,2,28,1,1,"Toronto",470, ,1,0,0,147,326,"Rowena Apartments",20071010
016,DON VALLEY EAST,24,2,12,0,13,1,0,"Toronto",471, ,1,0,0,53,134,"Curlew Gardens Apartments",20071010
016,DON VALLEY EAST,64,5,20,1,19,1,0,"Toronto",472, ,1,0,0,111,234,"Summitt Place",20071010
016,DON VALLEY EAST,90,3,19,0,13,1,0,"Toronto",473, ,0,1,0,127,338,"Greenbriar Apartments",20071010
016,DON VALLEY EAST,75,9,23,1,19,1,2,"Toronto",474, ,0,5,0,135,287,"Greenbriar Apartments",20071010
016,DON VALLEY EAST,..........................NO POLL HELD........................,,,,,,,"Toronto",475, ,0,0,0,0,0,"",20071010
016,DON VALLEY EAST,92,18,16,3,50,0,2,"Toronto",476, ,2,1,0,184,315,"Oasis Condominiums",20071010
016,DON VALLEY EAST,87,17,17,1,33,0,0,"Toronto",477, ,2,0,0,157,271,"Paradise Condominium",20071010
016,DON VALLEY EAST,58,5,9,4,16,0,0,"Toronto",478, ,1,0,0,93,149,"Soleil Condominiums",20071010
016,DON VALLEY EAST,38,4,13,1,12,0,0,"Toronto",479, ,2,0,0,70,141,"Building C",20071010
016,DON VALLEY EAST,38,5,12,1,19,0,1,"Toronto",480, ,0,0,0,76,154,"Victoria Park Towers",20071010
016,DON VALLEY EAST,25,5,20,2,20,0,0,"Toronto",481, ,0,1,0,73,170,"Victoria Park Towers",20071010
016,DON VALLEY EAST,61,5,10,1,11,1,0,"Toronto",482, ,1,1,0,91,197,"Golden Gate Apartments",20071010
016,DON VALLEY EAST,182,8,18,3,14,1,1,"Toronto",483, ,0,11,0,238,360,"Sunrise Towers",20071010
016,DON VALLEY EAST,384,39,71,6,204,6,7,"Toronto",Advanced Polls /  ADV001, ,4,4,2,727,0,"Returning Office / Bureau du directeur du scrutin",20071010
016,DON VALLEY EAST,569,63,68,8,219,9,1,"Toronto",Advanced Polls /  ADV002, ,5,4,0,946,0,"Pleasantview Public Library",20071010
016,DON VALLEY EAST,242,30,49,6,121,0,0,"Toronto",Advanced Polls /  ADV003, ,0,0,0,448,0,"Victoria Village Public Library",20071010
016,DON VALLEY EAST,417,46,49,3,210,8,4,"Toronto",Advanced Polls /  ADV004, ,2,2,0,741,0,"Brookbanks Public Library",20071010
TOTALS:, ,19667,2287,3759,467,8878,198,99, , , , , , , , , , 
