ED_CODE,ED_NAME,DE JONG ,FERREIRA,GARCIA,KOURI,MCKEE ,RUPRECHT,VALDEZ,VENUTO,PLACE_NAME,POLL_NUMBER,RURAL_INDICATOR,REJECTED,UNMARKED,DECLINED,VOTER_TURNOUT,ELECTORS,POLL_LOCATION,POLL_DATE
015,DAVENPORT,1,23,6,0,1,33,1,1,"Toronto",001, ,2,0,0,68,190,"Ennerdale Road Baptist Church Incorporated",20071010
015,DAVENPORT,9,40,12,0,3,65,2,2,"Toronto",002, ,3,0,0,136,308,"Ennerdale Road Baptist Church Incorporated",20071010
015,DAVENPORT,1,42,13,0,1,74,0,1,"Toronto",003, ,1,0,0,133,360,"Ennerdale Road Baptist Church Incorporated",20071010
015,DAVENPORT,4,21,8,0,0,44,0,0,"Toronto",004, ,1,1,0,79,245,"Horizons for Youth",20071010
015,DAVENPORT,7,47,20,0,0,64,0,3,"Toronto",005, ,0,0,0,141,356,"Horizons for Youth",20071010
015,DAVENPORT,7,24,14,0,1,61,0,3,"Toronto",006, ,0,0,1,111,254,"Fairbank Memorial Community Elementary School",20071010
015,DAVENPORT,3,45,23,0,0,67,0,1,"Toronto",007, ,0,0,0,139,296,"Fairbank Memorial Community Elementary School",20071010
015,DAVENPORT,6,33,16,0,0,73,0,1,"Toronto",008, ,1,0,0,130,316,"Fairbank Memorial Community Elementary School",20071010
015,DAVENPORT,5,43,7,1,0,53,0,1,"Toronto",009, ,0,0,0,110,236,"St. John Bosco Catholic School",20071010
015,DAVENPORT,1,39,16,1,1,78,1,0,"Toronto",010, ,2,1,0,140,300,"F.H. Miller Junior Public School",20071010
015,DAVENPORT,2,58,33,1,3,63,0,2,"Toronto",011, ,4,0,0,166,344,"St. John Bosco Catholic School",20071010
015,DAVENPORT,6,57,37,0,0,65,1,1,"Toronto",012, ,0,1,0,168,390,"St. John Bosco Catholic School",20071010
015,DAVENPORT,8,24,18,1,0,50,2,1,"Toronto",013, ,0,0,0,104,257,"St. John Bosco Catholic School",20071010
015,DAVENPORT,3,39,23,1,0,50,0,1,"Toronto",014, ,0,1,0,118,336,"St. John Bosco Catholic School",20071010
015,DAVENPORT,13,46,15,0,0,72,0,1,"Toronto",015, ,1,0,0,148,345,"Rawlinson Community School",20071010
015,DAVENPORT,13,36,13,1,2,58,4,1,"Toronto",016, ,1,2,0,131,301,"Rawlinson Community School",20071010
015,DAVENPORT,4,27,18,0,1,65,1,0,"Toronto",017, ,1,0,0,117,310,"F.H. Miller Junior Public School",20071010
015,DAVENPORT,4,40,18,2,0,66,1,0,"Toronto",018, ,0,0,0,131,362,"F.H. Miller Junior Public School",20071010
015,DAVENPORT,9,37,25,1,1,60,1,0,"Toronto",019, ,3,1,0,138,359,"St. John Bosco Catholic School",20071010
015,DAVENPORT,4,18,11,0,0,53,1,1,"Toronto",020, ,0,0,0,88,202,"Stella Maris Catholic School",20071010
015,DAVENPORT,1,37,13,0,0,78,1,0,"Toronto",021, ,2,0,0,132,288,"Stella Maris Catholic School",20071010
015,DAVENPORT,2,40,22,1,0,58,0,0,"Toronto",022, ,0,0,0,123,326,"Stella Maris Catholic School",20071010
015,DAVENPORT,2,39,6,0,3,61,2,1,"Toronto",023, ,0,2,0,116,301,"Stella Maris Catholic School",20071010
015,DAVENPORT,2,25,4,0,1,42,2,1,"Toronto",024, ,2,0,0,79,236,"St. Clare Catholic School",20071010
015,DAVENPORT,1,10,3,0,0,18,0,0,"Toronto",025, ,0,1,0,33,95,"St. Clare Catholic School",20071010
015,DAVENPORT,11,30,21,0,0,78,1,1,"Toronto",026, ,1,1,0,144,302,"St. Clare Catholic School",20071010
015,DAVENPORT,9,41,14,2,2,89,1,1,"Toronto",027, ,3,2,0,164,346,"Rawlinson Community School",20071010
015,DAVENPORT,13,46,24,0,0,99,1,1,"Toronto",028, ,2,0,0,186,403,"Rawlinson Community School",20071010
015,DAVENPORT,11,55,10,0,1,66,2,0,"Toronto",029, ,0,0,0,145,340,"Oakwood Collegiate Institute",20071010
015,DAVENPORT,10,68,19,1,0,61,0,0,"Toronto",030, ,2,0,0,161,337,"Oakwood Collegiate Institute",20071010
015,DAVENPORT,18,63,25,1,0,77,0,1,"Toronto",031, ,2,0,0,187,382,"Oakwood Collegiate Institute",20071010
015,DAVENPORT,6,68,15,0,1,60,0,0,"Toronto",032, ,0,0,0,150,333,"General Mercer Public School",20071010
015,DAVENPORT,6,37,3,2,1,36,0,2,"Toronto",033, ,0,1,0,88,272,"General Mercer Public School",20071010
015,DAVENPORT,8,57,18,0,0,54,0,0,"Toronto",034, ,0,0,1,138,324,"General Mercer Public School",20071010
015,DAVENPORT,6,34,13,0,0,67,0,1,"Toronto",035, ,0,0,0,121,337,"St. Nicholas of Bari Catholic School",20071010
015,DAVENPORT,3,20,11,0,0,65,0,0,"Toronto",036, ,0,0,0,99,218,"St. Nicholas of Bari Catholic School",20071010
015,DAVENPORT,8,25,3,0,0,67,1,2,"Toronto",037, ,1,1,0,108,304,"St. Nicholas of Bari Catholic School",20071010
015,DAVENPORT,2,39,5,0,1,55,0,2,"Toronto",038, ,0,0,0,104,250,"St. Nicholas of Bari Catholic School",20071010
015,DAVENPORT,4,41,12,0,1,60,0,4,"Toronto",039, ,3,0,0,125,311,"St. Nicholas of Bari Catholic School",20071010
015,DAVENPORT,12,30,16,0,2,67,0,3,"Toronto",040, ,1,2,0,133,275,"Presbyterian Church Patterson Trustees",20071010
015,DAVENPORT,6,26,21,2,1,60,1,0,"Toronto",041, ,2,0,0,119,254,"Presbyterian Church Patterson Trustees",20071010
015,DAVENPORT,6,37,17,0,0,97,1,1,"Toronto",042, ,0,1,0,160,303,"Presbyterian Church Patterson Trustees",20071010
015,DAVENPORT,7,22,16,0,0,75,3,0,"Toronto",043, ,1,0,0,124,289,"Stella Maris Catholic School",20071010
015,DAVENPORT,6,34,10,0,2,67,1,2,"Toronto",044, ,1,1,0,124,266,"Stella Maris Catholic School",20071010
015,DAVENPORT,7,29,11,0,2,30,3,4,"Toronto",045, ,0,0,0,86,217,"Stella Maris Catholic School",20071010
015,DAVENPORT,7,49,16,0,0,47,3,2,"Toronto",046, ,1,1,0,126,285,"St. Clare Catholic School",20071010
015,DAVENPORT,8,36,17,0,0,79,1,1,"Toronto",047, ,1,2,0,145,321,"St. Clare Catholic School",20071010
015,DAVENPORT,16,56,9,1,1,70,1,1,"Toronto",048, ,0,0,0,155,323,"St. Clare Catholic School",20071010
015,DAVENPORT,19,49,11,1,2,55,3,1,"Toronto",049, ,2,0,0,143,312,"Rawlinson Community School",20071010
015,DAVENPORT,8,55,16,0,0,58,0,0,"Toronto",050, ,0,0,0,137,293,"Rawlinson Community School",20071010
015,DAVENPORT,17,49,17,0,1,37,0,0,"Toronto",051, ,1,0,1,123,252,"Oakwood Collegiate Institute",20071010
015,DAVENPORT,3,34,12,0,0,90,0,1,"Toronto",052, ,1,0,0,141,377,"General Mercer Public School",20071010
015,DAVENPORT,3,53,14,1,0,65,4,0,"Toronto",053, ,3,1,0,144,331,"General Mercer Public School",20071010
015,DAVENPORT,9,50,20,1,0,70,0,0,"Toronto",054, ,1,1,0,152,319,"General Mercer Public School",20071010
015,DAVENPORT,6,66,14,0,0,67,2,0,"Toronto",055, ,2,0,0,157,353,"Church of St. Mark and Calvary",20071010
015,DAVENPORT,8,39,14,2,0,52,0,1,"Toronto",056, ,0,0,0,116,340,"Carlton Village Public School",20071010
015,DAVENPORT,10,27,12,0,1,65,2,1,"Toronto",057, ,0,0,0,118,311,"J.J. Piccininni Community",20071010
015,DAVENPORT,7,29,22,1,0,84,0,0,"Toronto",058, ,0,2,0,145,288,"J.J. Piccininni Community",20071010
015,DAVENPORT,5,29,7,0,1,80,1,2,"Toronto",059, ,2,0,0,127,315,"J.J. Piccininni Community",20071010
015,DAVENPORT,4,27,12,1,3,56,0,1,"Toronto",060, ,1,1,0,106,266,"Loretto College Catholic School",20071010
015,DAVENPORT,7,22,7,0,0,45,0,0,"Toronto",061, ,1,0,0,82,214,"Loretto College Catholic School",20071010
015,DAVENPORT,16,55,23,0,0,45,1,1,"Toronto",062, ,0,2,0,143,315,"Regal Road Public School",20071010
015,DAVENPORT,35,68,27,1,1,83,4,2,"Toronto",063, ,0,0,0,221,429,"Regal Road Public School",20071010
015,DAVENPORT,12,42,22,0,2,39,1,2,"Toronto",064, ,1,1,0,122,255,"Oakwood Collegiate Institute",20071010
015,DAVENPORT,38,79,25,1,0,71,0,1,"Toronto",065, ,1,1,0,217,422,"Regal Road Public School",20071010
015,DAVENPORT,35,86,23,2,0,77,3,1,"Toronto",066, ,0,0,1,228,433,"Oakwood Collegiate Institute",20071010
015,DAVENPORT,27,58,3,0,2,64,0,1,"Toronto",067, ,0,0,0,155,336,"Regal Road Public School",20071010
015,DAVENPORT,7,39,19,0,3,33,3,0,"Toronto",068, ,1,0,0,105,303,"Church of St. Mark and Calvary",20071010
015,DAVENPORT,1,19,8,1,0,31,0,0,"Toronto",069, ,0,1,0,61,110,"Church of St. Mark and Calvary",20071010
015,DAVENPORT,8,26,8,0,2,56,2,1,"Toronto",070, ,0,1,0,104,271,"Carlton Village Public School",20071010
015,DAVENPORT,9,30,3,0,1,72,0,1,"Toronto",071, ,0,1,0,117,294,"Carlton Village Public School",20071010
015,DAVENPORT,16,35,19,1,0,49,1,1,"Toronto",072, ,0,0,0,122,308,"Davenport Perth Neighbourhood Centre",20071010
015,DAVENPORT,8,28,17,0,3,59,0,3,"Toronto",073, ,2,0,0,120,308,"J.J. Piccininni Community",20071010
015,DAVENPORT,11,31,13,1,0,59,0,0,"Toronto",074, ,2,0,0,117,261,"J.J. Piccininni Community",20071010
015,DAVENPORT,6,16,19,0,1,53,0,0,"Toronto",075, ,2,0,0,97,246,"J.J. Piccininni Community",20071010
015,DAVENPORT,5,49,14,1,1,84,0,0,"Toronto",076, ,2,0,0,156,333,"Loretto College Catholic School",20071010
015,DAVENPORT,7,43,23,0,2,73,0,0,"Toronto",077, ,0,0,0,148,295,"Loretto College Catholic School",20071010
015,DAVENPORT,15,47,6,1,0,43,0,0,"Toronto",078, ,0,0,0,112,301,"Loretto College Catholic School",20071010
015,DAVENPORT,13,58,17,2,2,55,0,0,"Toronto",079, ,2,1,0,150,399,"Regal Road Public School",20071010
015,DAVENPORT,28,47,25,1,0,75,1,1,"Toronto",080, ,1,0,0,179,322,"Regal Road Public School",20071010
015,DAVENPORT,10,46,14,0,0,51,1,1,"Toronto",081, ,1,0,0,124,268,"St. Mary of the Angels Catholic School",20071010
015,DAVENPORT,14,32,17,0,1,45,1,0,"Toronto",082, ,0,0,0,110,278,"St. Mary of the Angels Catholic School",20071010
015,DAVENPORT,8,41,9,0,1,55,2,1,"Toronto",083, ,4,1,0,122,294,"St. Mary of the Angels Catholic School",20071010
015,DAVENPORT,18,36,16,0,0,81,0,0,"Toronto",084, ,0,0,0,151,366,"St. Mary of the Angels Catholic School",20071010
015,DAVENPORT,17,49,18,1,1,81,0,0,"Toronto",085, ,0,0,0,167,352,"St. Mary of the Angels Catholic School",20071010
015,DAVENPORT,12,43,6,1,0,62,0,3,"Toronto",086, ,2,0,2,131,401,"Carlton Village Public School",20071010
015,DAVENPORT,3,37,8,0,0,36,0,0,"Toronto",087, ,0,0,0,84,235,"Carlton Village Public School",20071010
015,DAVENPORT,9,32,5,0,0,41,0,0,"Toronto",088, ,0,1,0,88,265,"Davenport Perth Neighbourhood Centre",20071010
015,DAVENPORT,2,44,10,0,0,53,0,1,"Toronto",089, ,2,5,0,117,269,"St. Josaphat Catholic School",20071010
015,DAVENPORT,11,51,21,0,0,41,2,0,"Toronto",090, ,1,0,0,127,362,"Davenport Perth Neighbourhood Centre",20071010
015,DAVENPORT,7,38,10,0,0,47,1,0,"Toronto",091A, ,0,0,0,103,312,"Davenport Perth Neighbourhood Centre",20071010
015,DAVENPORT,8,46,16,0,0,53,0,0,"Toronto",091B, ,1,0,0,124,340,"Davenport Perth Neighbourhood Centre",20071010
015,DAVENPORT,9,26,15,0,2,36,0,1,"Toronto",092, ,0,0,0,89,415,"Wallace Emerson Centre",20071010
015,DAVENPORT,4,27,16,0,2,53,3,0,"Toronto",093, ,1,5,26,137,284,"St. Mary of the Angels Catholic School",20071010
015,DAVENPORT,6,44,15,0,1,65,0,1,"Toronto",094, ,0,0,0,132,300,"St. Mary of the Angels Catholic School",20071010
015,DAVENPORT,25,83,11,1,2,59,0,0,"Toronto",095, ,0,0,0,181,365,"Dovercourt Junior Public School",20071010
015,DAVENPORT,23,78,10,1,0,38,0,0,"Toronto",096, ,2,0,0,152,329,"Dovercourt Junior Public School",20071010
015,DAVENPORT,15,83,18,0,1,49,0,2,"Toronto",097, ,0,1,0,169,416,"Dovercourt Junior Public School",20071010
015,DAVENPORT,7,25,15,0,0,45,1,0,"Toronto",098, ,1,1,2,97,277,"Carlton Village Public School",20071010
015,DAVENPORT,12,93,16,0,2,71,0,1,"Toronto",099, ,1,0,0,196,445,"St. Rita Catholic School",20071010
015,DAVENPORT,8,37,5,0,1,50,0,1,"Toronto",100, ,0,0,0,102,314,"St. Josaphat Catholic School",20071010
015,DAVENPORT,12,64,23,1,0,107,0,0,"Toronto",101, ,2,1,0,210,509,"St. Luigi Catholic School",20071010
015,DAVENPORT,17,52,19,1,3,67,0,1,"Toronto",102, ,0,0,0,160,422,"Wallace Emerson Centre",20071010
015,DAVENPORT,8,32,13,1,1,29,0,1,"Toronto",103, ,1,0,0,86,260,"Wallace Emerson Centre",20071010
015,DAVENPORT,11,55,15,0,2,66,1,2,"Toronto",104, ,0,1,1,154,348,"Wallace Emerson Centre",20071010
015,DAVENPORT,8,56,13,1,2,68,0,0,"Toronto",105, ,5,0,0,153,378,"Dovercourt Junior Public School",20071010
015,DAVENPORT,24,88,10,0,4,36,1,3,"Toronto",106, ,1,0,0,167,341,"St. Anthony Catholic School",20071010
015,DAVENPORT,24,98,10,1,2,61,0,1,"Toronto",107, ,2,2,0,201,409,"Dovercourt Junior Public School",20071010
015,DAVENPORT,28,90,19,1,4,63,1,1,"Toronto",108, ,1,2,0,210,371,"Dovercourt Boys & Girls Club Community Centre",20071010
015,DAVENPORT,27,71,11,1,0,53,0,1,"Toronto",109, ,3,0,0,167,350,"Dovercourt Boys & Girls Club Community Centre",20071010
015,DAVENPORT,18,113,9,0,1,61,0,0,"Toronto",110, ,0,2,0,204,458,"Dovercourt Boys & Girls Club Community Centre",20071010
015,DAVENPORT,15,64,12,0,1,47,2,0,"Toronto",111, ,0,2,0,143,355,"Dovercourt Boys & Girls Club Community Centre",20071010
015,DAVENPORT,23,54,11,0,0,52,0,0,"Toronto",112, ,0,0,0,140,328,"St. Luigi Catholic School",20071010
015,DAVENPORT,14,37,7,1,0,30,0,0,"Toronto",113, ,0,1,0,90,223,"St. Rita Catholic School",20071010
015,DAVENPORT,16,55,18,1,0,56,0,0,"Toronto",114, ,9,0,0,155,327,"St. Luigi Catholic School",20071010
015,DAVENPORT,18,36,7,2,0,56,2,0,"Toronto",115, ,2,0,1,124,345,"St. Luigi Catholic School",20071010
015,DAVENPORT,10,45,14,0,0,37,1,1,"Toronto",116, ,0,0,0,108,314,"Christie Ossington Neighbourhood Centre",20071010
015,DAVENPORT,8,24,7,2,0,47,0,0,"Toronto",117, ,0,0,0,88,349,"Christie Ossington Neighbourhood Centre",20071010
015,DAVENPORT,22,36,9,0,2,49,1,1,"Toronto",118, ,3,1,1,125,300,"Wallace Emerson Centre",20071010
015,DAVENPORT,9,27,8,0,0,60,0,0,"Toronto",119, ,0,0,0,104,286,"Wallace Emerson Centre",20071010
015,DAVENPORT,13,47,22,3,1,75,0,0,"Toronto",120, ,0,0,0,161,290,"Wallace Emerson Centre",20071010
015,DAVENPORT,24,64,16,3,0,88,3,2,"Toronto",121, ,1,0,0,201,432,"St. Sebastian Elementary School",20071010
015,DAVENPORT,15,38,14,0,0,57,0,0,"Toronto",122, ,0,4,0,128,329,"St. Sebastian Elementary School",20071010
015,DAVENPORT,7,27,17,0,1,56,1,0,"Toronto",123, ,10,0,0,119,301,"St. Anthony Catholic School",20071010
015,DAVENPORT,15,43,13,1,0,57,1,0,"Toronto",124, ,0,0,0,130,354,"St. Anthony Catholic School",20071010
015,DAVENPORT,16,55,15,0,1,46,0,0,"Toronto",125, ,1,0,0,134,307,"St. Anthony Catholic School",20071010
015,DAVENPORT,22,61,11,1,0,31,0,0,"Toronto",126, ,0,0,0,126,301,"St. Anthony Catholic School",20071010
015,DAVENPORT,33,89,10,0,0,55,0,1,"Toronto",127, ,0,0,0,188,371,"Salvation Army Bloor Central Corps",20071010
015,DAVENPORT,30,107,16,0,1,69,0,3,"Toronto",128, ,1,0,0,227,414,"Salvation Army Bloor Central Corps",20071010
015,DAVENPORT,12,53,13,0,1,49,2,1,"Toronto",129, ,2,0,0,133,308,"Salvation Army Bloor Central Corps",20071010
015,DAVENPORT,15,37,12,1,1,58,0,0,"Toronto",130, ,4,0,0,128,393,"Perth Avenue Co-operative",20071010
015,DAVENPORT,15,51,7,0,0,57,0,0,"Toronto",131, ,0,0,0,130,329,"Perth Avenue Co-operative",20071010
015,DAVENPORT,19,56,15,1,1,70,1,1,"Toronto",132, ,1,0,0,165,386,"Perth Avenue Co-operative",20071010
015,DAVENPORT,10,49,4,0,0,52,0,0,"Toronto",133, ,12,2,0,129,403,"St. Sebastian Elementary School",20071010
015,DAVENPORT,16,39,9,0,2,47,0,0,"Toronto",134, ,1,0,0,114,346,"St. Sebastian Elementary School",20071010
015,DAVENPORT,14,44,9,0,2,65,0,0,"Toronto",135, ,2,0,0,136,341,"St. Sebastian Elementary School",20071010
015,DAVENPORT,7,63,18,1,3,63,1,0,"Toronto",136, ,1,0,0,157,347,"St. Sebastian Elementary School",20071010
015,DAVENPORT,7,17,7,1,1,10,0,0,"Toronto",137s, ,0,0,0,43,105,"New Horizons Tower",20071010
015,DAVENPORT,29,84,3,1,2,40,5,0,"Toronto",138, ,2,0,0,166,368,"St. Mary's Catholic School",20071010
015,DAVENPORT,17,53,13,1,1,36,0,0,"Toronto",139, ,1,0,0,122,276,"Portuguese Speaking Presbyterian Church",20071010
015,DAVENPORT,23,83,11,1,1,53,0,0,"Toronto",140, ,1,2,0,175,363,"Portuguese Speaking Presbyterian Church",20071010
015,DAVENPORT,41,117,4,1,0,56,2,1,"Toronto",141, ,1,0,0,223,408,"Portuguese Speaking Presbyterian Church",20071010
015,DAVENPORT,6,27,4,0,0,48,1,0,"Toronto",142, ,0,0,1,87,223,"Perth Avenue Co-operative",20071010
015,DAVENPORT,36,58,23,2,0,63,1,1,"Toronto",143, ,3,0,0,187,294,"Bebloor Condominiums",20071010
015,DAVENPORT,37,27,9,0,1,49,0,2,"Toronto",144, ,0,0,0,125,288,"West Toronto Secondary School",20071010
015,DAVENPORT,11,40,17,2,0,74,1,0,"Toronto",145, ,2,0,0,147,394,"West Toronto Secondary School",20071010
015,DAVENPORT,12,33,8,0,2,56,0,1,"Toronto",146, ,0,0,0,112,342,"Brock Junior Public School",20071010
015,DAVENPORT,22,45,10,1,2,67,0,0,"Toronto",147, ,4,3,0,154,342,"Brock Junior Public School",20071010
015,DAVENPORT,19,50,10,0,2,57,0,1,"Toronto",148, ,1,1,0,141,307,"Brock Junior Public School",20071010
015,DAVENPORT,24,46,7,0,0,43,0,2,"Toronto",149, ,1,0,0,123,327,"St. Helen Catholic School",20071010
015,DAVENPORT,8,59,11,0,0,63,0,0,"Toronto",150, ,0,0,0,141,325,"St. Helen Catholic School",20071010
015,DAVENPORT,31,119,8,0,0,85,1,0,"Toronto",151, ,0,0,1,245,478,"St. Mary's Catholic School",20071010
015,DAVENPORT,42,87,14,1,0,57,0,0,"Toronto",152, ,4,0,0,205,414,"St. Mary's Catholic School",20071010
015,DAVENPORT,27,95,17,0,1,65,0,0,"Toronto",153, ,0,0,0,205,464,"St. Mary's Catholic School",20071010
015,DAVENPORT,22,80,7,0,1,36,2,0,"Toronto",154, ,0,0,0,148,355,"Portuguese Speaking Presbyterian Church",20071010
015,DAVENPORT,22,110,7,0,3,35,0,1,"Toronto",155, ,1,2,0,181,421,"Portuguese Speaking Presbyterian Church",20071010
015,DAVENPORT,21,49,20,0,0,37,0,0,"Toronto",156A, ,0,0,0,127,327,"West Toronto Secondary School",20071010
015,DAVENPORT,16,47,15,0,1,41,1,1,"Toronto",156B, ,1,0,0,123,309,"West Toronto Secondary School",20071010
015,DAVENPORT,24,56,14,1,1,45,0,0,"Toronto",157, ,1,1,0,143,358,"Brock Junior Public School",20071010
015,DAVENPORT,25,51,10,0,1,57,0,0,"Toronto",158, ,1,0,0,145,354,"Brock Junior Public School",20071010
015,DAVENPORT,17,35,14,0,1,58,2,0,"Toronto",159, ,2,0,0,129,302,"St. Helen Catholic School",20071010
015,DAVENPORT,3,10,1,2,0,14,1,1,"Toronto",160s, ,0,1,0,33,62,"Bill McMurray Residences",20071010
015,DAVENPORT,20,47,8,0,0,27,0,0,"Toronto",161, ,0,0,0,102,227,"St. Helen Catholic School",20071010
015,DAVENPORT,21,69,16,0,4,49,0,1,"Toronto",162, ,0,0,0,160,311,"St. Mary's Catholic School",20071010
015,DAVENPORT,15,79,10,0,4,64,1,1,"Toronto",163, ,0,1,0,175,361,"St. Anne's Place",20071010
015,DAVENPORT,27,75,6,1,1,43,0,0,"Toronto",164, ,1,0,0,154,440,"St. Anne's Place",20071010
015,DAVENPORT,31,65,15,0,0,39,0,0,"Toronto",165, ,0,0,0,150,362,"St. Mary's Catholic School",20071010
015,DAVENPORT,31,54,12,1,0,31,0,0,"Toronto",166, ,1,0,1,131,247,"Ossington Old Orchard Public School",20071010
015,DAVENPORT,21,66,6,2,0,34,4,1,"Toronto",167, ,0,3,0,137,344,"Ossington Old Orchard Public School",20071010
015,DAVENPORT,28,99,11,0,0,48,0,0,"Toronto",168, ,0,0,0,186,452,"Ossington Old Orchard Public School",20071010
015,DAVENPORT,8,38,11,1,1,49,0,1,"Toronto",169, ,2,0,0,111,277,"West Toronto Secondary School",20071010
015,DAVENPORT,13,46,12,3,0,55,0,0,"Toronto",170, ,3,0,0,132,323,"Bill McMurray Residences",20071010
015,DAVENPORT,19,56,12,0,1,55,0,2,"Toronto",171, ,2,0,0,147,313,"Shirley Street Public School",20071010
015,DAVENPORT,9,25,5,0,0,26,0,0,"Toronto",172, ,1,0,0,66,220,"Bill McMurray Residences",20071010
015,DAVENPORT,20,32,16,2,0,38,1,0,"Toronto",173, ,1,1,0,111,289,"Shirley Street Public School",20071010
015,DAVENPORT,16,45,7,0,0,49,0,0,"Toronto",174, ,1,1,0,119,312,"Bill McMurray Residences",20071010
015,DAVENPORT,15,55,9,1,1,48,0,0,"Toronto",175, ,2,1,0,132,348,"McCormack Recreation Centre",20071010
015,DAVENPORT,16,50,9,0,0,39,0,0,"Toronto",176, ,1,0,1,116,306,"Terra Nova",20071010
015,DAVENPORT,10,33,9,1,0,28,0,0,"Toronto",177, ,2,1,0,84,220,"St. Anne's Place",20071010
015,DAVENPORT,1,1,3,0,0,13,0,0,"Toronto",178s, ,0,0,0,18,19,"Fairview Nursing Home",20071010
015,DAVENPORT,40,83,13,0,2,61,0,2,"Toronto",179, ,2,2,0,205,384,"Alexander Muir/Gladstone Ave Jr & Sr Public School",20071010
015,DAVENPORT,21,51,8,0,1,56,0,1,"Toronto",180, ,1,0,0,139,354,"Ossington Old Orchard Public School",20071010
015,DAVENPORT,31,78,2,0,2,36,0,1,"Toronto",181, ,0,1,0,151,332,"Terra Nova",20071010
015,DAVENPORT,25,60,8,0,0,29,0,0,"Toronto",182, ,2,1,1,126,287,"Ossington Old Orchard Public School",20071010
015,DAVENPORT,30,60,2,1,1,39,0,2,"Toronto",183, ,1,0,0,136,286,"Shirley Street Public School",20071010
015,DAVENPORT,27,77,4,0,0,46,0,0,"Toronto",184, ,1,1,0,156,295,"Shirley Street Public School",20071010
015,DAVENPORT,19,61,8,0,0,72,2,0,"Toronto",185, ,3,0,0,165,363,"McCormack Recreation Centre",20071010
015,DAVENPORT,11,39,2,0,0,57,1,0,"Toronto",186, ,1,0,0,111,320,"Alexander Muir/Gladstone Ave Jr & Sr Public School",20071010
015,DAVENPORT,35,57,12,2,2,68,0,0,"Toronto",187, ,1,2,0,179,375,"Alexander Muir/Gladstone Ave Jr & Sr Public School",20071010
015,DAVENPORT,26,68,10,0,1,58,0,0,"Toronto",188, ,2,0,0,165,366,"Alexander Muir/Gladstone Ave Jr & Sr Public School",20071010
015,DAVENPORT,20,49,11,0,0,50,2,0,"Toronto",189, ,0,1,0,133,317,"Alexander Muir/Gladstone Ave Jr & Sr Public School",20071010
015,DAVENPORT,16,60,6,0,0,44,0,0,"Toronto",190, ,2,0,0,128,317,"Alexander Muir/Gladstone Ave Jr & Sr Public School",20071010
015,DAVENPORT,26,60,12,0,0,45,1,1,"Toronto",191, ,3,0,0,148,461,"Alexander Muir/Gladstone Ave Jr & Sr Public School",20071010
015,DAVENPORT,4,27,25,1,0,48,0,1,"Toronto",400, ,1,1,0,108,207,"Oakclair Apartment",20071010
015,DAVENPORT,19,29,5,0,0,30,1,0,"Toronto",401, ,4,0,0,88,124,"Provident Management",20071010
015,DAVENPORT,3,43,8,0,1,57,1,0,"Toronto",402, ,0,1,0,114,283,"Symington Place",20071010
015,DAVENPORT,2,34,5,0,1,54,2,1,"Toronto",403A, ,5,3,1,108,234,"Pelham Park Gardens",20071010
015,DAVENPORT,1,39,7,2,2,50,1,1,"Toronto",403B, ,1,0,1,105,244,"Pelham Park Gardens",20071010
015,DAVENPORT,2,8,1,0,0,7,0,0,"Toronto",404, ,0,0,0,18,74,"Standard Lofts",20071010
015,DAVENPORT,11,36,10,1,1,40,0,2,"Toronto",405, ,0,1,0,102,177,"Standard Lofts",20071010
015,DAVENPORT,2,23,12,0,2,24,0,0,"Toronto",406, ,0,0,0,63,174,"1011 Lansdowne Avenue",20071010
015,DAVENPORT,13,28,4,0,2,28,0,0,"Toronto",407, ,3,0,0,78,117,"Standard Lofts",20071010
015,DAVENPORT,2,27,9,1,4,44,1,1,"Toronto",408, ,0,0,0,89,200,"730 St. Clarens Avenue Holdings",20071010
015,DAVENPORT,2,24,5,2,3,59,1,0,"Toronto",409, ,3,1,0,100,190,"Tamil Co-operative Homes",20071010
015,DAVENPORT,9,80,9,0,2,69,1,0,"Toronto",410, ,0,0,0,170,322,"Sterling Apartment",20071010
015,DAVENPORT,5,64,10,0,1,51,2,0,"Toronto",411, ,1,0,0,134,251,"Sterling Apartment",20071010
015,DAVENPORT,18,101,10,0,1,89,1,1,"Toronto",412, ,0,0,0,221,397,"Sterling Apartment",20071010
015,DAVENPORT,9,27,2,0,0,27,2,0,"Toronto",413, ,0,0,0,67,131,"Perth Avenue Co-operative",20071010
015,DAVENPORT,4,38,14,1,0,111,2,5,"Toronto",414, ,0,0,0,175,346,"Rankin Apartments",20071010
015,DAVENPORT,6,41,6,2,0,30,0,2,"Toronto",415, ,0,0,0,87,171,"Las Flores Villa",20071010
015,DAVENPORT,6,22,12,0,0,35,1,1,"Toronto",416, ,1,5,0,83,130,"Dufferin Park Apartments",20071010
015,DAVENPORT,0,2,3,1,1,36,0,0,"Toronto",417, ,0,1,6,50,118,"1525 Dundas Street West",20071010
015,DAVENPORT,3,18,6,0,1,56,0,1,"Toronto",418, ,1,3,0,89,149,"Terra Nova",20071010
015,DAVENPORT,14,20,3,0,0,32,1,1,"Toronto",419, ,0,0,0,71,132,"Marquee Apartments",20071010
015,DAVENPORT,67,170,46,5,2,159,3,1,"Toronto",Advanced Polls /  ADV001, ,2,2,1,458,0,"Returning Office / Bureau du directeur du scrutin",20071010
015,DAVENPORT,51,190,44,0,3,204,5,1,"Toronto",Advanced Polls /  ADV002, ,2,2,0,502,0,"Wallace Emerson Centre",20071010
015,DAVENPORT,23,114,36,1,7,218,3,2,"Toronto",Advanced Polls /  ADV003, ,0,0,0,404,0,"J.J. Piccininni Community",20071010
015,DAVENPORT,46,218,29,1,4,155,3,1,"Toronto",Advanced Polls /  ADV004, ,3,6,0,466,0,"New Horizons Tower",20071010
015,DAVENPORT,1,12,6,1,0,19,0,0,"Toronto",Advanced Polls /  ADV005, ,0,0,0,39,0,"Ennerdale Road Baptist Church Incorporated",20071010
TOTALS:, ,3047,10880,2805,114,191,12467,157,152, , , , , , , , , , 
