ED_CODE,ED_NAME,BUTSON,CORRIGAN,ENOS,JANUCZKOWSKI,MALDONADO,MCMEEKIN,ZASLAVSKY,ZULINIAK,PLACE_NAME,POLL_NUMBER,RURAL_INDICATOR,REJECTED,UNMARKED,DECLINED,VOTER_TURNOUT,ELECTORS,POLL_LOCATION,POLL_DATE
003,ANCASTER--DUNDAS--FLAMBOROUGH-,1,94,2,22,11,82,1,3,"Freelton",001, ,0,1,0,217,486,"Marian Hall",20071010
003,ANCASTER--DUNDAS--FLAMBOROUGH-,0,24,1,13,6,46,0,0,"Freelton",002, ,0,0,0,90,175,"Marian Hall",20071010
003,ANCASTER--DUNDAS--FLAMBOROUGH-,1,66,2,21,16,90,0,1,"Freelton",003, ,2,0,0,199,401,"Marian Hall",20071010
003,ANCASTER--DUNDAS--FLAMBOROUGH-,0,105,1,16,4,108,0,0,"Carlisle",004, ,0,0,0,234,444,"Balaclava Public School",20071010
003,ANCASTER--DUNDAS--FLAMBOROUGH-,0,98,5,20,26,72,0,0,"Freelton",005, ,1,0,0,222,407,"Marian Hall",20071010
003,ANCASTER--DUNDAS--FLAMBOROUGH-,0,8,1,2,3,8,0,0,"Freelton",006s, ,0,0,0,22,28,"Freelton Lions Villa",20071010
003,ANCASTER--DUNDAS--FLAMBOROUGH-,0,98,4,11,19,65,0,1,"Freelton",007, ,1,1,0,200,390,"Marian Hall",20071010
003,ANCASTER--DUNDAS--FLAMBOROUGH-,1,86,0,20,17,79,0,1,"Carlisle",008, ,0,0,0,204,398,"Balaclava Public School",20071010
003,ANCASTER--DUNDAS--FLAMBOROUGH-,0,85,1,14,7,78,0,0,"Carlisle",009, ,1,0,0,186,340,"Balaclava Public School",20071010
003,ANCASTER--DUNDAS--FLAMBOROUGH-,74,9,7,0,0,72,0,0,"Carlisle",010, ,0,0,0,162,309,"Carlisle United Church",20071010
003,ANCASTER--DUNDAS--FLAMBOROUGH-,2,133,0,21,18,103,0,0,"Carlisle",011, ,0,0,0,277,458,"Carlisle United Church",20071010
003,ANCASTER--DUNDAS--FLAMBOROUGH-,1,81,3,24,21,65,1,0,"Flamborough",012, ,0,0,0,196,333,"Valens Community Centre",20071010
003,ANCASTER--DUNDAS--FLAMBOROUGH-,0,71,2,15,16,58,0,1,"Carlisle",013, ,0,1,0,164,278,"Balaclava Public School",20071010
003,ANCASTER--DUNDAS--FLAMBOROUGH-,0,0,0,1,2,3,0,1,"Carlisle",014s, ,0,0,0,7,28,"Carlisle United Church",20071010
003,ANCASTER--DUNDAS--FLAMBOROUGH-,0,84,0,16,16,79,0,2,"Freelton",015, ,0,0,0,197,369,"Marian Hall",20071010
003,ANCASTER--DUNDAS--FLAMBOROUGH-,0,115,0,22,13,76,0,3,"Carlisle",016, ,0,0,0,229,448,"Balaclava Public School",20071010
003,ANCASTER--DUNDAS--FLAMBOROUGH-,0,88,3,12,17,58,0,0,"Flamborough",017, ,0,0,0,178,329,"Flamborough Centre Public School",20071010
003,ANCASTER--DUNDAS--FLAMBOROUGH-,0,67,6,19,10,39,0,1,"Flamborough",018, ,0,1,0,143,250,"Valens Community Centre",20071010
003,ANCASTER--DUNDAS--FLAMBOROUGH-,0,40,0,14,29,33,0,0,"Flamborough",019, ,1,0,0,117,211,"Valens Community Centre",20071010
003,ANCASTER--DUNDAS--FLAMBOROUGH-,1,126,1,25,20,91,1,4,"Flamborough",020, ,1,0,0,270,465,"Flamborough Centre Public School",20071010
003,ANCASTER--DUNDAS--FLAMBOROUGH-,2,115,1,7,14,58,0,0,"Flamborough",021, ,1,0,0,198,358,"Valens Community Centre",20071010
003,ANCASTER--DUNDAS--FLAMBOROUGH-,1,106,5,9,19,57,0,0,"Millgrove",022, ,2,0,0,199,370,"Millgrove Community Centre",20071010
003,ANCASTER--DUNDAS--FLAMBOROUGH-,0,106,9,15,16,72,1,1,"Flamborough",023, ,0,1,1,222,425,"Flamborough Centre Public School",20071010
003,ANCASTER--DUNDAS--FLAMBOROUGH-,1,90,1,26,14,61,1,0,"Waterdown",024, ,1,1,0,196,387,"St. Thomas Apostle Parish",20071010
003,ANCASTER--DUNDAS--FLAMBOROUGH-,1,49,0,11,19,52,0,0,"Waterdown",025, ,0,0,1,133,333,"Bethel Christian Reformed Church",20071010
003,ANCASTER--DUNDAS--FLAMBOROUGH-,0,33,0,6,3,12,0,0,"Waterdown",026, ,0,0,0,54,121,"Bethel Christian Reformed Church",20071010
003,ANCASTER--DUNDAS--FLAMBOROUGH-,0,105,9,33,23,77,0,1,"Troy",027, ,0,0,0,248,565,"Beverly Central Public School",20071010
003,ANCASTER--DUNDAS--FLAMBOROUGH-,4,110,0,19,30,79,0,2,"Millgrove",028, ,0,0,0,244,434,"Millgrove Community Centre",20071010
003,ANCASTER--DUNDAS--FLAMBOROUGH-,1,70,5,21,28,61,0,1,"Waterdown",029, ,0,2,0,189,330,"St. Thomas Apostle Parish",20071010
003,ANCASTER--DUNDAS--FLAMBOROUGH-,2,7,0,0,2,18,0,1,"Waterdown",030s, ,0,0,0,30,124,"Alexander Place",20071010
003,ANCASTER--DUNDAS--FLAMBOROUGH-,0,30,0,3,7,44,0,0,"Waterdown",031, ,1,0,0,85,219,"Grace Anglican Church",20071010
003,ANCASTER--DUNDAS--FLAMBOROUGH-,1,14,1,2,6,14,0,0,"Waterdown",032s, ,0,0,0,38,47,"Village Manor",20071010
003,ANCASTER--DUNDAS--FLAMBOROUGH-,0,42,0,11,13,36,0,1,"Waterdown",033, ,0,0,1,104,281,"Grace Anglican Church",20071010
003,ANCASTER--DUNDAS--FLAMBOROUGH-,0,97,1,24,18,69,0,0,"Waterdown",034, ,1,0,0,210,391,"Mary Hopkins Public School",20071010
003,ANCASTER--DUNDAS--FLAMBOROUGH-,0,39,0,7,22,33,0,0,"Waterdown",035, ,0,0,0,101,250,"Mary Hopkins Public School",20071010
003,ANCASTER--DUNDAS--FLAMBOROUGH-,1,2,0,0,3,3,2,0,"Waterdown",036s, ,0,0,0,11,32,"Grindstone Creek Manor",20071010
003,ANCASTER--DUNDAS--FLAMBOROUGH-,0,49,2,16,15,64,0,1,"Waterdown",037, ,1,0,1,149,360,"Mary Hopkins Public School",20071010
003,ANCASTER--DUNDAS--FLAMBOROUGH-,0,57,0,8,12,95,0,0,"Waterdown",038, ,1,0,0,173,397,"Mary Hopkins Public School",20071010
003,ANCASTER--DUNDAS--FLAMBOROUGH-,1,88,0,13,20,85,0,0,"Waterdown",039, ,0,0,0,207,398,"Mary Hopkins Public School",20071010
003,ANCASTER--DUNDAS--FLAMBOROUGH-,0,65,0,13,16,71,0,0,"Waterdown",040, ,0,0,0,165,345,"Mary Hopkins Public School",20071010
003,ANCASTER--DUNDAS--FLAMBOROUGH-,1,64,0,10,15,55,0,2,"Waterdown",041, ,0,1,2,150,341,"Bethel Christian Reformed Church",20071010
003,ANCASTER--DUNDAS--FLAMBOROUGH-,0,54,0,4,1,69,0,0,"Waterdown",042, ,0,0,0,128,246,"Knox Presbyterian Church",20071010
003,ANCASTER--DUNDAS--FLAMBOROUGH-,0,62,3,18,22,67,0,1,"Sheffield",043A, ,0,0,0,173,395,"Dr. John Seaton Public School",20071010
003,ANCASTER--DUNDAS--FLAMBOROUGH-,1,65,2,10,24,53,0,0,"Sheffield",043B, ,0,1,0,156,344,"Dr. John Seaton Public School",20071010
003,ANCASTER--DUNDAS--FLAMBOROUGH-,0,92,2,18,17,111,0,0,"Waterdown",044, ,1,0,0,241,453,"Waterdown District High School",20071010
003,ANCASTER--DUNDAS--FLAMBOROUGH-,0,70,1,20,30,90,1,0,"Waterdown",045, ,0,0,0,212,390,"Waterdown District High School",20071010
003,ANCASTER--DUNDAS--FLAMBOROUGH-,1,97,0,16,19,81,0,0,"Waterdown",046, ,2,0,0,216,408,"Waterdown District High School",20071010
003,ANCASTER--DUNDAS--FLAMBOROUGH-,0,68,0,20,31,91,0,0,"Waterdown",047, ,0,1,1,212,415,"Guy Brown Public School",20071010
003,ANCASTER--DUNDAS--FLAMBOROUGH-,0,74,0,17,27,77,0,0,"Waterdown",048, ,1,0,0,196,413,"Waterdown District High School",20071010
003,ANCASTER--DUNDAS--FLAMBOROUGH-,0,55,1,19,26,67,0,1,"Waterdown",049, ,0,0,0,169,359,"Waterdown District High School",20071010
003,ANCASTER--DUNDAS--FLAMBOROUGH-,1,98,0,25,22,106,1,1,"Waterdown",050, ,0,0,0,254,475,"Guy Brown Public School",20071010
003,ANCASTER--DUNDAS--FLAMBOROUGH-,0,53,0,7,12,35,2,0,"Waterdown",051, ,0,0,0,109,219,"Royal Canadian Legion Hall",20071010
003,ANCASTER--DUNDAS--FLAMBOROUGH-,0,11,3,2,2,8,0,0,"Waterdown",052s, ,0,0,0,26,39,"Elim Villa Senior Citizen Home",20071010
003,ANCASTER--DUNDAS--FLAMBOROUGH-,1,74,2,18,16,110,0,0,"Waterdown",053, ,2,0,0,223,432,"Royal Canadian Legion Hall",20071010
003,ANCASTER--DUNDAS--FLAMBOROUGH-,75,19,14,2,0,75,0,0,"Waterdown",054, ,1,1,0,187,354,"Royal Canadian Legion Hall",20071010
003,ANCASTER--DUNDAS--FLAMBOROUGH-,0,52,0,17,13,67,1,1,"Waterdown",055, ,0,1,0,152,301,"Knox Presbyterian Church",20071010
003,ANCASTER--DUNDAS--FLAMBOROUGH-,0,84,1,14,9,103,0,1,"Waterdown",056, ,0,0,0,212,388,"Royal Canadian Legion Hall",20071010
003,ANCASTER--DUNDAS--FLAMBOROUGH-,0,31,0,22,16,48,0,0,"Waterdown",057, ,0,0,0,117,220,"Knox Presbyterian Church",20071010
003,ANCASTER--DUNDAS--FLAMBOROUGH-,0,15,1,0,7,10,0,0,"Sheffield",058, ,1,0,0,34,75,"Dr. John Seaton Public School",20071010
003,ANCASTER--DUNDAS--FLAMBOROUGH-,0,151,3,10,25,76,0,1,"Troy",059, ,2,1,0,269,465,"Beverly Central Public School",20071010
003,ANCASTER--DUNDAS--FLAMBOROUGH-,0,116,4,17,18,73,0,0,"Millgrove",060, ,0,0,0,228,424,"Millgrove Community Centre",20071010
003,ANCASTER--DUNDAS--FLAMBOROUGH-,0,67,3,9,23,104,0,0,"Waterdown",061, ,1,0,1,208,369,"Waterdown District High School",20071010
003,ANCASTER--DUNDAS--FLAMBOROUGH-,0,43,2,12,16,55,0,0,"Waterdown",062, ,0,0,0,128,316,"Guy Brown Public School",20071010
003,ANCASTER--DUNDAS--FLAMBOROUGH-,0,65,0,13,7,67,0,0,"Waterdown",063, ,0,0,1,153,329,"Guy Brown Public School",20071010
003,ANCASTER--DUNDAS--FLAMBOROUGH-,0,68,1,10,12,58,0,0,"Waterdown",064, ,0,1,0,150,319,"Guy Brown Public School",20071010
003,ANCASTER--DUNDAS--FLAMBOROUGH-,0,72,0,11,8,64,0,0,"Waterdown",065, ,0,0,0,155,322,"Guy Brown Public School",20071010
003,ANCASTER--DUNDAS--FLAMBOROUGH-,0,133,6,12,16,66,0,1,"Dundas",066, ,0,0,0,234,348,"Calvin Christian Reformed Church",20071010
003,ANCASTER--DUNDAS--FLAMBOROUGH-,1,101,1,21,30,57,0,1,"Dundas",067, ,0,1,0,213,436,"Nigel Charlong Community Centre",20071010
003,ANCASTER--DUNDAS--FLAMBOROUGH-,1,99,0,17,16,88,0,3,"Rockton",068, ,1,1,0,226,357,"Beverly Township Hall",20071010
003,ANCASTER--DUNDAS--FLAMBOROUGH-,1,84,0,19,27,97,1,0,"Greensville",069, ,1,0,0,230,410,"Spencer Valley Public School",20071010
003,ANCASTER--DUNDAS--FLAMBOROUGH-,1,63,1,21,19,45,1,1,"Dundas",070, ,1,1,0,154,259,"Nigel Charlong Community Centre",20071010
003,ANCASTER--DUNDAS--FLAMBOROUGH-,0,1,16,0,0,2,0,0,"Dundas",071s, ,0,0,0,19,25,"Missionary Sisters of the Precious Blood",20071010
003,ANCASTER--DUNDAS--FLAMBOROUGH-,1,3,1,1,2,34,0,0,"Dundas",072s, ,0,0,0,42,52,"Sisters of St. Joseph",20071010
003,ANCASTER--DUNDAS--FLAMBOROUGH-,1,53,2,23,15,51,0,0,"Dundas",073, ,2,1,1,149,254,"Nigel Charlong Community Centre",20071010
003,ANCASTER--DUNDAS--FLAMBOROUGH-,0,103,2,7,3,58,0,1,"Sheffield",074, ,1,1,0,176,313,"Sheffield Community Centre",20071010
003,ANCASTER--DUNDAS--FLAMBOROUGH-,2,122,2,15,25,54,0,0,"Greensville",075, ,1,2,0,223,372,"Spencer Valley Public School",20071010
003,ANCASTER--DUNDAS--FLAMBOROUGH-,1,102,0,26,33,119,0,0,"Greensville",076, ,1,0,0,282,460,"Greensville Public School",20071010
003,ANCASTER--DUNDAS--FLAMBOROUGH-,0,42,4,20,23,101,1,2,"Dundas",077, ,0,0,0,193,304,"Parkside High School",20071010
003,ANCASTER--DUNDAS--FLAMBOROUGH-,0,56,1,29,25,118,0,2,"Dundas",078, ,0,2,0,233,383,"Yorkview Public School",20071010
003,ANCASTER--DUNDAS--FLAMBOROUGH-,0,74,0,25,19,106,0,1,"Dundas",079, ,0,0,1,226,395,"Parkside High School",20071010
003,ANCASTER--DUNDAS--FLAMBOROUGH-,0,96,0,23,13,66,0,0,"Troy",080, ,0,0,1,199,359,"Beverly Central Public School",20071010
003,ANCASTER--DUNDAS--FLAMBOROUGH-,2,79,2,17,12,99,0,4,"Greensville",081, ,0,0,0,215,341,"Greensville Public School",20071010
003,ANCASTER--DUNDAS--FLAMBOROUGH-,0,30,30,36,41,61,1,6,"Dundas",082, ,0,0,0,205,354,"Dundas District Public School",20071010
003,ANCASTER--DUNDAS--FLAMBOROUGH-,2,40,0,26,45,99,0,2,"Dundas",083, ,0,0,0,214,349,"Dundas District Public School",20071010
003,ANCASTER--DUNDAS--FLAMBOROUGH-,0,43,22,2,47,52,0,2,"Dundas",084, ,0,0,0,168,291,"J.L. Grightmire Arena",20071010
003,ANCASTER--DUNDAS--FLAMBOROUGH-,0,21,1,23,49,91,2,7,"Dundas",085, ,1,0,0,195,304,"Dundas Community Centre",20071010
003,ANCASTER--DUNDAS--FLAMBOROUGH-,1,21,0,11,32,44,0,3,"Dundas",086, ,0,0,0,112,259,"J.L. Grightmire Arena",20071010
003,ANCASTER--DUNDAS--FLAMBOROUGH-,0,52,0,13,13,101,0,1,"Dundas",087, ,0,0,0,180,327,"Parkside High School",20071010
003,ANCASTER--DUNDAS--FLAMBOROUGH-,0,36,2,58,51,90,4,1,"Dundas",088, ,0,0,0,242,419,"Dundas Community Centre",20071010
003,ANCASTER--DUNDAS--FLAMBOROUGH-,0,0,0,0,0,0,0,0,"Dundas",089s, ,0,0,0,0,9,"Dundas Community Centre",20071010
003,ANCASTER--DUNDAS--FLAMBOROUGH-,0,1,1,4,7,5,0,0,"Dundas",090s, ,0,0,0,18,18,"Elm Villa",20071010
003,ANCASTER--DUNDAS--FLAMBOROUGH-,1,31,2,16,23,43,0,1,"Dundas",091, ,0,0,0,117,269,"Dundas Community Centre",20071010
003,ANCASTER--DUNDAS--FLAMBOROUGH-,0,40,0,24,26,70,0,0,"Dundas",092, ,0,0,0,160,322,"Dundas Community Centre",20071010
003,ANCASTER--DUNDAS--FLAMBOROUGH-,0,50,1,10,32,81,2,2,"Dundas",093, ,0,0,0,178,337,"Yorkview Public School",20071010
003,ANCASTER--DUNDAS--FLAMBOROUGH-,0,50,3,27,47,70,0,2,"Dundas",094, ,0,1,0,200,372,"Parkside High School",20071010
003,ANCASTER--DUNDAS--FLAMBOROUGH-,2,51,1,25,40,89,0,4,"Dundas",095, ,0,4,0,216,383,"Yorkview Public School",20071010
003,ANCASTER--DUNDAS--FLAMBOROUGH-,0,26,0,9,25,46,0,2,"Dundas",096, ,3,1,0,112,298,"Yorkview Public School",20071010
003,ANCASTER--DUNDAS--FLAMBOROUGH-,0,10,1,6,25,33,0,1,"Dundas",097s, ,0,1,0,77,142,"Yorkville Place",20071010
003,ANCASTER--DUNDAS--FLAMBOROUGH-,0,61,1,16,17,101,0,0,"Dundas",098, ,1,0,0,197,327,"Yorkview Public School",20071010
003,ANCASTER--DUNDAS--FLAMBOROUGH-,0,64,0,9,35,92,0,0,"Dundas",099, ,2,0,0,202,361,"Dundana Public School",20071010
003,ANCASTER--DUNDAS--FLAMBOROUGH-,0,21,1,17,21,61,0,0,"Hamilton",100A, ,0,1,0,122,205,"McMaster University",20071010
003,ANCASTER--DUNDAS--FLAMBOROUGH-,0,15,0,18,16,52,1,0,"Hamilton",100B, ,0,1,0,103,176,"McMaster University",20071010
003,ANCASTER--DUNDAS--FLAMBOROUGH-,0,13,0,7,15,35,0,0,"Hamilton",100C, ,5,1,1,77,148,"McMaster University",20071010
003,ANCASTER--DUNDAS--FLAMBOROUGH-,1,28,0,15,32,54,0,0,"Hamilton",100D, ,0,0,0,130,229,"McMaster University",20071010
003,ANCASTER--DUNDAS--FLAMBOROUGH-,1,27,0,15,22,42,0,0,"Hamilton",100E, ,2,2,0,111,210,"McMaster University",20071010
003,ANCASTER--DUNDAS--FLAMBOROUGH-,1,30,0,30,67,89,1,0,"Hamilton",101, ,1,0,0,219,323,"George R. Allan School",20071010
003,ANCASTER--DUNDAS--FLAMBOROUGH-,1,27,0,28,61,77,1,0,"Hamilton",102, ,0,0,0,195,324,"George R. Allan School",20071010
003,ANCASTER--DUNDAS--FLAMBOROUGH-,0,22,0,26,43,80,0,1,"Hamilton",103, ,0,0,0,172,280,"George R. Allan School",20071010
003,ANCASTER--DUNDAS--FLAMBOROUGH-,0,25,1,19,46,48,1,1,"Hamilton",104, ,1,0,0,142,245,"George R. Allan School",20071010
003,ANCASTER--DUNDAS--FLAMBOROUGH-,0,29,2,20,42,76,1,0,"Hamilton",105, ,0,0,0,170,331,"George R. Allan School",20071010
003,ANCASTER--DUNDAS--FLAMBOROUGH-,0,16,1,4,15,35,0,1,"Hamilton",106s, ,0,2,0,74,203,"Shalom Village",20071010
003,ANCASTER--DUNDAS--FLAMBOROUGH-,1,87,2,12,15,61,3,0,"Rockton",107, ,1,0,0,182,362,"Beverly Township Hall",20071010
003,ANCASTER--DUNDAS--FLAMBOROUGH-,1,82,1,22,27,113,0,0,"Greensville",108, ,1,1,0,248,365,"Greensville Public School",20071010
003,ANCASTER--DUNDAS--FLAMBOROUGH-,2,81,1,28,26,100,1,1,"Greensville",109, ,0,0,0,240,400,"Greensville Public School",20071010
003,ANCASTER--DUNDAS--FLAMBOROUGH-,0,61,0,14,30,74,0,0,"Dundas",110, ,0,0,0,179,337,"Highland Secondary School",20071010
003,ANCASTER--DUNDAS--FLAMBOROUGH-,0,69,4,20,23,116,0,1,"Dundas",111, ,0,0,0,233,414,"Highland Secondary School",20071010
003,ANCASTER--DUNDAS--FLAMBOROUGH-,0,58,0,14,33,85,1,1,"Dundas",112, ,0,0,0,192,391,"Highland Secondary School",20071010
003,ANCASTER--DUNDAS--FLAMBOROUGH-,0,62,1,17,27,87,0,0,"Dundas",113, ,0,0,0,194,411,"Highland Secondary School",20071010
003,ANCASTER--DUNDAS--FLAMBOROUGH-,0,74,0,14,17,66,0,2,"Dundas",114, ,0,0,0,173,340,"Dundas District Public School",20071010
003,ANCASTER--DUNDAS--FLAMBOROUGH-,0,46,3,9,18,78,0,0,"Dundas",115, ,0,1,0,155,281,"Highland Secondary School",20071010
003,ANCASTER--DUNDAS--FLAMBOROUGH-,0,97,1,27,33,110,0,0,"Dundas",116, ,0,1,0,269,510,"Highland Secondary School",20071010
003,ANCASTER--DUNDAS--FLAMBOROUGH-,0,76,3,17,27,138,0,4,"Dundas",117, ,0,0,0,265,477,"St. Bernadette Elementary School",20071010
003,ANCASTER--DUNDAS--FLAMBOROUGH-,1,58,0,17,25,47,0,1,"Dundas",118, ,0,0,0,149,353,"St. Bernadette Elementary School",20071010
003,ANCASTER--DUNDAS--FLAMBOROUGH-,0,17,0,1,4,26,0,0,"Dundas",119s, ,0,0,0,48,62,"The Georgian Retirement Residence",20071010
003,ANCASTER--DUNDAS--FLAMBOROUGH-,0,59,0,27,33,76,0,1,"Dundas",120, ,1,0,0,197,323,"J.L. Grightmire Arena",20071010
003,ANCASTER--DUNDAS--FLAMBOROUGH-,0,25,2,15,25,38,0,7,"Dundas",121, ,2,2,0,116,262,"St. Bernadette Elementary School",20071010
003,ANCASTER--DUNDAS--FLAMBOROUGH-,1,69,0,17,23,103,1,1,"Dundas",122, ,0,0,1,216,397,"St. Bernadette Elementary School",20071010
003,ANCASTER--DUNDAS--FLAMBOROUGH-,0,7,0,2,12,12,0,3,"Dundas",123s, ,2,1,0,39,97,"Blackadar Continuing Care Centre",20071010
003,ANCASTER--DUNDAS--FLAMBOROUGH-,3,66,0,22,46,114,0,1,"Dundas",124, ,1,1,0,254,431,"Dundas Baptist Church",20071010
003,ANCASTER--DUNDAS--FLAMBOROUGH-,0,38,1,13,32,85,1,7,"Dundas",125, ,0,0,0,177,340,"Dundana Public School",20071010
003,ANCASTER--DUNDAS--FLAMBOROUGH-,0,27,0,14,17,76,0,0,"Dundas",126, ,0,0,0,134,273,"Dundas Baptist Church",20071010
003,ANCASTER--DUNDAS--FLAMBOROUGH-,0,19,3,3,21,46,0,1,"Dundas",127s, ,3,1,3,100,411,"St. Joseph's Villa",20071010
003,ANCASTER--DUNDAS--FLAMBOROUGH-,0,16,1,9,9,24,0,0,"Dundas",128, ,1,0,0,60,154,"Dundas Community Centre",20071010
003,ANCASTER--DUNDAS--FLAMBOROUGH-,0,28,1,8,16,35,0,1,"Dundas",129, ,0,1,0,90,237,"Dundas Community Centre",20071010
003,ANCASTER--DUNDAS--FLAMBOROUGH-,0,66,0,19,31,80,1,0,"Dundas",130, ,0,0,0,197,306,"Dundana Public School",20071010
003,ANCASTER--DUNDAS--FLAMBOROUGH-,0,8,0,0,0,14,0,1,"Dundas",131s, ,0,0,0,23,30,"Bertram Place",20071010
003,ANCASTER--DUNDAS--FLAMBOROUGH-,0,2,0,0,1,9,0,4,"Dundas",132s, ,0,0,0,16,16,"Governor's Manor",20071010
003,ANCASTER--DUNDAS--FLAMBOROUGH-,0,4,0,2,5,16,0,1,"Dundas",133s, ,0,0,0,28,43,"Dundas Retirement Place",20071010
003,ANCASTER--DUNDAS--FLAMBOROUGH-,1,33,0,12,38,44,0,1,"Dundas",134, ,1,0,0,130,270,"Dundas Community Centre",20071010
003,ANCASTER--DUNDAS--FLAMBOROUGH-,0,7,0,5,6,12,0,2,"Dundas",135A, ,0,0,0,32,46,"Sherwood Place",20071010
003,ANCASTER--DUNDAS--FLAMBOROUGH-,0,33,0,10,12,59,1,0,"Dundas",135B, ,0,0,0,115,197,"Dundana Public School",20071010
003,ANCASTER--DUNDAS--FLAMBOROUGH-,0,12,0,1,5,13,0,2,"Dundas",136s, ,0,0,0,33,157,"Wentworth Lodge",20071010
003,ANCASTER--DUNDAS--FLAMBOROUGH-,0,28,0,9,26,72,0,2,"Dundas",137, ,0,0,0,137,325,"Dundas Baptist Church",20071010
003,ANCASTER--DUNDAS--FLAMBOROUGH-,1,40,5,14,57,85,0,2,"Dundas",138, ,0,1,0,205,333,"Dundana Public School",20071010
003,ANCASTER--DUNDAS--FLAMBOROUGH-,0,5,0,2,5,8,0,0,"Dundas",139A, ,0,0,0,20,22,"Valley Manor",20071010
003,ANCASTER--DUNDAS--FLAMBOROUGH-,0,20,1,8,21,23,1,0,"Dundas",139B, ,0,0,1,75,189,"Dundana Public School",20071010
003,ANCASTER--DUNDAS--FLAMBOROUGH-,0,31,5,10,25,46,0,1,"Dundas",140, ,0,0,0,118,303,"Dundana Public School",20071010
003,ANCASTER--DUNDAS--FLAMBOROUGH-,0,7,0,5,20,24,1,1,"Hamilton",141, ,1,0,0,59,147,"Binkley United Church",20071010
003,ANCASTER--DUNDAS--FLAMBOROUGH-,0,53,1,18,49,72,0,0,"Dundas",142, ,0,0,0,193,366,"Dundana Public School",20071010
003,ANCASTER--DUNDAS--FLAMBOROUGH-,0,33,0,10,33,75,0,1,"Hamilton",143, ,0,0,1,153,353,"Prince Philip Elementary School",20071010
003,ANCASTER--DUNDAS--FLAMBOROUGH-,0,30,0,10,30,69,0,0,"Hamilton",144, ,0,0,0,139,329,"Binkley United Church",20071010
003,ANCASTER--DUNDAS--FLAMBOROUGH-,1,20,1,19,35,65,0,0,"Hamilton",145, ,0,0,0,141,392,"Binkley United Church",20071010
003,ANCASTER--DUNDAS--FLAMBOROUGH-,0,23,1,10,22,38,0,1,"Hamilton",146, ,0,0,0,95,287,"St. Mary's Catholic Secondary School",20071010
003,ANCASTER--DUNDAS--FLAMBOROUGH-,0,19,0,15,35,30,0,0,"Hamilton",147, ,0,1,0,100,287,"Prince Philip Elementary School",20071010
003,ANCASTER--DUNDAS--FLAMBOROUGH-,0,23,2,18,31,30,0,0,"Hamilton",148, ,0,0,0,104,286,"Dalewood Senior Elementary School",20071010
003,ANCASTER--DUNDAS--FLAMBOROUGH-,0,35,1,13,25,55,0,0,"Hamilton",149, ,0,0,0,129,341,"Dalewood Senior Elementary School",20071010
003,ANCASTER--DUNDAS--FLAMBOROUGH-,0,14,2,27,49,93,0,0,"Hamilton",150, ,0,2,0,187,436,"Dalewood Senior Elementary School",20071010
003,ANCASTER--DUNDAS--FLAMBOROUGH-,0,43,1,27,32,105,0,0,"Hamilton",151, ,0,0,0,208,360,"Dalewood Senior Elementary School",20071010
003,ANCASTER--DUNDAS--FLAMBOROUGH-,0,23,2,22,46,54,0,1,"Hamilton",152, ,5,1,0,154,375,"Dalewood Senior Elementary School",20071010
003,ANCASTER--DUNDAS--FLAMBOROUGH-,0,31,0,21,35,54,0,0,"Hamilton",153, ,0,0,0,141,338,"Dalewood Senior Elementary School",20071010
003,ANCASTER--DUNDAS--FLAMBOROUGH-,0,41,3,28,65,92,1,1,"Hamilton",154, ,0,0,0,231,441,"Westdale Senior School",20071010
003,ANCASTER--DUNDAS--FLAMBOROUGH-,0,23,2,36,55,87,0,0,"Hamilton",155, ,2,1,0,206,450,"Dalewood Senior Elementary School",20071010
003,ANCASTER--DUNDAS--FLAMBOROUGH-,0,31,0,22,32,81,0,0,"Hamilton",156, ,1,0,0,167,328,"Westdale Senior School",20071010
003,ANCASTER--DUNDAS--FLAMBOROUGH-,1,44,6,20,56,77,0,0,"Hamilton",157, ,0,0,0,204,369,"Westdale Senior School",20071010
003,ANCASTER--DUNDAS--FLAMBOROUGH-,0,10,1,15,34,27,0,0,"Hamilton",158, ,0,0,0,87,224,"Westdale Senior School",20071010
003,ANCASTER--DUNDAS--FLAMBOROUGH-,1,89,0,15,9,38,0,1,"Sheffield",159, ,0,0,0,153,245,"Sheffield Community Centre",20071010
003,ANCASTER--DUNDAS--FLAMBOROUGH-,2,142,0,30,18,75,0,0,"Hamilton",160, ,0,0,0,267,401,"Copetown Community Centre",20071010
003,ANCASTER--DUNDAS--FLAMBOROUGH-,2,47,0,16,15,51,0,0,"Copetown",161, ,0,1,0,132,279,"Queen's Rangers Public School",20071010
003,ANCASTER--DUNDAS--FLAMBOROUGH-,0,67,2,16,23,82,0,0,"Dundas",162, ,0,0,0,190,352,"Highland Secondary School",20071010
003,ANCASTER--DUNDAS--FLAMBOROUGH-,0,59,2,29,24,121,0,3,"Dundas",163, ,2,0,0,240,459,"Dundas Baptist Church",20071010
003,ANCASTER--DUNDAS--FLAMBOROUGH-,1,85,0,42,39,130,0,0,"Dundas",164, ,0,0,0,297,513,"Dundas Baptist Church",20071010
003,ANCASTER--DUNDAS--FLAMBOROUGH-,1,51,0,9,33,48,0,0,"Ancaster",165, ,0,0,0,142,310,"Ancaster Old Town Hall",20071010
003,ANCASTER--DUNDAS--FLAMBOROUGH-,0,62,0,17,26,85,0,2,"Dundas",166, ,1,0,1,194,378,"Dundas Baptist Church",20071010
003,ANCASTER--DUNDAS--FLAMBOROUGH-,1,82,0,29,34,125,0,4,"Dundas",167, ,0,0,0,275,438,"Dundana Public School",20071010
003,ANCASTER--DUNDAS--FLAMBOROUGH-,0,13,0,7,12,24,0,1,"Hamilton",168, ,0,0,0,57,164,"Hamilton Mennonite Church",20071010
003,ANCASTER--DUNDAS--FLAMBOROUGH-,0,16,0,0,9,18,0,0,"Hamilton",169, ,0,0,1,44,111,"Hamilton Mennonite Church",20071010
003,ANCASTER--DUNDAS--FLAMBOROUGH-,1,17,0,1,13,12,0,0,"Hamilton",170s, ,1,0,0,45,51,"Rambynas Senior Citizens Home",20071010
003,ANCASTER--DUNDAS--FLAMBOROUGH-,0,5,1,5,7,12,0,0,"Hamilton",171, ,0,0,0,30,105,"Hamilton Mennonite Church",20071010
003,ANCASTER--DUNDAS--FLAMBOROUGH-,0,13,1,6,27,29,0,1,"Hamilton",172, ,0,0,0,77,149,"Hamilton Mennonite Church",20071010
003,ANCASTER--DUNDAS--FLAMBOROUGH-,0,77,1,8,14,132,0,0,"Ancaster",173, ,0,0,0,232,472,"Holy Name of Mary School",20071010
003,ANCASTER--DUNDAS--FLAMBOROUGH-,0,27,2,6,28,53,0,0,"Hamilton",174, ,0,0,0,116,244,"Hamilton Mennonite Church",20071010
003,ANCASTER--DUNDAS--FLAMBOROUGH-,0,60,1,17,35,85,2,3,"Hamilton",175, ,0,0,0,203,375,"Hamilton Mennonite Church",20071010
003,ANCASTER--DUNDAS--FLAMBOROUGH-,0,64,5,24,48,115,0,0,"Hamilton",176, ,2,2,0,260,448,"Prince Philip Elementary School",20071010
003,ANCASTER--DUNDAS--FLAMBOROUGH-,0,26,0,15,35,51,0,0,"Hamilton",177, ,4,0,0,131,334,"St. Mary's Catholic Secondary School",20071010
003,ANCASTER--DUNDAS--FLAMBOROUGH-,0,41,1,11,42,55,0,0,"Hamilton",178, ,1,1,0,152,420,"St. Mary's Catholic Secondary School",20071010
003,ANCASTER--DUNDAS--FLAMBOROUGH-,0,27,1,14,31,66,0,0,"Hamilton",179, ,3,1,0,143,377,"St. Mary's Catholic Secondary School",20071010
003,ANCASTER--DUNDAS--FLAMBOROUGH-,0,124,2,35,24,133,1,2,"Copetown",180, ,0,0,0,321,580,"Queen's Rangers Public School",20071010
003,ANCASTER--DUNDAS--FLAMBOROUGH-,0,60,4,12,19,79,0,0,"Ancaster",181, ,1,0,1,176,303,"Ancaster Old Town Hall",20071010
003,ANCASTER--DUNDAS--FLAMBOROUGH-,0,99,0,9,10,115,0,1,"Ancaster",182, ,0,0,0,234,437,"Ancaster Meadows Elementary School",20071010
003,ANCASTER--DUNDAS--FLAMBOROUGH-,0,89,2,14,40,109,0,0,"Ancaster",183, ,0,0,0,254,463,"Ancaster Old Town Hall",20071010
003,ANCASTER--DUNDAS--FLAMBOROUGH-,0,74,3,10,16,108,0,0,"Ancaster",184, ,0,1,0,212,373,"Ancaster Meadows Elementary School",20071010
003,ANCASTER--DUNDAS--FLAMBOROUGH-,1,45,2,10,17,48,1,1,"Ancaster",185, ,0,0,0,125,332,"Holy Name of Mary School",20071010
003,ANCASTER--DUNDAS--FLAMBOROUGH-,2,17,0,3,15,19,0,1,"Ancaster",186s, ,0,2,0,59,167,"The Willowgrove",20071010
003,ANCASTER--DUNDAS--FLAMBOROUGH-,2,44,0,11,26,106,0,2,"Ancaster",187, ,1,0,0,192,436,"Holy Name of Mary School",20071010
003,ANCASTER--DUNDAS--FLAMBOROUGH-,0,33,0,8,7,29,0,0,"Ancaster",188s, ,2,1,0,80,106,"The Meadowlands Retirement Residence",20071010
003,ANCASTER--DUNDAS--FLAMBOROUGH-,0,99,5,15,31,72,0,2,"Lynden",189, ,1,0,0,225,375,"Lynden Troy United Church",20071010
003,ANCASTER--DUNDAS--FLAMBOROUGH-,0,109,0,21,24,163,2,0,"Ancaster",190, ,0,0,0,319,525,"Morgan Firestone Arena and Rotary Centre",20071010
003,ANCASTER--DUNDAS--FLAMBOROUGH-,3,105,0,15,25,98,0,0,"Ancaster",191, ,1,0,0,247,445,"Morgan Firestone Arena and Rotary Centre",20071010
003,ANCASTER--DUNDAS--FLAMBOROUGH-,91,2,8,3,114,0,1,0,"Ancaster",192, ,0,0,0,219,451,"Ancaster Old Town Hall",20071010
003,ANCASTER--DUNDAS--FLAMBOROUGH-,0,84,3,24,14,131,0,1,"Ancaster",193, ,3,0,0,260,455,"Morgan Firestone Arena and Rotary Centre",20071010
003,ANCASTER--DUNDAS--FLAMBOROUGH-,0,63,3,13,18,118,0,0,"Ancaster",194, ,0,0,0,215,383,"Morgan Firestone Arena and Rotary Centre",20071010
003,ANCASTER--DUNDAS--FLAMBOROUGH-,0,89,0,17,16,90,1,0,"Ancaster",195, ,0,0,2,215,376,"Ancaster Old Town Hall",20071010
003,ANCASTER--DUNDAS--FLAMBOROUGH-,0,81,2,21,18,128,1,0,"Ancaster",196, ,0,0,0,251,457,"Ancaster Old Town Hall",20071010
003,ANCASTER--DUNDAS--FLAMBOROUGH-,1,89,1,10,19,111,0,1,"Ancaster",197, ,0,0,0,232,430,"Ancaster Meadows Elementary School",20071010
003,ANCASTER--DUNDAS--FLAMBOROUGH-,0,68,1,14,17,120,0,1,"Ancaster",198, ,0,0,0,221,394,"Ancaster Meadows Elementary School",20071010
003,ANCASTER--DUNDAS--FLAMBOROUGH-,1,76,0,9,16,85,0,3,"Ancaster",199, ,1,2,0,193,377,"Marritt Hall (Ancaster Agricultural Society)",20071010
003,ANCASTER--DUNDAS--FLAMBOROUGH-,1,73,0,13,39,89,0,1,"Ancaster",200, ,0,0,0,216,404,"Ancaster Meadows Elementary School",20071010
003,ANCASTER--DUNDAS--FLAMBOROUGH-,1,51,1,10,29,95,0,0,"Ancaster",201, ,2,0,0,189,386,"Ancaster Meadows Elementary School",20071010
003,ANCASTER--DUNDAS--FLAMBOROUGH-,0,65,0,9,12,100,0,0,"Ancaster",202, ,2,1,1,190,376,"Marritt Hall (Ancaster Agricultural Society)",20071010
003,ANCASTER--DUNDAS--FLAMBOROUGH-,0,80,0,10,17,107,1,0,"Ancaster",203, ,0,0,0,215,404,"Holy Name of Mary School",20071010
003,ANCASTER--DUNDAS--FLAMBOROUGH-,0,62,2,13,17,103,0,0,"Ancaster",204, ,0,1,0,198,414,"Holy Name of Mary School",20071010
003,ANCASTER--DUNDAS--FLAMBOROUGH-,0,48,2,4,12,60,0,1,"Ancaster",205, ,0,1,0,128,309,"Holy Name of Mary School",20071010
003,ANCASTER--DUNDAS--FLAMBOROUGH-,0,48,0,10,10,80,0,0,"Ancaster",206, ,0,2,0,150,391,"Holy Name of Mary School",20071010
003,ANCASTER--DUNDAS--FLAMBOROUGH-,0,33,0,6,5,42,0,0,"Ancaster",207, ,0,0,0,86,232,"Holy Name of Mary School",20071010
003,ANCASTER--DUNDAS--FLAMBOROUGH-,0,43,1,5,7,32,0,2,"Ancaster",208, ,0,0,0,90,249,"Holy Name of Mary School",20071010
003,ANCASTER--DUNDAS--FLAMBOROUGH-,1,33,0,5,13,47,0,1,"Ancaster",209, ,0,0,0,100,222,"Holy Name of Mary School",20071010
003,ANCASTER--DUNDAS--FLAMBOROUGH-,2,172,7,25,32,106,0,0,"Lynden",210, ,0,0,0,344,594,"Lynden Troy United Church",20071010
003,ANCASTER--DUNDAS--FLAMBOROUGH-,3,122,5,11,20,53,0,2,"Hamilton",211, ,2,0,0,218,420,"Copetown Community Centre",20071010
003,ANCASTER--DUNDAS--FLAMBOROUGH-,0,93,0,10,17,109,0,1,"Ancaster",212, ,0,0,0,230,420,"Ancaster High School",20071010
003,ANCASTER--DUNDAS--FLAMBOROUGH-,1,84,3,16,17,115,0,0,"Ancaster",213, ,0,0,0,236,419,"Ancaster High School",20071010
003,ANCASTER--DUNDAS--FLAMBOROUGH-,1,11,0,4,6,10,0,0,"Ancaster",214s, ,0,1,0,33,126,"The Meadows Long Term Care Centre",20071010
003,ANCASTER--DUNDAS--FLAMBOROUGH-,0,49,0,15,11,63,0,0,"Ancaster",215, ,0,0,0,138,321,"Ancaster High School",20071010
003,ANCASTER--DUNDAS--FLAMBOROUGH-,0,80,1,18,38,154,0,0,"Ancaster",216, ,3,0,0,294,502,"Ancaster High School",20071010
003,ANCASTER--DUNDAS--FLAMBOROUGH-,0,64,0,13,26,94,0,0,"Ancaster",217, ,0,0,0,197,370,"Ancaster High School",20071010
003,ANCASTER--DUNDAS--FLAMBOROUGH-,1,111,3,14,29,111,0,3,"Ancaster",218, ,0,0,0,272,455,"Ancaster Senior Public School",20071010
003,ANCASTER--DUNDAS--FLAMBOROUGH-,1,19,0,2,8,17,0,0,"Ancaster",219s, ,0,0,0,47,74,"Ancaster Senior Public School",20071010
003,ANCASTER--DUNDAS--FLAMBOROUGH-,0,51,0,13,19,55,0,0,"Ancaster",220, ,1,1,1,141,254,"Ancaster Senior Public School",20071010
003,ANCASTER--DUNDAS--FLAMBOROUGH-,0,92,0,12,22,72,0,1,"Ancaster",221, ,1,1,0,201,337,"St. Ann's Church",20071010
003,ANCASTER--DUNDAS--FLAMBOROUGH-,1,17,0,2,7,13,0,0,"Ancaster",222s, ,0,0,0,40,53,"Carrington Place Retirement Residence",20071010
003,ANCASTER--DUNDAS--FLAMBOROUGH-,0,84,0,7,33,101,0,0,"Ancaster",223, ,0,0,1,226,356,"Marshall Memorial United Church",20071010
003,ANCASTER--DUNDAS--FLAMBOROUGH-,1,56,3,14,25,120,0,0,"Ancaster",224, ,1,2,0,222,388,"St. Ann's Church",20071010
003,ANCASTER--DUNDAS--FLAMBOROUGH-,0,4,0,1,5,9,0,1,"Ancaster",225s, ,0,0,0,20,39,"Marshall Memorial United Church",20071010
003,ANCASTER--DUNDAS--FLAMBOROUGH-,1,11,1,0,5,17,0,0,"Ancaster",226s, ,0,0,0,35,41,"Highgate Retirement Residence",20071010
003,ANCASTER--DUNDAS--FLAMBOROUGH-,0,60,3,19,26,85,0,1,"Ancaster",227, ,0,0,1,195,319,"St. Ann's Church",20071010
003,ANCASTER--DUNDAS--FLAMBOROUGH-,0,41,0,12,15,48,1,0,"Ancaster",228, ,0,0,0,117,219,"St. Ann's Church",20071010
003,ANCASTER--DUNDAS--FLAMBOROUGH-,0,81,7,31,41,100,1,0,"Ancaster",229, ,0,0,0,261,438,"St. Ann's Church",20071010
003,ANCASTER--DUNDAS--FLAMBOROUGH-,0,96,0,23,30,103,1,1,"Ancaster",230, ,0,0,0,254,458,"Ancaster Meadows Elementary School",20071010
003,ANCASTER--DUNDAS--FLAMBOROUGH-,0,63,9,25,111,2,1,0,"Ancaster",231, ,0,0,1,212,367,"Marritt Hall (Ancaster Agricultural Society)",20071010
003,ANCASTER--DUNDAS--FLAMBOROUGH-,0,83,2,10,20,82,0,1,"Ancaster",232, ,1,0,0,199,434,"Marritt Hall (Ancaster Agricultural Society)",20071010
003,ANCASTER--DUNDAS--FLAMBOROUGH-,0,78,1,6,22,67,0,1,"Ancaster",233, ,1,0,0,176,365,"Marritt Hall (Ancaster Agricultural Society)",20071010
003,ANCASTER--DUNDAS--FLAMBOROUGH-,0,66,0,14,20,112,0,0,"Ancaster",234, ,2,0,0,214,431,"Marritt Hall (Ancaster Agricultural Society)",20071010
003,ANCASTER--DUNDAS--FLAMBOROUGH-,0,103,2,8,8,5,0,1,"Ancaster",235A, ,0,0,0,127,242,"Redeemer University College",20071010
003,ANCASTER--DUNDAS--FLAMBOROUGH-,0,95,3,8,2,5,0,0,"Ancaster",235B, ,0,0,0,113,203,"Redeemer University College",20071010
003,ANCASTER--DUNDAS--FLAMBOROUGH-,1,126,3,10,26,104,1,0,"Ancaster",236, ,0,1,0,272,497,"Marritt Hall (Ancaster Agricultural Society)",20071010
003,ANCASTER--DUNDAS--FLAMBOROUGH-,0,73,0,17,13,91,0,0,"Ancaster",237, ,0,0,0,194,352,"Ancaster High School",20071010
003,ANCASTER--DUNDAS--FLAMBOROUGH-,1,23,1,0,8,23,0,0,"Ancaster",238, ,0,0,1,57,142,"Bishop Tonnos Catholic Secondary School",20071010
003,ANCASTER--DUNDAS--FLAMBOROUGH-,1,53,0,14,12,69,0,1,"Ancaster",239, ,1,0,0,151,309,"Bishop Tonnos Catholic Secondary School",20071010
003,ANCASTER--DUNDAS--FLAMBOROUGH-,1,84,1,23,28,105,0,0,"Ancaster",240, ,0,0,0,242,451,"Ancaster Senior Public School",20071010
003,ANCASTER--DUNDAS--FLAMBOROUGH-,1,52,1,4,12,53,0,0,"Ancaster",241, ,0,0,0,123,316,"Bishop Tonnos Catholic Secondary School",20071010
003,ANCASTER--DUNDAS--FLAMBOROUGH-,0,81,0,23,34,121,0,0,"Ancaster",242, ,1,0,0,260,488,"Ancaster Senior Public School",20071010
003,ANCASTER--DUNDAS--FLAMBOROUGH-,1,61,2,12,18,74,0,0,"Ancaster",243, ,2,0,0,170,353,"Maple Lane Learning Centre",20071010
003,ANCASTER--DUNDAS--FLAMBOROUGH-,0,112,1,16,23,130,0,0,"Ancaster",244, ,2,0,0,284,471,"Maple Lane Learning Centre",20071010
003,ANCASTER--DUNDAS--FLAMBOROUGH-,0,100,3,23,25,74,0,1,"Alberton",245, ,1,0,0,227,393,"Ancaster Senior Achievement Centre",20071010
003,ANCASTER--DUNDAS--FLAMBOROUGH-,1,103,0,10,27,88,1,1,"Ancaster",246, ,0,1,0,232,426,"Bishop Tonnos Catholic Secondary School",20071010
003,ANCASTER--DUNDAS--FLAMBOROUGH-,2,89,5,6,17,53,0,0,"Ancaster",247, ,0,1,0,173,373,"Maple Lane Learning Centre",20071010
003,ANCASTER--DUNDAS--FLAMBOROUGH-,0,92,7,15,20,51,2,1,"Alberton",248, ,0,0,1,189,318,"Ancaster Senior Achievement Centre",20071010
003,ANCASTER--DUNDAS--FLAMBOROUGH-,1,158,2,18,29,89,0,1,"Ancaster",249, ,0,3,0,301,454,"St. Paul's Presbyterian Church",20071010
003,ANCASTER--DUNDAS--FLAMBOROUGH-,0,13,0,8,9,25,0,1,"Waterdown",400, ,0,0,0,56,124,"Royal Canadian Legion Hall",20071010
003,ANCASTER--DUNDAS--FLAMBOROUGH-,0,23,1,12,31,25,0,0,"Dundas",401, ,1,0,0,93,140,"16 Helen Street",20071010
003,ANCASTER--DUNDAS--FLAMBOROUGH-,1,42,7,16,47,66,0,1,"Dundas",402, ,2,0,0,182,326,"Governor's Green",20071010
003,ANCASTER--DUNDAS--FLAMBOROUGH-,..........................NO POLL HELD........................,,,,,,,,"Dundas",403, ,0,0,0,0,0,"",20071010
003,ANCASTER--DUNDAS--FLAMBOROUGH-,0,18,1,6,13,30,0,1,"Dundas",404, ,0,0,0,69,99,"J.L. Grightmire Arena",20071010
003,ANCASTER--DUNDAS--FLAMBOROUGH-,2,27,1,15,35,57,0,1,"Dundas",405, ,0,3,1,142,215,"Governor's Estate",20071010
003,ANCASTER--DUNDAS--FLAMBOROUGH-,0,22,0,4,9,26,0,0,"Dundas",406, ,0,0,0,61,104,"J.L. Grightmire Arena",20071010
003,ANCASTER--DUNDAS--FLAMBOROUGH-,..........................NO POLL HELD........................,,,,,,,,"Dundas",407, ,0,0,0,0,0,"",20071010
003,ANCASTER--DUNDAS--FLAMBOROUGH-,0,13,0,3,4,42,0,0,"Dundas",408, ,0,0,1,63,141,"Dundas Baptist Church",20071010
003,ANCASTER--DUNDAS--FLAMBOROUGH-,0,13,2,5,43,22,0,0,"Dundas",409, ,0,1,0,86,175,"18 Dundas Street",20071010
003,ANCASTER--DUNDAS--FLAMBOROUGH-,0,27,0,8,20,38,0,0,"Hamilton",410, ,0,0,0,93,150,"West Park Towers",20071010
003,ANCASTER--DUNDAS--FLAMBOROUGH-,0,24,1,19,29,64,0,0,"Hamilton",411, ,0,2,0,139,215,"Camelot Towers",20071010
003,ANCASTER--DUNDAS--FLAMBOROUGH-,0,20,0,15,23,69,0,2,"Hamilton",412, ,0,1,0,130,195,"Camelot Towers",20071010
003,ANCASTER--DUNDAS--FLAMBOROUGH-,0,27,2,13,29,61,0,0,"Hamilton",413, ,2,1,0,135,271,"Beverley Hills Apartments",20071010
003,ANCASTER--DUNDAS--FLAMBOROUGH-,0,13,1,12,19,45,0,0,"Hamilton",414, ,0,0,0,90,194,"Glen Terrace Apartments",20071010
003,ANCASTER--DUNDAS--FLAMBOROUGH-,0,83,0,21,76,130,1,1,"Hamilton",415, ,0,1,0,313,495,"Forest Glen Apartments",20071010
003,ANCASTER--DUNDAS--FLAMBOROUGH-,1,27,1,4,31,45,1,0,"Hamilton",416, ,0,0,0,110,175,"Westmount Towers",20071010
003,ANCASTER--DUNDAS--FLAMBOROUGH-,1,14,0,6,42,29,0,3,"Hamilton",417, ,1,0,0,96,152,"Maplecrofts Apartments",20071010
003,ANCASTER--DUNDAS--FLAMBOROUGH-,0,26,0,7,18,48,0,0,"Hamilton",418, ,0,0,1,100,152,"Savoy Apartments",20071010
003,ANCASTER--DUNDAS--FLAMBOROUGH-,0,13,0,13,40,32,0,0,"Hamilton",419, ,0,1,0,99,188,"Saxony Apartments",20071010
003,ANCASTER--DUNDAS--FLAMBOROUGH-,1,24,0,9,26,37,0,1,"Hamilton",420, ,1,0,0,99,152,"Forest Hill Apartments",20071010
003,ANCASTER--DUNDAS--FLAMBOROUGH-,1,573,11,70,118,591,2,0,"Ancaster",Advanced Polls /  ADV001, ,0,0,2,1368,0,"Returning Office / Bureau du directeur du scrutin",20071010
003,ANCASTER--DUNDAS--FLAMBOROUGH-,3,162,41,1,97,240,1,1,"Hamilton",Advanced Polls /  ADV002, ,1,1,1,549,0,"St. George's Church",20071010
003,ANCASTER--DUNDAS--FLAMBOROUGH-,5,386,13,67,90,384,1,1,"Waterdown",Advanced Polls /  ADV003, ,2,0,0,949,0,"Knox Presbyterian Church",20071010
003,ANCASTER--DUNDAS--FLAMBOROUGH-,3,168,28,3,15,112,1,2,"Freelton",Advanced Polls /  ADV004, ,1,0,0,333,0,"Marian Hall",20071010
003,ANCASTER--DUNDAS--FLAMBOROUGH-,1,66,11,1,11,60,0,0,"Sheffield",Advanced Polls /  ADV005, ,0,0,0,150,0,"Sheffield United Church",20071010
003,ANCASTER--DUNDAS--FLAMBOROUGH-,6,542,10,121,206,707,1,14,"Dundas",Advanced Polls /  ADV006, ,2,0,2,1611,0,"Dundas Baptist Church",20071010
TOTALS:, ,370,17092,548,4112,6814,20445,67,222, , , , , , , , , , 
