ED_CODE,ED_NAME,BROWN,DENLEY,SCOTT,SWAIN,YURICK,PLACE_NAME,POLL_NUMBER,RURAL_INDICATOR,REJECTED,UNMARKED,DECLINED,VOTER_TURNOUT,ELECTORS,POLL_LOCATION,POLL_DATE
002,ALGOMA--MANITOULIN,7,23,0,3,1,"Hornepayne",001, ,1,1,0,36,155,"Hornepayne Recreation Complex",20071010
002,ALGOMA--MANITOULIN,13,4,1,1,1,"Manitouwadge",002, ,0,0,0,20,86,"Manitouwadge Recreation Centre",20071010
002,ALGOMA--MANITOULIN,51,52,0,9,4,"Manitouwadge",003, ,0,0,0,116,263,"Manitouwadge Recreation Centre",20071010
002,ALGOMA--MANITOULIN,31,52,1,7,2,"Manitouwadge",004, ,0,0,0,93,260,"Manitouwadge Recreation Centre",20071010
002,ALGOMA--MANITOULIN,34,46,0,7,4,"Manitouwadge",005, ,0,0,0,91,255,"Manitouwadge Recreation Centre",20071010
002,ALGOMA--MANITOULIN,22,18,0,5,1,"Manitouwadge",006, ,0,0,0,46,145,"Manitouwadge Recreation Centre",20071010
002,ALGOMA--MANITOULIN,2,2,0,0,0,"Manitouwadge",007s, ,0,0,0,4,4,"Manitouwadge General Hospital",20071010
002,ALGOMA--MANITOULIN,18,27,1,3,4,"Manitouwadge",008, ,0,0,0,53,159,"Manitouwadge Recreation Centre",20071010
002,ALGOMA--MANITOULIN,29,36,1,1,3,"Hornepayne",009, ,0,0,0,70,220,"Hornepayne Recreation Complex",20071010
002,ALGOMA--MANITOULIN,25,37,1,6,2,"Hornepayne",010, ,0,0,0,71,290,"Hornepayne Recreation Complex",20071010
002,ALGOMA--MANITOULIN,0,0,0,0,0,"Hornepayne",011s, ,0,0,0,0,1,"Hornepayne Community Hospital",20071010
002,ALGOMA--MANITOULIN,35,42,1,13,1,"Manitouwadge",012, ,0,0,0,92,238,"Manitouwadge Recreation Centre",20071010
002,ALGOMA--MANITOULIN,20,33,0,6,2,"Manitouwadge",013, ,1,0,0,62,172,"Manitouwadge Recreation Centre",20071010
002,ALGOMA--MANITOULIN,18,21,1,3,4,"Hornepayne",014, ,0,0,0,47,154,"Hornepayne Recreation Complex",20071010
002,ALGOMA--MANITOULIN,2,4,0,0,0,"Oba",015, ,0,0,0,6,21,"Oba - Blanchette Residence",20071010
002,ALGOMA--MANITOULIN,......................COMBINED WITH POLL 017 ....................,,,,,"Pic Mobert South",016, ,,,,,,"Pic Mobert Recreation Complex",20071010
002,ALGOMA--MANITOULIN,42,75,1,0,6,"White River",017, ,1,0,0,125,224,"White River Amenity Space",20071010
002,ALGOMA--MANITOULIN,18,61,0,5,0,"White River",018, ,0,0,0,84,203,"White River Amenity Space",20071010
002,ALGOMA--MANITOULIN,19,61,1,4,2,"White River",019, ,0,0,0,87,198,"White River Amenity Space",20071010
002,ALGOMA--MANITOULIN,36,48,1,2,2,"Dubreuilville",021, ,3,0,0,92,273,"Dubreuilville Social and Cultural Centre",20071010
002,ALGOMA--MANITOULIN,8,8,0,1,0,"Missanabie",022, ,0,1,0,18,34,"Missarenda Public School",20071010
002,ALGOMA--MANITOULIN,34,30,1,1,2,"Dubreuilville",023, ,0,0,0,68,258,"Dubreuilville Social and Cultural Centre",20071010
002,ALGOMA--MANITOULIN,21,32,1,9,13,"Wawa",025, ,1,0,0,77,219,"Michipicoten Memorial Community Centre",20071010
002,ALGOMA--MANITOULIN,24,18,2,9,2,"Chapleau",026, ,0,0,0,55,112,"Chapleau High School",20071010
002,ALGOMA--MANITOULIN,4,6,0,0,1,"Wawa",027, ,0,0,0,11,54,"Michipicoten Memorial Community Centre",20071010
002,ALGOMA--MANITOULIN,62,60,0,15,10,"Wawa",028, ,0,0,0,147,318,"Michipicoten Memorial Community Centre",20071010
002,ALGOMA--MANITOULIN,44,35,0,20,7,"Wawa",029, ,1,0,0,107,266,"Michipicoten Memorial Community Centre",20071010
002,ALGOMA--MANITOULIN,43,49,2,7,5,"Wawa",030, ,0,0,0,106,254,"Michipicoten Memorial Community Centre",20071010
002,ALGOMA--MANITOULIN,8,26,2,3,0,"Wawa",031, ,0,0,0,39,173,"Michipicoten Memorial Community Centre",20071010
002,ALGOMA--MANITOULIN,28,70,0,10,4,"Wawa",032, ,0,0,0,112,290,"Michipicoten Memorial Community Centre",20071010
002,ALGOMA--MANITOULIN,2,4,0,0,0,"Wawa",033s, ,0,0,0,6,18,"Lady Dunn Health Centre",20071010
002,ALGOMA--MANITOULIN,25,31,0,6,7,"Wawa",034, ,0,0,0,69,220,"Michipicoten Memorial Community Centre",20071010
002,ALGOMA--MANITOULIN,23,41,3,10,6,"Wawa",035, ,0,0,0,83,240,"Michipicoten Memorial Community Centre",20071010
002,ALGOMA--MANITOULIN,19,72,0,9,1,"Hawk Junction",036, ,0,0,0,101,193,"Hawk Junction Community Hall",20071010
002,ALGOMA--MANITOULIN,55,84,1,23,6,"Wawa",037, ,0,0,0,169,470,"Michipicoten Memorial Community Centre",20071010
002,ALGOMA--MANITOULIN,46,34,2,10,2,"Chapleau",038, ,0,0,0,94,341,"Chapleau High School",20071010
002,ALGOMA--MANITOULIN,3,2,0,1,0,"Chapleau",039s, ,0,0,0,6,11,"Chapleau Bignucolo Residence",20071010
002,ALGOMA--MANITOULIN,53,24,2,6,9,"Chapleau",040, ,0,0,0,94,290,"Chapleau High School",20071010
002,ALGOMA--MANITOULIN,12,11,2,4,3,"Chapleau",042, ,0,0,0,32,73,"Fox Lake Cree Band Office",20071010
002,ALGOMA--MANITOULIN,46,27,3,10,10,"Chapleau",043, ,0,0,0,96,415,"Chapleau High School",20071010
002,ALGOMA--MANITOULIN,3,2,0,0,0,"Chapleau",044, ,0,0,0,5,17,"Chapleau Ojibway Band Office",20071010
002,ALGOMA--MANITOULIN,40,26,1,5,9,"Chapleau",045, ,0,0,0,81,362,"Chapleau High School",20071010
002,ALGOMA--MANITOULIN,32,19,3,7,3,"Chapleau",046, ,1,0,0,65,349,"Chapleau High School",20071010
002,ALGOMA--MANITOULIN,..........................NO POLL HELD........................,,,,,"Chapleau",047, ,0,0,0,0,0,"",20071010
002,ALGOMA--MANITOULIN,8,12,1,3,1,"Sultan",048, ,0,1,0,26,40,"Sultan - Ted Castilloux Residence",20071010
002,ALGOMA--MANITOULIN,0,3,0,0,3,"Montreal River",049, ,0,0,0,6,7,"Montreal River Northgate Service Centre",20071010
002,ALGOMA--MANITOULIN,43,45,0,19,7,"Batchawana Bay",051, ,0,1,0,115,179,"C.O. Somes Community Centre",20071010
002,ALGOMA--MANITOULIN,75,64,1,16,9,"Goulais River",052, ,2,0,0,167,309,"Goulais River Mccauley's Motel",20071010
002,ALGOMA--MANITOULIN,50,45,4,10,15,"Searchmont",053, ,1,0,0,125,211,"Searchmont Community Centre",20071010
002,ALGOMA--MANITOULIN,13,22,0,13,11,"Wharncliffe",054, ,1,0,0,60,108,"Wharncliffe Community Hall",20071010
002,ALGOMA--MANITOULIN,11,12,0,2,2,"Goulais River",055, ,0,0,0,27,90,"Goulais River Captain Tilley's Community Centre",20071010
002,ALGOMA--MANITOULIN,14,10,0,1,1,"Goulais River",056, ,0,0,0,26,59,"Goulais River Captain Tilley's Community Centre",20071010
002,ALGOMA--MANITOULIN,52,49,0,20,5,"Goulais River",057, ,0,0,0,126,330,"Goulais River Captain Tilley's Community Centre",20071010
002,ALGOMA--MANITOULIN,18,28,0,18,9,"Heyden",058, ,1,0,0,74,227,"Heyden-Aweres Public School",20071010
002,ALGOMA--MANITOULIN,9,10,0,6,0,"Kynock",059, ,1,1,0,27,45,"Kynock Community Hall",20071010
002,ALGOMA--MANITOULIN,92,76,3,15,6,"Prince Township",060, ,2,0,0,194,381,"Prince Township Municipal Office",20071010
002,ALGOMA--MANITOULIN,2,14,0,0,0,"Goulais River",061, ,0,0,0,16,51,"Goulais River Captain Tilley's Community Centre",20071010
002,ALGOMA--MANITOULIN,49,50,2,23,11,"Goulais River",062, ,0,0,0,135,338,"Goulais River Captain Tilley's Community Centre",20071010
002,ALGOMA--MANITOULIN,41,49,2,12,7,"Heyden",063, ,0,0,0,111,209,"Heyden-Aweres Public School",20071010
002,ALGOMA--MANITOULIN,39,81,3,17,5,"Heyden",064, ,0,0,0,145,292,"Heyden-Aweres Public School",20071010
002,ALGOMA--MANITOULIN,57,60,5,20,5,"Heyden",065, ,0,1,1,149,428,"Heyden-Aweres Public School",20071010
002,ALGOMA--MANITOULIN,7,23,0,3,1,"Heyden",066, ,1,1,0,36,86,"Heyden-Aweres Public School",20071010
002,ALGOMA--MANITOULIN,43,61,0,29,3,"Heyden",067, ,0,0,0,136,200,"Heyden-Aweres Public School",20071010
002,ALGOMA--MANITOULIN,25,31,0,7,8,"Massey",068, ,0,0,0,71,106,"Massey S. Geiger Public School",20071010
002,ALGOMA--MANITOULIN,103,58,3,18,12,"Prince Township",069, ,3,0,0,197,345,"Prince Township Municipal Office",20071010
002,ALGOMA--MANITOULIN,10,19,1,0,1,"Garden River 14",070, ,1,0,0,32,212,"Garden River Community Centre (First Nation)",20071010
002,ALGOMA--MANITOULIN,13,119,2,2,1,"Garden River 14",071, ,0,0,0,137,554,"Garden River Community Centre (First Nation)",20071010
002,ALGOMA--MANITOULIN,49,55,0,17,11,"Sylvan Valley",072, ,0,0,0,132,261,"Sylvan Valley Community Hall",20071010
002,ALGOMA--MANITOULIN,25,52,1,21,13,"Sylvan Valley",073, ,0,0,0,112,213,"Sylvan Valley Community Hall",20071010
002,ALGOMA--MANITOULIN,31,12,0,10,6,"Elliot Lake",074, ,0,0,0,59,114,"Collins Hall",20071010
002,ALGOMA--MANITOULIN,36,31,1,13,1,"Echo Bay",075, ,0,0,0,82,158,"Echo Bay Community Hall",20071010
002,ALGOMA--MANITOULIN,37,55,5,20,6,"Bar River",076, ,0,0,0,123,300,"Bar River Community Hall",20071010
002,ALGOMA--MANITOULIN,59,75,3,27,3,"Laird",077, ,0,0,0,167,351,"Laird Township Community Hall",20071010
002,ALGOMA--MANITOULIN,28,50,2,13,11,"Echo Bay",078, ,0,0,0,104,263,"Echo Bay Community Hall",20071010
002,ALGOMA--MANITOULIN,35,30,0,6,9,"Desbarats",079, ,0,0,0,80,186,"Johnson-Tarbutt Public School",20071010
002,ALGOMA--MANITOULIN,49,33,3,4,5,"Elliot Lake",080, ,1,0,0,95,256,"Collins Hall",20071010
002,ALGOMA--MANITOULIN,51,46,1,11,7,"Elliot Lake",081, ,1,0,0,117,317,"Collins Hall",20071010
002,ALGOMA--MANITOULIN,29,17,0,11,2,"Elliot Lake",082, ,0,0,0,59,150,"Collins Hall",20071010
002,ALGOMA--MANITOULIN,83,42,5,23,4,"Elliot Lake",083, ,2,1,0,160,309,"Collins Hall",20071010
002,ALGOMA--MANITOULIN,76,47,2,18,2,"Elliot Lake",084, ,0,0,0,145,328,"Collins Hall",20071010
002,ALGOMA--MANITOULIN,75,29,4,13,3,"Elliot Lake",085, ,0,0,0,124,278,"Our Lady of Lourdes French Immersion School",20071010
002,ALGOMA--MANITOULIN,66,32,2,10,7,"Elliot Lake",086, ,0,1,0,118,283,"George Vanier School",20071010
002,ALGOMA--MANITOULIN,62,38,0,12,5,"Elliot Lake",087, ,0,0,0,117,300,"Collins Hall",20071010
002,ALGOMA--MANITOULIN,70,30,0,12,5,"Elliot Lake",088, ,1,0,0,118,273,"Collins Hall",20071010
002,ALGOMA--MANITOULIN,......................COMBINED WITH POLL 083 ....................,,,,,"Elliot Lake",089s, ,,,,,,"St. Joseph Manor",20071010
002,ALGOMA--MANITOULIN,56,43,2,9,10,"Elliot Lake",090, ,1,0,0,121,249,"Collins Hall",20071010
002,ALGOMA--MANITOULIN,68,46,1,18,4,"Elliot Lake",091, ,1,0,0,138,329,"George Vanier School",20071010
002,ALGOMA--MANITOULIN,105,59,1,15,1,"Elliot Lake",092, ,0,0,0,181,371,"Our Lady of Lourdes French Immersion School",20071010
002,ALGOMA--MANITOULIN,36,31,2,9,5,"Elliot Lake",093, ,0,0,0,83,198,"Collins Hall",20071010
002,ALGOMA--MANITOULIN,63,51,1,25,5,"Elliot Lake",094, ,0,0,0,145,308,"George Vanier School",20071010
002,ALGOMA--MANITOULIN,82,48,2,16,10,"Elliot Lake",095, ,0,1,0,159,342,"George Vanier School",20071010
002,ALGOMA--MANITOULIN,62,28,1,8,11,"Elliot Lake",096, ,3,0,0,113,248,"Our Lady of Lourdes French Immersion School",20071010
002,ALGOMA--MANITOULIN,36,38,0,13,4,"Elliot Lake",097, ,1,0,0,92,214,"Collins Hall",20071010
002,ALGOMA--MANITOULIN,19,6,1,0,1,"Elliot Lake",098s, ,2,0,0,29,55,"Hillside Park Retirement Residence",20071010
002,ALGOMA--MANITOULIN,41,42,1,11,7,"Elliot Lake",099, ,0,0,0,102,257,"Collins Hall",20071010
002,ALGOMA--MANITOULIN,62,39,3,14,4,"Elliot Lake",100, ,0,0,0,122,339,"Our Lady of Lourdes French Immersion School",20071010
002,ALGOMA--MANITOULIN,8,1,0,1,0,"Elliot Lake",101s, ,0,0,0,10,28,"Huron Lodge",20071010
002,ALGOMA--MANITOULIN,47,27,1,28,1,"Elliot Lake",102, ,1,0,0,105,242,"Collins Hall",20071010
002,ALGOMA--MANITOULIN,42,61,0,35,6,"Elliot Lake",103, ,0,0,0,144,340,"New Life Pentecostal Church",20071010
002,ALGOMA--MANITOULIN,44,73,3,33,3,"Elliot Lake",104, ,0,0,0,156,345,"New Life Pentecostal Church",20071010
002,ALGOMA--MANITOULIN,73,96,0,21,16,"Webbwood",105, ,1,0,0,207,404,"Webbwood Senior Citizens Club",20071010
002,ALGOMA--MANITOULIN,19,32,0,7,0,"Nairn Centre",106, ,0,0,0,58,225,"Nairn Centre Community Hall",20071010
002,ALGOMA--MANITOULIN,66,70,3,30,10,"Laird",107, ,1,1,0,181,329,"Laird Township Community Hall",20071010
002,ALGOMA--MANITOULIN,97,62,2,49,13,"Richards Landing",108, ,1,1,0,225,343,"St. Joseph Island Public School",20071010
002,ALGOMA--MANITOULIN,65,65,1,34,10,"Tarbutt Township",109, ,1,0,0,176,261,"Tarbutt Township Council Chambers",20071010
002,ALGOMA--MANITOULIN,82,64,0,58,12,"Richards Landing",110, ,0,0,0,216,350,"St. Joseph Island Public School",20071010
002,ALGOMA--MANITOULIN,41,73,0,29,7,"Desbarats",111, ,0,0,0,150,264,"Johnson-Tarbutt Public School",20071010
002,ALGOMA--MANITOULIN,35,22,3,20,3,"Bruce Mines",112, ,1,0,0,84,195,"Bruce Mines Community Hall",20071010
002,ALGOMA--MANITOULIN,67,16,4,40,12,"Bruce Mines",113, ,0,0,0,139,240,"Bruce Mines Community Hall",20071010
002,ALGOMA--MANITOULIN,100,95,7,62,15,"Bruce Station",114, ,0,0,0,279,496,"Bruce Station Community Hall",20071010
002,ALGOMA--MANITOULIN,62,25,1,38,3,"Thessalon 12",115, ,2,1,0,132,298,"Thessalon New Ontario Lodge",20071010
002,ALGOMA--MANITOULIN,22,13,0,5,0,"Thessalon 12",116s, ,0,0,0,40,112,"Algoma Manor",20071010
002,ALGOMA--MANITOULIN,86,54,7,48,11,"Iron Bridge",117, ,0,1,0,207,406,"Iron Bridge Lions Hall",20071010
002,ALGOMA--MANITOULIN,36,49,0,5,5,"Blind River",118, ,0,0,0,95,245,"Mississauga Dreamcatcher Complex",20071010
002,ALGOMA--MANITOULIN,88,51,1,25,12,"Blind River",119, ,1,0,0,178,418,"Blind River Community Complex",20071010
002,ALGOMA--MANITOULIN,74,33,2,11,7,"Elliot Lake",120, ,0,0,0,127,323,"Our Lady of Lourdes French Immersion School",20071010
002,ALGOMA--MANITOULIN,52,40,0,8,8,"Elliot Lake",121, ,1,0,0,109,328,"Our Lady of Lourdes French Immersion School",20071010
002,ALGOMA--MANITOULIN,74,49,2,17,8,"Elliot Lake",122, ,2,0,0,152,369,"Collins Hall",20071010
002,ALGOMA--MANITOULIN,29,20,3,14,8,"Elliot Lake",123, ,0,0,0,74,201,"George Vanier School",20071010
002,ALGOMA--MANITOULIN,41,40,0,29,8,"Elliot Lake",124, ,0,0,0,118,238,"New Life Pentecostal Church",20071010
002,ALGOMA--MANITOULIN,45,32,3,14,2,"Elliot Lake",125, ,0,0,0,96,240,"New Life Pentecostal Church",20071010
002,ALGOMA--MANITOULIN,47,43,1,26,6,"Elliot Lake",126, ,1,0,0,124,260,"New Life Pentecostal Church",20071010
002,ALGOMA--MANITOULIN,40,28,0,8,3,"Spanish",127, ,0,0,0,79,176,"Township of Spanish Municipal Office",20071010
002,ALGOMA--MANITOULIN,85,69,0,17,7,"Massey",128, ,2,0,3,183,418,"Massey S. Geiger Public School",20071010
002,ALGOMA--MANITOULIN,40,59,2,18,2,"Webbwood",130, ,0,0,0,121,335,"Webbwood Senior Citizens Club",20071010
002,ALGOMA--MANITOULIN,62,48,6,12,2,"Espanola",131, ,0,0,0,130,309,"Espanola Community Complex",20071010
002,ALGOMA--MANITOULIN,81,54,1,15,10,"Espanola",132, ,0,2,0,163,310,"Espanola Community Complex",20071010
002,ALGOMA--MANITOULIN,24,10,1,5,2,"Espanola",133s, ,0,1,0,43,114,"Espanola Nursing Home",20071010
002,ALGOMA--MANITOULIN,71,62,1,19,3,"Espanola",134, ,0,0,0,156,323,"Espanola Community Complex",20071010
002,ALGOMA--MANITOULIN,62,65,1,11,2,"Espanola",135, ,0,0,0,141,273,"Espanola Community Complex",20071010
002,ALGOMA--MANITOULIN,48,34,1,9,7,"Espanola",136, ,0,0,0,99,212,"Espanola Community Complex",20071010
002,ALGOMA--MANITOULIN,42,73,5,4,3,"Espanola",137, ,0,0,0,127,287,"Espanola Community Complex",20071010
002,ALGOMA--MANITOULIN,23,58,1,5,3,"Espanola",138, ,0,0,0,90,213,"Espanola Community Complex",20071010
002,ALGOMA--MANITOULIN,57,61,3,17,6,"Espanola",139, ,0,0,0,144,269,"Espanola Community Complex",20071010
002,ALGOMA--MANITOULIN,37,65,0,8,4,"Espanola",140, ,0,0,0,114,273,"Espanola Community Complex",20071010
002,ALGOMA--MANITOULIN,45,62,2,7,2,"Espanola",141, ,0,0,0,118,278,"Espanola Community Complex",20071010
002,ALGOMA--MANITOULIN,48,52,0,7,2,"Espanola",142, ,0,0,0,109,288,"Espanola Community Complex",20071010
002,ALGOMA--MANITOULIN,41,59,2,5,3,"Espanola",143, ,0,2,0,112,283,"Espanola Community Complex",20071010
002,ALGOMA--MANITOULIN,41,72,2,17,7,"McKerrow",144, ,0,0,0,139,252,"Baldwin Town Hall",20071010
002,ALGOMA--MANITOULIN,32,38,0,11,7,"Espanola",145, ,0,1,0,89,264,"Espanola Community Complex",20071010
002,ALGOMA--MANITOULIN,25,84,1,10,3,"Nairn Centre",146, ,0,0,0,123,222,"Nairn Centre Community Hall",20071010
002,ALGOMA--MANITOULIN,74,52,6,49,19,"Jocelyn Township",147, ,1,0,0,201,306,"Jocelyn Township Council Chambers",20071010
002,ALGOMA--MANITOULIN,58,93,4,38,20,"Hilton Beach",148, ,2,2,0,217,338,"Hilton Beach Community Hall",20071010
002,ALGOMA--MANITOULIN,58,43,0,26,5,"Thessalon 12",149, ,5,3,0,140,345,"Thessalon New Ontario Lodge",20071010
002,ALGOMA--MANITOULIN,76,52,4,35,10,"Little Rapids",150, ,0,0,0,177,379,"Little Rapids Community Hall",20071010
002,ALGOMA--MANITOULIN,47,22,0,36,6,"Thessalon 12",151, ,1,2,0,114,308,"Thessalon New Ontario Lodge",20071010
002,ALGOMA--MANITOULIN,10,25,0,1,1,"Thessalon 12",152, ,0,0,0,37,47,"Thessalon First Nation Library",20071010
002,ALGOMA--MANITOULIN,46,27,3,33,8,"Sowerby",153, ,0,0,0,117,213,"Sowerby Community Hall",20071010
002,ALGOMA--MANITOULIN,59,44,1,35,13,"Iron Bridge",154, ,1,0,0,153,264,"Iron Bridge Lions Hall",20071010
002,ALGOMA--MANITOULIN,42,21,1,17,3,"Blind River",155, ,1,0,0,85,243,"Blind River Community Complex",20071010
002,ALGOMA--MANITOULIN,28,13,2,7,0,"Blind River",157, ,0,0,0,50,178,"Blind River Community Complex",20071010
002,ALGOMA--MANITOULIN,47,22,3,20,1,"Blind River",158, ,2,0,0,95,217,"Blind River Community Complex",20071010
002,ALGOMA--MANITOULIN,50,22,0,26,1,"Blind River",159, ,0,2,0,101,254,"Blind River Community Complex",20071010
002,ALGOMA--MANITOULIN,27,21,2,11,9,"Blind River",160, ,1,0,0,71,164,"Blind River Community Complex",20071010
002,ALGOMA--MANITOULIN,48,21,3,5,4,"Blind River",161, ,0,0,0,81,193,"Blind River Community Complex",20071010
002,ALGOMA--MANITOULIN,51,25,3,21,2,"Blind River",162, ,0,1,0,103,252,"Blind River Community Complex",20071010
002,ALGOMA--MANITOULIN,51,56,1,13,3,"Blind River",163, ,0,0,0,124,290,"Blind River Community Complex",20071010
002,ALGOMA--MANITOULIN,15,6,0,2,2,"Blind River",164s, ,0,0,0,25,42,"Golden Birches Terrace",20071010
002,ALGOMA--MANITOULIN,40,20,0,13,10,"Blind River",165, ,0,2,0,85,199,"Blind River Community Complex",20071010
002,ALGOMA--MANITOULIN,33,55,0,25,12,"Algoma Mills",166, ,0,0,0,125,214,"Algoma Mills Community Centre",20071010
002,ALGOMA--MANITOULIN,19,16,0,12,5,"Spragge",167, ,0,0,0,52,89,"Spragge - Roy's Motel",20071010
002,ALGOMA--MANITOULIN,65,40,0,5,11,"Cutler",169, ,1,0,0,122,326,"Serpent River Community Hall",20071010
002,ALGOMA--MANITOULIN,23,25,0,10,2,"Serpent River",170, ,0,0,0,60,90,"Rockhaven School",20071010
002,ALGOMA--MANITOULIN,57,27,2,7,1,"Spanish",171, ,0,0,0,94,175,"Township of Spanish Municipal Office",20071010
002,ALGOMA--MANITOULIN,58,48,1,20,2,"Walford Station",172, ,0,0,0,129,199,"Walford Community Hall",20071010
002,ALGOMA--MANITOULIN,8,11,0,3,2,"Massey",173, ,1,0,0,25,54,"Massey S. Geiger Public School",20071010
002,ALGOMA--MANITOULIN,35,29,0,9,5,"Massey",175, ,0,1,1,80,190,"Massey S. Geiger Public School",20071010
002,ALGOMA--MANITOULIN,45,43,2,12,7,"Massey",176, ,1,0,0,110,234,"Massey S. Geiger Public School",20071010
002,ALGOMA--MANITOULIN,45,54,1,15,5,"Massey",177, ,0,0,0,120,361,"Lee Valley Community Hall",20071010
002,ALGOMA--MANITOULIN,52,31,0,10,11,"Whitefish Falls",179, ,0,0,0,104,222,"Whitefish Falls Community Centre",20071010
002,ALGOMA--MANITOULIN,66,57,2,17,20,"Espanola",180, ,0,0,0,162,310,"Espanola Community Complex",20071010
002,ALGOMA--MANITOULIN,71,29,2,42,9,"Blind River",181, ,2,0,0,155,297,"Blind River Community Complex",20071010
002,ALGOMA--MANITOULIN,58,42,1,3,1,"Spanish",182, ,2,0,0,107,209,"Township of Spanish Municipal Office",20071010
002,ALGOMA--MANITOULIN,81,22,0,1,2,"Sagamok",183, ,0,0,0,106,309,"Sagamok Community Centre",20071010
002,ALGOMA--MANITOULIN,40,51,2,5,6,"Birch Island",184, ,1,0,0,105,169,"Whitefish River Community Centre",20071010
002,ALGOMA--MANITOULIN,62,30,0,10,9,"Killarney",185, ,1,0,0,112,275,"Killarney Lion's Den",20071010
002,ALGOMA--MANITOULIN,5,13,3,2,0,"Meldrum Bay",186, ,0,0,0,23,28,"Meldrum Bay Community Hall",20071010
002,ALGOMA--MANITOULIN,......................COMBINED WITH POLL 189 ....................,,,,,"Zhiibaahaasing 19a (Cockburn Island 19a)",188, ,,,,,,"Zhiibaahaasing Band Office",20071010
002,ALGOMA--MANITOULIN,25,29,0,2,2,"Sheshegwaning 20",189, ,2,1,0,61,114,"Sheshegwaning Community Complex",20071010
002,ALGOMA--MANITOULIN,73,69,2,30,13,"Gordon Township",192, ,1,0,0,188,387,"Gordon Township Community Hall",20071010
002,ALGOMA--MANITOULIN,89,57,2,27,9,"Gore Bay",193, ,1,1,0,186,380,"Gore Bay Community Hall",20071010
002,ALGOMA--MANITOULIN,11,1,0,2,0,"Gore Bay",194s, ,0,0,1,15,62,"Manitoulin Lodge",20071010
002,ALGOMA--MANITOULIN,71,40,0,20,4,"Gore Bay",195, ,2,4,0,141,240,"Gore Bay Community Hall",20071010
002,ALGOMA--MANITOULIN,29,31,2,21,8,"Kagawong",196, ,1,0,0,92,127,"Kagawong Park Centre",20071010
002,ALGOMA--MANITOULIN,69,53,1,27,8,"Kagawong",197, ,0,0,1,159,269,"Kagawong Park Centre",20071010
002,ALGOMA--MANITOULIN,20,17,1,2,2,"Sucker Creek",198, ,0,1,0,43,222,"Sucker Creek Community Centre",20071010
002,ALGOMA--MANITOULIN,50,33,0,20,6,"Little Current",200, ,0,0,0,109,464,"Nemi Recreation Centre",20071010
002,ALGOMA--MANITOULIN,73,44,3,17,9,"Little Current",201, ,1,0,0,147,192,"Nemi Recreation Centre",20071010
002,ALGOMA--MANITOULIN,17,5,0,5,0,"Little Current",202s, ,0,2,0,29,51,"Manitoulin Centennial Manor",20071010
002,ALGOMA--MANITOULIN,70,44,0,22,10,"Little Current",203, ,1,0,0,147,310,"Nemi Recreation Centre",20071010
002,ALGOMA--MANITOULIN,61,40,0,25,5,"Little Current",204, ,1,0,0,132,331,"Nemi Recreation Centre",20071010
002,ALGOMA--MANITOULIN,32,21,0,10,0,"Silver Water",205, ,0,0,0,63,72,"Silver Water Community Hall",20071010
002,ALGOMA--MANITOULIN,33,61,4,15,8,"Burpee and Mills",206, ,1,2,0,124,184,"Evansville - Burpee Mills Municipal Complex",20071010
002,ALGOMA--MANITOULIN,67,56,1,7,7,"M'Chigeeng 22 (West Bay 22)",207, ,1,0,0,139,469,"M'Chigeeng Community Centre",20071010
002,ALGOMA--MANITOULIN,58,23,0,17,12,"Rockville",208, ,0,0,0,110,157,"Rockville Community Hall",20071010
002,ALGOMA--MANITOULIN,......................COMBINED WITH POLL 210 ....................,,,,,"Sheguiandah",209, ,,,,,,"Sheguiandah First Nation Band Office",20071010
002,ALGOMA--MANITOULIN,71,76,0,29,12,"Sheguiandah",210, ,0,0,0,188,340,"Sheguiandah Senior Citizens Hall",20071010
002,ALGOMA--MANITOULIN,73,31,0,7,5,"Wikwemikong Unceded 26",211, ,1,0,0,117,448,"Wikwemikong Arena",20071010
002,ALGOMA--MANITOULIN,26,7,0,3,0,"Wikwemikong Unceded 26",212s, ,0,0,0,36,54,"Wikwemikong Nursing Home",20071010
002,ALGOMA--MANITOULIN,78,28,3,5,3,"Wikwemikong Unceded 26",213, ,0,0,0,117,344,"Wikwemikong Arena",20071010
002,ALGOMA--MANITOULIN,59,80,4,45,5,"Spring Bay",214, ,0,0,0,193,359,"Spring Bay Community Hall",20071010
002,ALGOMA--MANITOULIN,68,49,6,22,16,"Providence Bay",215, ,1,0,3,165,293,"Providence Bay Centennial Hall",20071010
002,ALGOMA--MANITOULIN,54,73,3,31,14,"Mindemoya",217, ,1,2,0,178,317,"Township of Central Manitoulin",20071010
002,ALGOMA--MANITOULIN,71,33,1,22,13,"Mindemoya",218, ,0,0,0,140,236,"Township of Central Manitoulin",20071010
002,ALGOMA--MANITOULIN,54,43,4,35,26,"Mindemoya",219, ,0,0,0,162,233,"Big Lake Community Hall",20071010
002,ALGOMA--MANITOULIN,118,65,5,44,14,"Manitowaning",220, ,0,0,0,246,462,"Manitowaning-Assiginack Public School",20071010
002,ALGOMA--MANITOULIN,22,24,2,13,4,"Manitowaning",221, ,1,0,0,66,140,"Manitowaning-Assiginack Public School",20071010
002,ALGOMA--MANITOULIN,71,60,7,37,11,"Tehkummah",222, ,3,1,0,190,308,"Tehkummah Community Hall",20071010
002,ALGOMA--MANITOULIN,52,23,1,5,3,"Wikwemikong Unceded 26",223, ,0,0,0,84,186,"Wikwemikong Kaboni St. Anthony",20071010
002,ALGOMA--MANITOULIN,34,51,0,18,5,"Elliot Lake",400, ,0,0,0,108,184,"3 Washington Crescent",20071010
002,ALGOMA--MANITOULIN,57,39,0,8,6,"Elliot Lake",401, ,2,0,0,112,183,"1 Washington Crescent",20071010
002,ALGOMA--MANITOULIN,62,68,3,17,9,"Elliot Lake",402, ,0,0,0,159,259,"100 Warsaw Place",20071010
002,ALGOMA--MANITOULIN,137,84,5,106,8,"Thessalon 12",Advanced Polls /  ADV001, ,0,2,0,342,0,"Returning Office / Bureau du directeur du scrutin",20071010
002,ALGOMA--MANITOULIN,252,125,13,53,11,"Blind River",Advanced Polls /  ADV002, ,0,1,0,455,0,"Blind River Community Complex",20071010
002,ALGOMA--MANITOULIN,42,35,1,0,4,"Dubreuilville",Advanced Polls /  ADV003, ,1,0,0,83,0,"Dubreuilville Social and Cultural Centre",20071010
002,ALGOMA--MANITOULIN,214,197,1,60,25,"Espanola",Advanced Polls /  ADV004, ,2,0,0,499,0,"Espanola Community Complex",20071010
002,ALGOMA--MANITOULIN,95,147,1,53,18,"Goulais River",Advanced Polls /  ADV005, ,0,2,0,316,0,"Goulais River Captain Tilley's Community Centre",20071010
002,ALGOMA--MANITOULIN,187,116,17,48,23,"Chapleau",Advanced Polls /  ADV006, ,0,3,0,394,0,"Chapleau DSAB",20071010
002,ALGOMA--MANITOULIN,72,82,4,24,4,"Manitouwadge",Advanced Polls /  ADV007, ,0,0,0,186,0,"Manitouwadge Recreation Centre",20071010
002,ALGOMA--MANITOULIN,23,13,1,7,5,"Killarney",Advanced Polls /  ADV008, ,0,0,0,49,0,"Killarney Lion's Den",20071010
002,ALGOMA--MANITOULIN,33,54,1,3,0,"White River",Advanced Polls /  ADV009, ,0,0,0,91,0,"White River Harmony Club",20071010
002,ALGOMA--MANITOULIN,87,66,2,15,11,"Hornepayne",Advanced Polls /  ADV010, ,1,0,0,182,0,"Hornepayne North Star Centre Complex",20071010
002,ALGOMA--MANITOULIN,101,48,1,47,7,"Gore Bay",Advanced Polls /  ADV011, ,0,2,0,206,0,"Town of Gore Bay Council Chambers",20071010
002,ALGOMA--MANITOULIN,96,90,2,53,15,"Echo Bay",Advanced Polls /  ADV012, ,1,4,0,261,0,"Echo Bay Elks Hall",20071010
002,ALGOMA--MANITOULIN,666,388,15,229,51,"Elliot Lake",Advanced Polls /  ADV013, ,3,1,0,1353,0,"Paris Plaza",20071010
002,ALGOMA--MANITOULIN,121,70,3,37,9,"Little Current",Advanced Polls /  ADV014, ,0,1,1,242,0,"Nemi Recreation Centre - Curling Club",20071010
002,ALGOMA--MANITOULIN,99,108,4,37,19,"Wawa",Advanced Polls /  ADV015, ,1,0,0,268,0,"Wawa Satellite Office / Bureau satellite",20071010
TOTALS:, ,11361,9863,354,3744,1374, , , , , , , , , , 
