ED_CODE,ED_NAME,BELL,GAUDREAU,HOY,JACKSON,MORIN,PLACE_NAME,POLL_NUMBER,RURAL_INDICATOR,REJECTED,UNMARKED,DECLINED,VOTER_TURNOUT,ELECTORS,POLL_LOCATION,POLL_DATE
014,CHATHAM--KENT--ESSEX,5,13,18,3,0,"Moravian 47",001, ,1,0,0,40,158,"Delaware Nation Community Centre",20071010
014,CHATHAM--KENT--ESSEX,15,18,105,48,0,"Highgate",002, ,0,0,0,186,346,"Highgate Community Hall",20071010
014,CHATHAM--KENT--ESSEX,5,12,102,45,1,"Chatham-Kent",003, ,0,0,0,165,324,"Botany Community Centre",20071010
014,CHATHAM--KENT--ESSEX,17,18,100,34,1,"Highgate",004, ,0,0,0,170,305,"Highgate Community Hall",20071010
014,CHATHAM--KENT--ESSEX,8,15,89,36,2,"Highgate",005, ,0,0,0,150,307,"Highgate Community Hall",20071010
014,CHATHAM--KENT--ESSEX,6,3,68,56,1,"Chatham-Kent",006, ,0,1,0,135,272,"Botany Community Centre",20071010
014,CHATHAM--KENT--ESSEX,18,8,129,65,1,"Chatham-Kent",007, ,1,0,0,222,368,"Botany Community Centre",20071010
014,CHATHAM--KENT--ESSEX,18,13,80,16,0,"Highgate",008, ,0,0,0,127,218,"Highgate Community Hall",20071010
014,CHATHAM--KENT--ESSEX,6,16,98,47,4,"Ridgetown",009, ,0,0,0,171,347,"Ridgetown District Secondary School",20071010
014,CHATHAM--KENT--ESSEX,9,9,60,23,2,"Ridgetown",010, ,1,0,0,104,239,"Ridgetown Youth Centre",20071010
014,CHATHAM--KENT--ESSEX,18,17,52,30,1,"Ridgetown",012, ,0,0,2,120,239,"Ridgetown District Secondary School",20071010
014,CHATHAM--KENT--ESSEX,1,10,56,27,0,"Ridgetown",013, ,0,0,0,94,209,"Ridgetown Youth Centre",20071010
014,CHATHAM--KENT--ESSEX,11,19,77,30,0,"Ridgetown",014, ,0,0,0,137,265,"Ridgetown District Secondary School",20071010
014,CHATHAM--KENT--ESSEX,..........................NO POLL HELD........................,,,,,"Ridgetown",015, ,0,0,0,0,0,"",20071010
014,CHATHAM--KENT--ESSEX,5,6,83,27,0,"Ridgetown",016, ,0,0,0,121,274,"Ridgetown Public School",20071010
014,CHATHAM--KENT--ESSEX,1,0,32,8,0,"Ridgetown",017s, ,0,2,0,43,88,"The Village Retirement Residence",20071010
014,CHATHAM--KENT--ESSEX,13,15,93,44,1,"Ridgetown",018, ,1,1,0,168,285,"Ridgetown Public School",20071010
014,CHATHAM--KENT--ESSEX,12,10,111,36,3,"Ridgetown",019, ,0,1,0,173,321,"Ridgetown Public School",20071010
014,CHATHAM--KENT--ESSEX,10,31,102,51,1,"Chatham",020, ,1,2,0,198,370,"Gregory Drive Public School",20071010
014,CHATHAM--KENT--ESSEX,11,16,116,55,1,"Chatham",021, ,1,0,0,200,416,"Gregory Drive Public School",20071010
014,CHATHAM--KENT--ESSEX,7,17,119,80,1,"Chatham",022, ,2,0,0,226,449,"Sprucedale United Church",20071010
014,CHATHAM--KENT--ESSEX,8,22,103,45,2,"Chatham",023, ,0,0,0,180,347,"Sprucedale United Church",20071010
014,CHATHAM--KENT--ESSEX,10,13,116,88,1,"Chatham",024, ,0,1,0,229,400,"Sprucedale United Church",20071010
014,CHATHAM--KENT--ESSEX,8,16,82,31,1,"Chatham",025, ,0,0,0,138,315,"Chatham Kent Secondary School",20071010
014,CHATHAM--KENT--ESSEX,16,15,121,53,2,"Chatham",026, ,0,0,0,207,381,"McNaughton Avenue Public School",20071010
014,CHATHAM--KENT--ESSEX,12,18,106,72,0,"Chatham",027, ,0,0,0,208,419,"McNaughton Avenue Public School",20071010
014,CHATHAM--KENT--ESSEX,15,19,69,36,2,"Chatham",028, ,0,0,0,141,344,"McNaughton Avenue Public School",20071010
014,CHATHAM--KENT--ESSEX,8,28,110,47,4,"Chatham",029, ,1,0,0,198,382,"McNaughton Avenue Public School",20071010
014,CHATHAM--KENT--ESSEX,7,24,107,40,1,"Chatham",030, ,0,2,0,181,315,"The Sunnybrook Apartments",20071010
014,CHATHAM--KENT--ESSEX,6,9,30,26,0,"Chatham",031, ,0,0,0,71,182,"McNaughton Avenue Public School",20071010
014,CHATHAM--KENT--ESSEX,4,11,48,30,1,"Chatham",032, ,0,1,0,95,195,"McNaughton Avenue Public School",20071010
014,CHATHAM--KENT--ESSEX,8,21,87,56,0,"Chatham",033, ,0,0,0,172,298,"Kent Cloverleaf Conservation Club",20071010
014,CHATHAM--KENT--ESSEX,10,17,73,27,3,"Ridgetown",034, ,2,0,0,132,271,"Ridgetown Youth Centre",20071010
014,CHATHAM--KENT--ESSEX,11,10,104,29,0,"Ridgetown",035, ,0,0,0,154,296,"Ridgetown Youth Centre",20071010
014,CHATHAM--KENT--ESSEX,7,10,94,48,3,"Chatham",036, ,0,2,0,164,291,"Villa Angela",20071010
014,CHATHAM--KENT--ESSEX,15,19,132,37,1,"Chatham",037, ,3,0,0,207,415,"Our Lady of Fatima Catholic School",20071010
014,CHATHAM--KENT--ESSEX,5,14,165,39,1,"Chatham",038, ,0,0,0,224,438,"Villa Angela",20071010
014,CHATHAM--KENT--ESSEX,16,18,134,28,4,"Chatham",039, ,0,0,0,200,352,"Villa Angela",20071010
014,CHATHAM--KENT--ESSEX,13,27,107,61,1,"Chatham",040, ,2,0,0,211,406,"Our Lady of Fatima Catholic School",20071010
014,CHATHAM--KENT--ESSEX,7,16,131,43,0,"Chatham",041, ,0,0,0,197,384,"Tecumseh Public School",20071010
014,CHATHAM--KENT--ESSEX,6,19,123,47,3,"Chatham",042, ,0,0,0,198,399,"Monsignor Uyen Catholic School",20071010
014,CHATHAM--KENT--ESSEX,14,22,48,19,1,"Chatham",043, ,0,0,0,104,299,"Monsignor Uyen Catholic School",20071010
014,CHATHAM--KENT--ESSEX,8,15,83,30,0,"Chatham",044, ,0,1,0,137,304,"Tecumseh Public School",20071010
014,CHATHAM--KENT--ESSEX,5,21,86,32,2,"Chatham",045, ,1,0,0,147,305,"Monsignor Uyen Catholic School",20071010
014,CHATHAM--KENT--ESSEX,12,23,98,39,1,"Chatham",046, ,0,0,0,173,407,"Sprucedale United Church",20071010
014,CHATHAM--KENT--ESSEX,7,13,39,31,0,"Chatham",047, ,1,0,0,91,284,"Tecumseh Public School",20071010
014,CHATHAM--KENT--ESSEX,3,13,38,8,0,"Chatham",048, ,0,0,0,62,250,"Tecumseh Public School",20071010
014,CHATHAM--KENT--ESSEX,0,2,13,9,0,"Chatham",049s, ,0,1,0,25,48,"Maple City Retirement Residence",20071010
014,CHATHAM--KENT--ESSEX,14,21,120,48,2,"Chatham",050, ,0,1,0,206,382,"John N. Given Public School",20071010
014,CHATHAM--KENT--ESSEX,5,19,36,13,1,"Chatham",051, ,0,0,0,74,266,"St. Agnes Roman Catholic Church",20071010
014,CHATHAM--KENT--ESSEX,9,22,84,36,0,"Chatham",052, ,2,1,0,154,337,"McNaughton Manor",20071010
014,CHATHAM--KENT--ESSEX,3,14,42,23,1,"Chatham",053, ,0,0,0,83,284,"St. Agnes Roman Catholic Church",20071010
014,CHATHAM--KENT--ESSEX,9,28,108,28,1,"Chatham",054, ,0,1,0,175,349,"John N. Given Public School",20071010
014,CHATHAM--KENT--ESSEX,11,19,52,12,0,"Chatham",055, ,0,0,0,94,291,"John N. Given Public School",20071010
014,CHATHAM--KENT--ESSEX,5,15,35,13,0,"Chatham",056, ,1,0,0,69,230,"St. Agnes Roman Catholic Church",20071010
014,CHATHAM--KENT--ESSEX,2,1,15,6,1,"Chatham",057s, ,0,0,0,25,99,"Meadow Park Nursing Home",20071010
014,CHATHAM--KENT--ESSEX,9,21,47,18,0,"Chatham",058, ,1,0,0,96,260,"St. Agnes Roman Catholic Church",20071010
014,CHATHAM--KENT--ESSEX,8,18,58,20,1,"Chatham",059, ,0,0,0,105,264,"Thames Park Tower North",20071010
014,CHATHAM--KENT--ESSEX,9,14,88,44,0,"Chatham",060, ,1,0,0,156,328,"Holy Trinity Anglican Church",20071010
014,CHATHAM--KENT--ESSEX,6,15,34,15,1,"Chatham",061, ,1,0,0,72,218,"St. Agnes Roman Catholic Church",20071010
014,CHATHAM--KENT--ESSEX,9,10,92,47,1,"Chatham",062, ,0,0,0,159,320,"Chatham Kent Secondary School",20071010
014,CHATHAM--KENT--ESSEX,2,1,8,2,0,"Chatham",063s, ,1,0,0,14,21,"Chatham Kent Health Alliance",20071010
014,CHATHAM--KENT--ESSEX,7,14,31,8,0,"Chatham",064, ,0,2,0,62,197,"St. Agnes Roman Catholic Church",20071010
014,CHATHAM--KENT--ESSEX,10,18,66,20,2,"Chatham",065, ,1,1,1,119,278,"Holy Trinity Anglican Church",20071010
014,CHATHAM--KENT--ESSEX,10,7,54,25,0,"Chatham",066, ,0,0,0,96,281,"Chatham Baptist Church",20071010
014,CHATHAM--KENT--ESSEX,7,21,72,41,0,"Chatham",067, ,3,0,1,145,305,"Holy Trinity Anglican Church",20071010
014,CHATHAM--KENT--ESSEX,6,14,46,32,0,"Chatham",068, ,1,0,0,99,283,"Chatham Kent Secondary School",20071010
014,CHATHAM--KENT--ESSEX,8,13,57,31,0,"Chatham",069, ,0,0,0,109,317,"Chatham Kent Secondary School",20071010
014,CHATHAM--KENT--ESSEX,4,14,39,37,2,"Chatham",070, ,0,0,0,96,275,"Holy Trinity Anglican Church",20071010
014,CHATHAM--KENT--ESSEX,3,9,42,14,1,"Chatham",071, ,0,0,0,69,192,"Chatham Baptist Church",20071010
014,CHATHAM--KENT--ESSEX,5,16,58,19,1,"Chatham",072, ,1,0,0,100,226,"Chatham Kent Secondary School",20071010
014,CHATHAM--KENT--ESSEX,3,17,22,12,2,"Chatham",073, ,0,0,0,56,220,"Chatham Kent Secondary School",20071010
014,CHATHAM--KENT--ESSEX,6,13,31,14,0,"Chatham",074, ,0,0,0,64,227,"Holy Trinity Anglican Church",20071010
014,CHATHAM--KENT--ESSEX,1,7,17,4,0,"Chatham",075, ,0,0,0,29,96,"Chatham Baptist Church",20071010
014,CHATHAM--KENT--ESSEX,4,10,28,8,0,"Chatham",076, ,0,0,0,50,243,"Chatham Baptist Church",20071010
014,CHATHAM--KENT--ESSEX,5,8,60,23,0,"Chatham",077, ,0,0,0,96,258,"Holy Trinity Anglican Church",20071010
014,CHATHAM--KENT--ESSEX,8,21,70,30,1,"Chatham",078, ,0,0,0,130,296,"Chatham Cultural Centre",20071010
014,CHATHAM--KENT--ESSEX,0,0,47,25,0,"Chatham",079s, ,1,0,0,73,108,"St. Andrew's Residence",20071010
014,CHATHAM--KENT--ESSEX,15,26,80,12,3,"Chatham",080, ,0,0,0,136,286,"Chatham Cultural Centre",20071010
014,CHATHAM--KENT--ESSEX,7,16,27,5,0,"Chatham",081, ,0,0,1,56,222,"W.I.S.H. Centre",20071010
014,CHATHAM--KENT--ESSEX,3,25,36,20,0,"Chatham",082, ,0,0,0,84,259,"W.I.S.H. Centre",20071010
014,CHATHAM--KENT--ESSEX,0,16,32,12,0,"Chatham",083, ,0,0,0,60,205,"W.I.S.H. Centre",20071010
014,CHATHAM--KENT--ESSEX,8,20,94,35,0,"Chatham",084, ,0,0,0,157,287,"Grandview Apartments",20071010
014,CHATHAM--KENT--ESSEX,5,25,31,10,1,"Chatham",085, ,1,0,0,73,238,"W.I.S.H. Centre",20071010
014,CHATHAM--KENT--ESSEX,3,18,36,14,0,"Chatham",086, ,2,0,0,73,228,"Praise Fellowship Church",20071010
014,CHATHAM--KENT--ESSEX,1,26,19,4,3,"Chatham",087, ,1,0,0,54,187,"W.I.S.H. Centre",20071010
014,CHATHAM--KENT--ESSEX,7,20,21,12,0,"Chatham",088, ,0,0,0,60,202,"Praise Fellowship Church",20071010
014,CHATHAM--KENT--ESSEX,7,12,55,37,1,"Chatham",089, ,10,0,0,122,262,"Queen Elizabeth II Public School",20071010
014,CHATHAM--KENT--ESSEX,8,8,65,89,6,"Chatham",090, ,0,1,0,177,339,"Kent Cloverleaf Conservation Club",20071010
014,CHATHAM--KENT--ESSEX,9,11,99,90,2,"Chatham",091, ,0,1,0,212,421,"Kent Cloverleaf Conservation Club",20071010
014,CHATHAM--KENT--ESSEX,9,25,54,29,4,"Morpeth",092, ,1,0,0,122,244,"Morpeth Community Centre",20071010
014,CHATHAM--KENT--ESSEX,7,26,120,60,0,"Chatham",093, ,0,0,0,213,416,"St. Clair College",20071010
014,CHATHAM--KENT--ESSEX,11,19,141,42,0,"Chatham",094, ,0,0,0,213,368,"Monsignor Uyen Catholic School",20071010
014,CHATHAM--KENT--ESSEX,4,19,65,35,0,"Chatham",095, ,0,2,1,126,248,"40 Trillium Village",20071010
014,CHATHAM--KENT--ESSEX,6,8,41,10,0,"Chatham",096, ,0,0,0,65,283,"Active Lifestyle Centre",20071010
014,CHATHAM--KENT--ESSEX,1,1,27,7,1,"Chatham",097s, ,1,1,0,39,67,"Residence on the Thames",20071010
014,CHATHAM--KENT--ESSEX,3,8,49,10,0,"Chatham",098, ,0,1,0,71,194,"40 Trillium Village",20071010
014,CHATHAM--KENT--ESSEX,7,23,56,28,1,"Chatham",099, ,0,1,0,116,293,"St. Clair College",20071010
014,CHATHAM--KENT--ESSEX,5,4,77,24,2,"Chatham",100s, ,2,1,0,115,174,"Chatham Retirement Resort",20071010
014,CHATHAM--KENT--ESSEX,4,14,75,37,2,"Chatham",101, ,0,2,0,134,201,"Thames Towers West",20071010
014,CHATHAM--KENT--ESSEX,3,4,53,26,1,"Chatham",102, ,0,0,0,87,239,"Active Lifestyle Centre",20071010
014,CHATHAM--KENT--ESSEX,5,15,24,14,0,"Chatham",103, ,0,0,0,58,129,"Active Lifestyle Centre",20071010
014,CHATHAM--KENT--ESSEX,5,17,56,29,1,"Chatham",104, ,1,1,0,110,242,"Active Lifestyle Centre",20071010
014,CHATHAM--KENT--ESSEX,10,14,58,31,0,"Chatham",105, ,0,0,0,113,365,"Winston Churchill Public School",20071010
014,CHATHAM--KENT--ESSEX,1,29,35,33,1,"Chatham",106, ,0,0,0,99,274,"St. Paul's Congregational Church",20071010
014,CHATHAM--KENT--ESSEX,2,2,29,4,1,"Chatham",107s, ,1,1,0,40,140,"Copper Terrace Nursing Home",20071010
014,CHATHAM--KENT--ESSEX,6,10,151,50,0,"Chatham",108, ,0,0,0,217,378,"Winston Churchill Public School",20071010
014,CHATHAM--KENT--ESSEX,8,14,45,10,3,"Chatham",109, ,1,0,0,81,161,"Winston Churchill Public School",20071010
014,CHATHAM--KENT--ESSEX,6,9,35,18,5,"Chatham",110s, ,3,1,0,77,354,"Riverview Gardens",20071010
014,CHATHAM--KENT--ESSEX,7,18,49,34,3,"Chatham",111, ,2,2,1,116,264,"Winston Churchill Public School",20071010
014,CHATHAM--KENT--ESSEX,8,18,44,19,2,"Chatham",112, ,0,0,0,91,302,"St. Paul's Congregational Church",20071010
014,CHATHAM--KENT--ESSEX,14,24,87,43,3,"Chatham",113, ,0,0,0,171,342,"St. Paul's Congregational Church",20071010
014,CHATHAM--KENT--ESSEX,7,11,29,9,1,"Chatham",114, ,0,0,0,57,218,"Kinsmen Auditorium",20071010
014,CHATHAM--KENT--ESSEX,7,25,55,19,0,"Chatham",115, ,1,1,0,108,353,"St. Paul's Congregational Church",20071010
014,CHATHAM--KENT--ESSEX,5,22,47,8,0,"Chatham",116, ,0,0,0,82,261,"Chatham Baptist Church",20071010
014,CHATHAM--KENT--ESSEX,4,14,32,18,1,"Chatham",117, ,1,1,0,71,243,"St. Paul's Congregational Church",20071010
014,CHATHAM--KENT--ESSEX,7,20,27,18,2,"Chatham",118, ,0,0,0,74,251,"Kinsmen Auditorium",20071010
014,CHATHAM--KENT--ESSEX,4,26,53,21,0,"Chatham",119, ,0,0,0,104,290,"St. Paul's Congregational Church",20071010
014,CHATHAM--KENT--ESSEX,6,27,50,29,0,"Chatham",120, ,1,0,0,113,298,"Kinsmen Auditorium",20071010
014,CHATHAM--KENT--ESSEX,12,29,126,78,0,"Chatham",121, ,0,0,0,245,457,"Indian Creek Public School",20071010
014,CHATHAM--KENT--ESSEX,8,12,66,60,0,"Chatham",122, ,1,1,0,148,305,"Kinsmen Auditorium",20071010
014,CHATHAM--KENT--ESSEX,13,23,130,59,3,"Chatham",123, ,0,0,0,228,426,"Indian Creek Public School",20071010
014,CHATHAM--KENT--ESSEX,11,28,75,28,0,"Chatham",124, ,0,0,0,142,265,"Kinsmen Auditorium",20071010
014,CHATHAM--KENT--ESSEX,2,16,30,58,0,"Chatham",125, ,0,2,0,108,251,"South Chatham Village",20071010
014,CHATHAM--KENT--ESSEX,10,14,114,63,0,"Chatham",126, ,1,0,0,202,383,"Kinsmen Auditorium",20071010
014,CHATHAM--KENT--ESSEX,14,8,38,36,0,"Chatham",127, ,0,0,1,97,219,"South Chatham Village",20071010
014,CHATHAM--KENT--ESSEX,11,16,135,69,1,"Chatham",128, ,2,0,0,234,425,"Kinsmen Auditorium",20071010
014,CHATHAM--KENT--ESSEX,8,26,89,37,0,"Chatham",129, ,3,0,0,163,282,"Queen Elizabeth II Public School",20071010
014,CHATHAM--KENT--ESSEX,10,19,49,22,2,"Chatham",130, ,0,1,0,103,259,"Praise Fellowship Church",20071010
014,CHATHAM--KENT--ESSEX,13,23,87,52,1,"Chatham",131, ,5,3,0,184,354,"Queen Elizabeth II Public School",20071010
014,CHATHAM--KENT--ESSEX,9,24,78,47,0,"Chatham",132, ,1,1,0,160,306,"Georges P. Vanier Catholic School",20071010
014,CHATHAM--KENT--ESSEX,6,19,107,47,2,"Chatham",133, ,0,0,0,181,337,"Georges P. Vanier Catholic School",20071010
014,CHATHAM--KENT--ESSEX,11,16,101,68,3,"Chatham",134, ,0,0,0,199,337,"Georges P. Vanier Catholic School",20071010
014,CHATHAM--KENT--ESSEX,14,15,136,89,2,"Chatham",135, ,0,1,0,257,467,"Kent Cloverleaf Conservation Club",20071010
014,CHATHAM--KENT--ESSEX,6,12,87,55,3,"Blenheim",136, ,1,0,0,164,299,"St. Mary's Parish Hall",20071010
014,CHATHAM--KENT--ESSEX,11,28,72,45,1,"Chatham",137, ,0,0,0,157,324,"St. Paul's Congregational Church",20071010
014,CHATHAM--KENT--ESSEX,7,10,88,47,0,"Chatham",138, ,0,0,0,152,259,"Indian Creek Public School",20071010
014,CHATHAM--KENT--ESSEX,9,20,162,80,1,"Chatham",139, ,2,1,0,275,535,"Charing Cross Co-operative",20071010
014,CHATHAM--KENT--ESSEX,17,13,59,70,1,"Charing Cross",140, ,2,0,0,162,398,"Charing Cross United Church",20071010
014,CHATHAM--KENT--ESSEX,16,22,97,77,3,"Morpeth",141, ,0,0,0,215,364,"Morpeth Community Centre",20071010
014,CHATHAM--KENT--ESSEX,6,9,89,36,1,"Chatham",142, ,0,0,0,141,271,"North Raleigh Fire Hall",20071010
014,CHATHAM--KENT--ESSEX,2,11,41,26,0,"Blenheim",143, ,0,0,0,80,231,"Blenheim United Church",20071010
014,CHATHAM--KENT--ESSEX,7,15,43,32,0,"Blenheim",144, ,0,0,0,97,253,"Blenheim United Church",20071010
014,CHATHAM--KENT--ESSEX,11,21,120,68,1,"Blenheim",145, ,1,0,0,222,436,"Blenheim United Church",20071010
014,CHATHAM--KENT--ESSEX,19,27,85,49,2,"Blenheim",146, ,0,3,0,185,355,"St. Mary's Parish Hall",20071010
014,CHATHAM--KENT--ESSEX,2,0,23,12,0,"Blenheim",147s, ,0,0,2,39,101,"Blenheim Community Village",20071010
014,CHATHAM--KENT--ESSEX,5,15,91,46,0,"Chatham",148, ,0,1,0,158,283,"Providence United Church",20071010
014,CHATHAM--KENT--ESSEX,11,24,92,100,1,"Charing Cross",149, ,0,0,0,228,436,"Charing Cross United Church",20071010
014,CHATHAM--KENT--ESSEX,6,15,86,39,0,"Blenheim",150, ,0,0,0,146,267,"West Talbot Manor",20071010
014,CHATHAM--KENT--ESSEX,7,27,67,36,1,"Blenheim",151, ,1,0,0,139,262,"W.J. Baird Public School",20071010
014,CHATHAM--KENT--ESSEX,12,13,49,30,0,"Blenheim",153, ,1,0,0,105,266,"Blenheim United Church",20071010
014,CHATHAM--KENT--ESSEX,5,12,73,42,1,"Blenheim",154, ,0,0,0,133,259,"W.J. Baird Public School",20071010
014,CHATHAM--KENT--ESSEX,8,20,59,44,0,"Blenheim",155, ,0,0,0,131,274,"W.J. Baird Public School",20071010
014,CHATHAM--KENT--ESSEX,9,25,43,29,1,"Blenheim",156, ,0,0,0,107,232,"Sprucedale Manor",20071010
014,CHATHAM--KENT--ESSEX,4,18,62,62,0,"Blenheim",157, ,1,0,0,147,264,"W.J. Baird Public School",20071010
014,CHATHAM--KENT--ESSEX,5,21,55,33,1,"Blenheim",158, ,1,0,0,116,276,"St. Mary's Parish Hall",20071010
014,CHATHAM--KENT--ESSEX,9,14,81,86,1,"Blenheim",159, ,0,2,0,193,351,"St. Mary's Parish Hall",20071010
014,CHATHAM--KENT--ESSEX,7,26,99,42,0,"Tilbury",160, ,0,2,0,176,418,"Tilbury & District Memorial Community Centre",20071010
014,CHATHAM--KENT--ESSEX,5,26,82,47,4,"North Buxton",161, ,0,1,0,165,289,"North Buxton National Historic Museum",20071010
014,CHATHAM--KENT--ESSEX,8,12,77,56,1,"Cedar Springs",162, ,1,0,0,155,327,"Cedar Springs United Church",20071010
014,CHATHAM--KENT--ESSEX,9,21,113,134,2,"Morpeth",163, ,0,0,0,279,497,"New Scotland United Church",20071010
014,CHATHAM--KENT--ESSEX,9,19,87,30,2,"North Buxton",164, ,1,1,0,149,309,"North Buxton National Historic Museum",20071010
014,CHATHAM--KENT--ESSEX,20,20,113,80,0,"Cedar Springs",165, ,0,0,0,233,445,"Cedar Springs United Church",20071010
014,CHATHAM--KENT--ESSEX,5,21,31,35,2,"Morpeth",166, ,1,1,0,96,238,"New Scotland United Church",20071010
014,CHATHAM--KENT--ESSEX,6,31,32,17,2,"Tilbury",167, ,0,0,0,88,268,"Tilbury Area Public School",20071010
014,CHATHAM--KENT--ESSEX,9,29,74,100,2,"Cedar Springs",168, ,0,0,0,214,395,"Cedar Springs United Church",20071010
014,CHATHAM--KENT--ESSEX,17,20,81,73,1,"Cedar Springs",169, ,1,0,0,193,366,"Cedar Springs United Church",20071010
014,CHATHAM--KENT--ESSEX,15,12,99,81,2,"Erieau",170, ,2,1,0,212,354,"Erieau Fire Hall",20071010
014,CHATHAM--KENT--ESSEX,3,17,59,13,0,"Tilbury",171, ,2,0,0,94,301,"Tilbury & District Memorial Community Centre",20071010
014,CHATHAM--KENT--ESSEX,4,40,56,20,0,"Tilbury",172, ,0,0,0,120,301,"Tilbury & District Memorial Community Centre",20071010
014,CHATHAM--KENT--ESSEX,7,42,116,22,2,"Tilbury",173, ,11,0,0,200,467,"Tilbury & District Secondary School",20071010
014,CHATHAM--KENT--ESSEX,7,21,45,17,1,"Tilbury",174, ,0,0,0,91,286,"Tilbury & District Memorial Community Centre",20071010
014,CHATHAM--KENT--ESSEX,5,35,49,17,0,"Tilbury",175, ,1,1,0,108,281,"Tilbury & District Memorial Community Centre",20071010
014,CHATHAM--KENT--ESSEX,0,4,14,2,1,"Tilbury",177s, ,0,0,0,21,68,"Tilbury Manor Nursing Home",20071010
014,CHATHAM--KENT--ESSEX,6,31,76,36,1,"Tilbury",178, ,0,1,0,151,331,"Tilbury Area Public School",20071010
014,CHATHAM--KENT--ESSEX,6,29,58,19,3,"Tilbury",179, ,3,1,0,119,326,"Tilbury Area Public School",20071010
014,CHATHAM--KENT--ESSEX,5,30,94,46,5,"Tilbury",180, ,0,2,1,183,388,"Tilbury & District Secondary School",20071010
014,CHATHAM--KENT--ESSEX,8,33,56,23,0,"Tilbury",181, ,0,0,1,121,304,"Tilbury Area Public School",20071010
014,CHATHAM--KENT--ESSEX,1,3,25,2,0,"Tilbury",182s, ,1,2,0,34,36,"Hudson Manor",20071010
014,CHATHAM--KENT--ESSEX,5,22,97,41,1,"Merlin",183, ,0,1,0,167,305,"Merlin Area Public School",20071010
014,CHATHAM--KENT--ESSEX,10,30,82,79,1,"Merlin",184, ,1,0,0,203,374,"South Raleigh Fire Hall",20071010
014,CHATHAM--KENT--ESSEX,0,0,0,0,0,"Blenheim",185s, ,0,0,0,0,176,"Southwestern Regional Centre",20071010
014,CHATHAM--KENT--ESSEX,6,18,63,52,2,"Merlin",186, ,1,1,0,143,305,"South Raleigh Fire Hall",20071010
014,CHATHAM--KENT--ESSEX,5,28,71,40,0,"Tilbury",187, ,0,0,0,144,341,"Tilbury & District Secondary School",20071010
014,CHATHAM--KENT--ESSEX,7,20,53,22,2,"Merlin",188, ,0,0,0,104,260,"Merlin Area Public School",20071010
014,CHATHAM--KENT--ESSEX,5,25,49,20,1,"Merlin",189, ,0,0,0,100,233,"Merlin Area Public School",20071010
014,CHATHAM--KENT--ESSEX,2,11,57,38,1,"Merlin",190, ,2,0,0,111,273,"Merlin Area Public School",20071010
014,CHATHAM--KENT--ESSEX,2,15,28,33,2,"Leamington",191, ,1,0,0,81,197,"Mount Carmel-Blytheswood Public School",20071010
014,CHATHAM--KENT--ESSEX,10,41,65,36,2,"Wheatley",192, ,0,1,0,155,398,"Wheatley Area Public School",20071010
014,CHATHAM--KENT--ESSEX,15,13,50,46,2,"Leamington",193, ,0,1,1,128,356,"East Mersea Public School",20071010
014,CHATHAM--KENT--ESSEX,18,20,80,72,5,"Leamington",194, ,0,1,0,196,502,"Mount Carmel-Blytheswood Public School",20071010
014,CHATHAM--KENT--ESSEX,5,14,10,17,0,"Wheatley",195, ,0,0,0,46,141,"Wheatley Area Public School",20071010
014,CHATHAM--KENT--ESSEX,8,16,75,64,7,"Leamington",196, ,1,0,0,171,379,"Mount Carmel-Blytheswood Public School",20071010
014,CHATHAM--KENT--ESSEX,13,13,33,62,0,"Wheatley",197, ,2,2,0,125,280,"Wheatley United Church",20071010
014,CHATHAM--KENT--ESSEX,3,12,24,35,0,"Wheatley",198, ,0,1,0,75,245,"Wheatley Area Public School",20071010
014,CHATHAM--KENT--ESSEX,9,11,59,55,1,"Wheatley",199, ,1,2,0,138,297,"Wheatley Area Public School",20071010
014,CHATHAM--KENT--ESSEX,5,12,38,27,1,"Wheatley",200, ,0,1,1,85,306,"Wheatley Area Public School",20071010
014,CHATHAM--KENT--ESSEX,7,5,68,58,1,"Leamington",201, ,0,0,0,139,368,"Mount Carmel-Blytheswood Public School",20071010
014,CHATHAM--KENT--ESSEX,10,11,51,56,1,"Leamington",202, ,0,0,0,129,287,"East Mersea Public School",20071010
014,CHATHAM--KENT--ESSEX,14,22,44,40,2,"Wheatley",203, ,0,0,0,122,291,"Wheatley United Church",20071010
014,CHATHAM--KENT--ESSEX,0,6,21,14,0,"Wheatley",204s, ,2,0,0,43,72,"The Meadows of Wheatley",20071010
014,CHATHAM--KENT--ESSEX,10,20,61,29,1,"Wheatley",205, ,1,0,0,122,322,"Wheatley United Church",20071010
014,CHATHAM--KENT--ESSEX,8,7,75,55,2,"Leamington",206, ,0,1,0,148,358,"Leamington Portuguese Community Club",20071010
014,CHATHAM--KENT--ESSEX,7,8,35,26,0,"Leamington",207, ,1,0,0,77,213,"Rhine Danube Club",20071010
014,CHATHAM--KENT--ESSEX,3,16,62,30,5,"Leamington",208, ,1,0,0,117,341,"Rhine Danube Club",20071010
014,CHATHAM--KENT--ESSEX,3,13,40,23,1,"Leamington",209, ,2,1,0,83,282,"Rhine Danube Club",20071010
014,CHATHAM--KENT--ESSEX,3,11,40,16,0,"Leamington",210, ,0,1,0,71,230,"Leamington & District Half Century Club",20071010
014,CHATHAM--KENT--ESSEX,0,2,5,2,0,"Leamington",211s, ,0,0,1,10,23,"Senior's Alternative Care",20071010
014,CHATHAM--KENT--ESSEX,2,5,24,8,0,"Leamington",212s, ,0,1,0,40,207,"Sun Parlor Home for Senior Citizens",20071010
014,CHATHAM--KENT--ESSEX,3,15,48,27,3,"Leamington",213, ,3,1,0,100,327,"Rhine Danube Club",20071010
014,CHATHAM--KENT--ESSEX,6,4,75,43,0,"Leamington",214, ,1,0,0,129,329,"Leamington & District Half Century Club",20071010
014,CHATHAM--KENT--ESSEX,9,22,65,59,2,"Leamington",215, ,0,2,0,159,329,"Rhine Danube Club",20071010
014,CHATHAM--KENT--ESSEX,2,15,33,43,1,"Leamington",216, ,0,0,0,94,241,"East Mersea Public School",20071010
014,CHATHAM--KENT--ESSEX,13,22,49,46,0,"Wheatley",217, ,0,0,1,131,356,"Wheatley United Church",20071010
014,CHATHAM--KENT--ESSEX,5,4,101,40,0,"Leamington",218, ,0,0,0,150,310,"Cardinal Carter Catholic Secondary School",20071010
014,CHATHAM--KENT--ESSEX,1,1,2,4,0,"Leamington",219s, ,1,0,0,9,22,"Leamington District Memorial Hospital",20071010
014,CHATHAM--KENT--ESSEX,6,8,88,22,4,"Leamington",220, ,2,0,0,130,288,"Cardinal Carter Catholic Secondary School",20071010
014,CHATHAM--KENT--ESSEX,10,14,74,37,0,"Leamington",221, ,0,1,0,136,290,"Cardinal Carter Catholic Secondary School",20071010
014,CHATHAM--KENT--ESSEX,8,14,41,31,3,"Leamington",222, ,0,3,0,100,275,"Leamington Portuguese Community Club",20071010
014,CHATHAM--KENT--ESSEX,7,20,63,52,3,"Leamington",223, ,0,5,0,150,311,"Leamington Portuguese Community Club",20071010
014,CHATHAM--KENT--ESSEX,11,14,108,60,0,"Leamington",224, ,8,1,0,202,389,"Cardinal Carter Catholic Secondary School",20071010
014,CHATHAM--KENT--ESSEX,4,18,38,17,5,"Leamington",225, ,0,1,0,83,245,"Leamington Portuguese Community Club",20071010
014,CHATHAM--KENT--ESSEX,4,20,30,16,1,"Leamington",226, ,0,0,0,71,248,"Leamington Portuguese Community Club",20071010
014,CHATHAM--KENT--ESSEX,6,9,27,17,0,"Leamington",227, ,0,2,0,61,211,"Margaret D. Bennie Public School",20071010
014,CHATHAM--KENT--ESSEX,1,6,11,5,0,"Leamington",228, ,1,0,0,24,187,"Leamington Portuguese Community Club",20071010
014,CHATHAM--KENT--ESSEX,6,15,82,48,0,"Leamington",229, ,0,5,0,156,323,"Leamington Court Retirement Suites",20071010
014,CHATHAM--KENT--ESSEX,2,3,9,3,8,"Leamington",230s, ,2,1,0,28,52,"Leamington Lodge",20071010
014,CHATHAM--KENT--ESSEX,2,13,17,7,0,"Leamington",231, ,1,0,0,40,217,"Leamington Portuguese Community Club",20071010
014,CHATHAM--KENT--ESSEX,1,13,36,20,2,"Leamington",232, ,0,1,0,73,243,"Leamington United Mennonite Church",20071010
014,CHATHAM--KENT--ESSEX,2,7,24,20,3,"Leamington",233, ,2,0,1,59,228,"Mill Street Centennial Public School",20071010
014,CHATHAM--KENT--ESSEX,7,26,63,53,2,"Leamington",234, ,0,1,0,152,315,"Queen Elizabeth Public School",20071010
014,CHATHAM--KENT--ESSEX,7,9,38,20,0,"Leamington",235, ,1,0,0,75,280,"Mill Street Centennial Public School",20071010
014,CHATHAM--KENT--ESSEX,2,10,38,17,4,"Leamington",236, ,0,0,0,71,244,"Leamington & District Half Century Club",20071010
014,CHATHAM--KENT--ESSEX,9,18,56,48,2,"Leamington",237, ,0,1,1,135,294,"Leamington United Mennonite Church",20071010
014,CHATHAM--KENT--ESSEX,9,11,80,26,2,"Leamington",238, ,4,1,0,133,347,"Mill Street Centennial Public School",20071010
014,CHATHAM--KENT--ESSEX,2,1,19,14,0,"Leamington",239s, ,2,0,0,38,63,"Leamington United Mennonite Home and Apartments",20071010
014,CHATHAM--KENT--ESSEX,1,5,13,5,0,"Leamington",240s, ,1,0,0,25,84,"Leamington Mennonite Home",20071010
014,CHATHAM--KENT--ESSEX,6,18,43,13,1,"Leamington",241, ,2,0,0,83,234,"Leamington & District Half Century Club",20071010
014,CHATHAM--KENT--ESSEX,9,15,62,41,1,"Leamington",242, ,1,4,0,133,319,"Queen Elizabeth Public School",20071010
014,CHATHAM--KENT--ESSEX,4,18,53,27,2,"Leamington",243, ,0,0,0,104,366,"Leamington United Mennonite Church",20071010
014,CHATHAM--KENT--ESSEX,4,7,75,29,2,"Leamington",244, ,1,0,0,118,330,"Queen Elizabeth Public School",20071010
014,CHATHAM--KENT--ESSEX,5,20,47,29,2,"Leamington",245, ,7,1,0,111,341,"Leamington United Mennonite Church",20071010
014,CHATHAM--KENT--ESSEX,5,9,66,37,0,"Leamington",246, ,4,1,0,122,318,"Mill Street Centennial Public School",20071010
014,CHATHAM--KENT--ESSEX,8,9,84,31,0,"Leamington",247, ,0,1,0,133,335,"Leamington & District Half Century Club",20071010
014,CHATHAM--KENT--ESSEX,5,6,45,26,4,"Leamington",248, ,0,2,0,88,266,"Leamington United Mennonite Church",20071010
014,CHATHAM--KENT--ESSEX,4,13,56,21,0,"Leamington",249, ,1,0,0,95,335,"Queen Elizabeth Public School",20071010
014,CHATHAM--KENT--ESSEX,4,11,34,17,2,"Leamington",250, ,2,0,0,70,271,"Mill Street Centennial Public School",20071010
014,CHATHAM--KENT--ESSEX,11,14,59,40,0,"Leamington",251, ,1,0,0,125,351,"Leamington United Mennonite Church",20071010
014,CHATHAM--KENT--ESSEX,7,32,58,87,2,"Leamington",252, ,0,0,0,186,405,"Gore Hill Public School",20071010
014,CHATHAM--KENT--ESSEX,12,5,78,55,3,"Leamington",253, ,2,0,0,155,362,"Margaret D. Bennie Public School",20071010
014,CHATHAM--KENT--ESSEX,10,10,72,58,0,"Leamington",254, ,3,0,1,154,327,"Margaret D. Bennie Public School",20071010
014,CHATHAM--KENT--ESSEX,4,15,16,13,2,"Leamington",255, ,1,0,0,51,149,"Roma Club of Leamington",20071010
014,CHATHAM--KENT--ESSEX,2,5,39,35,2,"Leamington",256, ,0,0,0,83,237,"Roma Club of Leamington",20071010
014,CHATHAM--KENT--ESSEX,1,2,8,5,0,"Leamington",257s, ,0,0,0,16,126,"Leamington Nursing Home",20071010
014,CHATHAM--KENT--ESSEX,6,16,74,52,0,"Leamington",258, ,0,0,0,148,264,"Roma Club of Leamington",20071010
014,CHATHAM--KENT--ESSEX,2,1,26,14,0,"Leamington",259s, ,4,2,0,49,82,"Erie Glen Manor Retirement",20071010
014,CHATHAM--KENT--ESSEX,10,17,64,50,0,"Leamington",260, ,0,2,0,143,312,"Roma Club of Leamington",20071010
014,CHATHAM--KENT--ESSEX,9,15,84,69,0,"Leamington",261, ,1,3,0,181,387,"Roma Club of Leamington",20071010
014,CHATHAM--KENT--ESSEX,12,16,62,55,3,"Leamington",262, ,0,0,0,148,398,"Gore Hill Public School",20071010
014,CHATHAM--KENT--ESSEX,14,37,66,51,3,"Leamington",263, ,0,0,0,171,377,"Gore Hill Public School",20071010
014,CHATHAM--KENT--ESSEX,8,11,44,13,2,"Chatham",400, ,0,2,0,80,132,"Linden Towers",20071010
014,CHATHAM--KENT--ESSEX,3,15,28,13,1,"Chatham",401, ,0,0,0,60,115,"McNaughton Manor",20071010
014,CHATHAM--KENT--ESSEX,1,12,15,9,0,"Chatham",402, ,1,0,0,38,150,"Thames Park Tower North",20071010
014,CHATHAM--KENT--ESSEX,2,10,44,18,0,"Chatham",403, ,0,0,0,74,140,"Chatham Tower Apartments",20071010
014,CHATHAM--KENT--ESSEX,4,14,38,17,0,"Leamington",404, ,2,0,0,75,155,"Lakeview Towers",20071010
014,CHATHAM--KENT--ESSEX,56,106,733,345,9,"Chatham",Advanced Polls /  ADV001, ,4,3,6,1262,0,"Returning Office / Bureau du directeur du scrutin",20071010
014,CHATHAM--KENT--ESSEX,36,96,327,240,4,"Leamington",Advanced Polls /  ADV002, ,6,0,1,710,0,"Satellite Office / Bureau satellite",20071010
014,CHATHAM--KENT--ESSEX,6,20,85,64,1,"Wheatley",Advanced Polls /  ADV003, ,0,1,0,177,0,"Wheatley United Church",20071010
014,CHATHAM--KENT--ESSEX,6,68,196,39,2,"Tilbury",Advanced Polls /  ADV004, ,0,2,0,313,0,"Tilbury District Adult Centre",20071010
014,CHATHAM--KENT--ESSEX,13,42,222,173,1,"Chatham",Advanced Polls /  ADV005, ,1,2,0,454,0,"Praise Fellowship Church",20071010
014,CHATHAM--KENT--ESSEX,24,44,237,177,2,"Blenheim",Advanced Polls /  ADV006, ,0,1,0,485,0,"Blenheim United Church",20071010
014,CHATHAM--KENT--ESSEX,22,36,178,104,3,"Ridgetown",Advanced Polls /  ADV007, ,0,3,0,346,0,"Ridgetown Youth Centre",20071010
TOTALS:, ,2054,4601,18782,10367,326, , , , , , , , , , 
