ED_CODE,ED_NAME,BECKLES,BOBB,DHILLON,FIJI,GOEL,MADDEN,PLACE_NAME,POLL_NUMBER,RURAL_INDICATOR,REJECTED,UNMARKED,DECLINED,VOTER_TURNOUT,ELECTORS,POLL_LOCATION,POLL_DATE
008,BRAMPTON WEST,79,17,80,0,16,3,"Brampton",001, ,0,0,0,195,440,"Snelgrove Community Centre",20071010
008,BRAMPTON WEST,102,9,78,2,0,1,"Brampton",002, ,0,0,1,193,399,"Snelgrove Community Centre",20071010
008,BRAMPTON WEST,83,34,68,1,19,0,"Brampton",003, ,0,1,0,206,438,"Snelgrove Community Centre",20071010
008,BRAMPTON WEST,109,16,102,2,16,3,"Brampton",004, ,0,0,0,248,481,"Snelgrove Community Centre",20071010
008,BRAMPTON WEST,90,20,78,0,7,5,"Brampton",005, ,1,0,0,201,410,"Snelgrove Community Centre",20071010
008,BRAMPTON WEST,65,28,58,1,6,3,"Brampton",006, ,1,2,0,164,387,"Snelgrove Community Centre",20071010
008,BRAMPTON WEST,..........................NO POLL HELD........................,,,,,,"Brampton",007, ,0,0,0,0,0,"",20071010
008,BRAMPTON WEST,103,32,85,0,16,3,"Brampton",008, ,0,2,0,241,597,"Snelgrove Community Centre",20071010
008,BRAMPTON WEST,25,9,21,0,8,0,"Brampton",009, ,0,0,0,63,136,"Snelgrove Community Centre",20071010
008,BRAMPTON WEST,37,10,56,1,6,3,"Brampton",010, ,0,0,0,113,336,"Snelgrove Community Centre",20071010
008,BRAMPTON WEST,48,33,86,0,2,0,"Brampton",011, ,0,0,0,169,438,"Burnt Elm Public School",20071010
008,BRAMPTON WEST,43,15,63,0,8,1,"Brampton",012, ,1,0,5,136,384,"Burnt Elm Public School",20071010
008,BRAMPTON WEST,45,12,53,0,11,0,"Brampton",013, ,0,0,0,121,278,"Burnt Elm Public School",20071010
008,BRAMPTON WEST,34,12,62,0,8,1,"Brampton",014, ,0,1,0,118,301,"Burnt Elm Public School",20071010
008,BRAMPTON WEST,32,22,85,0,9,1,"Brampton",015, ,1,0,0,150,421,"Snelgrove Community Centre",20071010
008,BRAMPTON WEST,27,12,86,0,12,2,"Brampton",016, ,2,2,0,143,391,"Rowntree Public School",20071010
008,BRAMPTON WEST,20,14,63,0,4,1,"Brampton",017, ,2,0,1,105,386,"Rowntree Public School",20071010
008,BRAMPTON WEST,41,10,60,0,5,0,"Brampton",018, ,1,1,0,118,314,"Rowntree Public School",20071010
008,BRAMPTON WEST,36,21,57,2,9,1,"Brampton",019, ,1,1,0,128,328,"Rowntree Public School",20071010
008,BRAMPTON WEST,54,20,63,0,11,5,"Brampton",020, ,1,0,0,154,378,"Burnt Elm Public School",20071010
008,BRAMPTON WEST,40,23,87,0,4,2,"Brampton",021, ,1,0,0,157,447,"Cheyne Middle School",20071010
008,BRAMPTON WEST,44,12,48,2,7,3,"Brampton",022, ,0,0,1,117,379,"Cheyne Middle School",20071010
008,BRAMPTON WEST,41,14,29,1,13,0,"Brampton",023, ,2,0,0,100,322,"Cheyne Middle School",20071010
008,BRAMPTON WEST,21,13,61,0,7,1,"Brampton",024, ,0,0,0,103,387,"Brisdale Public School",20071010
008,BRAMPTON WEST,27,18,79,2,14,2,"Brampton",025, ,1,0,1,144,394,"Rowntree Public School",20071010
008,BRAMPTON WEST,36,19,66,1,2,0,"Brampton",026, ,0,0,0,124,381,"Brisdale Public School",20071010
008,BRAMPTON WEST,42,16,80,0,10,1,"Brampton",027, ,0,0,0,149,385,"Rowntree Public School",20071010
008,BRAMPTON WEST,36,13,82,1,7,0,"Brampton",028, ,1,0,0,140,344,"Rowntree Public School",20071010
008,BRAMPTON WEST,35,15,91,3,5,3,"Brampton",029, ,0,3,0,155,375,"Cheyne Middle School",20071010
008,BRAMPTON WEST,41,19,49,1,6,1,"Brampton",030, ,0,0,0,117,326,"Cheyne Middle School",20071010
008,BRAMPTON WEST,27,10,42,0,9,1,"Brampton",031, ,1,1,0,91,350,"Cheyne Middle School",20071010
008,BRAMPTON WEST,53,14,73,1,10,1,"Brampton",032, ,0,0,0,152,388,"Edenbrook Hill Elementary School",20071010
008,BRAMPTON WEST,34,12,47,0,5,0,"Brampton",033, ,0,0,0,98,315,"Brisdale Public School",20071010
008,BRAMPTON WEST,45,10,78,0,16,0,"Brampton",034, ,1,0,0,150,339,"Brisdale Public School",20071010
008,BRAMPTON WEST,28,12,51,0,16,1,"Brampton",035, ,0,0,0,108,338,"Brisdale Public School",20071010
008,BRAMPTON WEST,32,13,66,0,16,0,"Brampton",036, ,1,1,0,129,358,"Fletcher's Meadow Secondary School",20071010
008,BRAMPTON WEST,44,14,85,0,2,1,"Brampton",037, ,0,0,0,146,387,"Fletcher's Meadow Secondary School",20071010
008,BRAMPTON WEST,30,24,84,0,10,0,"Brampton",038, ,0,0,0,148,345,"Fletcher's Meadow Secondary School",20071010
008,BRAMPTON WEST,37,23,78,1,10,0,"Brampton",039, ,0,1,0,150,461,"St. Angela Merici Elementary School",20071010
008,BRAMPTON WEST,29,19,43,0,7,1,"Brampton",040, ,1,0,2,102,377,"St. Angela Merici Elementary School",20071010
008,BRAMPTON WEST,29,19,85,0,8,1,"Brampton",041, ,4,0,0,146,460,"St. Angela Merici Elementary School",20071010
008,BRAMPTON WEST,27,32,34,0,6,1,"Brampton",042, ,1,2,0,103,348,"Edenbrook Hill Elementary School",20071010
008,BRAMPTON WEST,40,19,48,2,14,0,"Brampton",043, ,0,0,0,123,302,"St. Maria Goretti School",20071010
008,BRAMPTON WEST,27,7,60,0,4,3,"Brampton",044, ,2,0,0,103,325,"St. Maria Goretti School",20071010
008,BRAMPTON WEST,50,21,97,0,12,4,"Brampton",045, ,3,1,1,189,479,"St. Maria Goretti School",20071010
008,BRAMPTON WEST,30,29,68,0,1,2,"Brampton",046, ,0,0,0,130,374,"St. Maria Goretti School",20071010
008,BRAMPTON WEST,12,5,22,0,2,2,"Brampton",047s, ,0,5,0,48,178,"Peel Manor",20071010
008,BRAMPTON WEST,24,15,39,0,5,2,"Brampton",048, ,0,2,0,87,304,"Our Lady of Fatima Elementary School",20071010
008,BRAMPTON WEST,49,24,34,1,9,2,"Brampton",049, ,0,0,0,119,335,"Agnes Taylor Public School",20071010
008,BRAMPTON WEST,36,14,31,0,5,1,"Brampton",050, ,1,1,0,89,285,"Agnes Taylor Public School",20071010
008,BRAMPTON WEST,44,27,59,1,19,1,"Brampton",051, ,1,0,0,152,313,"Agnes Taylor Public School",20071010
008,BRAMPTON WEST,..........................NO POLL HELD........................,,,,,,"Brampton",052, ,0,0,0,0,0,"",20071010
008,BRAMPTON WEST,48,16,51,0,13,0,"Brampton",053, ,0,0,0,128,310,"St. Edmund Campion Secondary School",20071010
008,BRAMPTON WEST,40,23,57,0,2,1,"Brampton",054, ,1,0,0,124,307,"St. Edmund Campion Secondary School",20071010
008,BRAMPTON WEST,58,10,81,0,17,0,"Brampton",055, ,0,0,0,166,392,"Brisdale Public School",20071010
008,BRAMPTON WEST,38,14,69,0,8,0,"Brampton",056, ,0,0,0,129,361,"Brisdale Public School",20071010
008,BRAMPTON WEST,25,14,83,1,9,0,"Brampton",057, ,0,0,0,132,350,"St. Edmund Campion Secondary School",20071010
008,BRAMPTON WEST,31,11,77,0,5,1,"Brampton",058, ,0,0,0,125,334,"St. Edmund Campion Secondary School",20071010
008,BRAMPTON WEST,22,12,77,1,9,0,"Brampton",059, ,2,0,0,123,321,"Fletcher's Meadow Secondary School",20071010
008,BRAMPTON WEST,32,7,57,1,11,0,"Brampton",060, ,0,0,0,108,343,"Fletcher's Meadow Secondary School",20071010
008,BRAMPTON WEST,36,11,67,0,11,1,"Brampton",061, ,1,0,0,127,329,"St. Angela Merici Elementary School",20071010
008,BRAMPTON WEST,35,6,80,1,13,0,"Brampton",062, ,0,0,0,135,350,"Fletcher's Meadow Secondary School",20071010
008,BRAMPTON WEST,50,5,39,0,5,0,"Brampton",063, ,2,0,0,101,258,"St. Angela Merici Elementary School",20071010
008,BRAMPTON WEST,49,11,50,0,6,2,"Brampton",064, ,0,0,0,118,349,"St. Angela Merici Elementary School",20071010
008,BRAMPTON WEST,45,19,106,2,9,2,"Brampton",065, ,2,0,0,185,436,"St. Angela Merici Elementary School",20071010
008,BRAMPTON WEST,30,17,60,2,8,2,"Brampton",066, ,0,0,0,119,308,"Edenbrook Hill Elementary School",20071010
008,BRAMPTON WEST,13,3,15,1,2,1,"Brampton",067, ,0,0,2,37,111,"St. Ursula Elementary School",20071010
008,BRAMPTON WEST,25,15,45,0,11,1,"Brampton",068, ,1,0,0,98,297,"St. Ursula Elementary School",20071010
008,BRAMPTON WEST,15,10,29,1,5,0,"Brampton",069, ,3,0,0,63,219,"St. Ursula Elementary School",20071010
008,BRAMPTON WEST,47,20,66,0,13,2,"Brampton",070, ,0,0,0,148,413,"St. Ursula Elementary School",20071010
008,BRAMPTON WEST,50,27,72,0,3,1,"Brampton",071, ,0,0,0,153,466,"St. Ursula Elementary School",20071010
008,BRAMPTON WEST,53,19,56,0,10,2,"Brampton",072, ,0,0,2,142,312,"St. Maria Goretti School",20071010
008,BRAMPTON WEST,36,16,47,0,14,0,"Brampton",073, ,0,1,0,114,372,"Our Lady of Fatima Elementary School",20071010
008,BRAMPTON WEST,62,17,33,0,11,3,"Brampton",074, ,0,1,0,127,350,"St. Maria Goretti School",20071010
008,BRAMPTON WEST,63,22,59,0,19,0,"Brampton",075, ,1,0,0,164,377,"Our Lady of Fatima Elementary School",20071010
008,BRAMPTON WEST,62,11,57,0,11,4,"Brampton",076, ,2,1,1,149,393,"Our Lady of Fatima Elementary School",20071010
008,BRAMPTON WEST,65,25,74,3,27,3,"Brampton",077, ,4,0,0,201,427,"Glendale Public School",20071010
008,BRAMPTON WEST,48,20,39,0,15,3,"Brampton",078, ,0,1,1,127,383,"Glendale Public School",20071010
008,BRAMPTON WEST,65,16,41,1,10,3,"Brampton",079, ,1,1,0,138,297,"Glendale Public School",20071010
008,BRAMPTON WEST,71,8,51,0,35,3,"Brampton",080, ,1,0,0,169,384,"Central Public School Recreation Centre",20071010
008,BRAMPTON WEST,49,9,25,0,7,0,"Brampton",081, ,0,0,0,90,238,"Central Public School Recreation Centre",20071010
008,BRAMPTON WEST,65,31,65,0,14,3,"Brampton",082, ,14,0,0,192,430,"Agnes Taylor Public School",20071010
008,BRAMPTON WEST,88,14,43,0,19,1,"Brampton",083, ,0,0,0,165,327,"Agnes Taylor Public School",20071010
008,BRAMPTON WEST,9,13,11,0,7,2,"Brampton",084, ,1,0,0,43,219,"Sir Winston Churchill Public School",20071010
008,BRAMPTON WEST,32,20,23,0,13,1,"Brampton",085, ,0,0,1,90,267,"Sir Winston Churchill Public School",20071010
008,BRAMPTON WEST,38,12,30,0,4,1,"Brampton",086, ,0,0,0,85,451,"Sir Winston Churchill Public School",20071010
008,BRAMPTON WEST,27,17,52,0,15,2,"Brampton",087, ,0,0,0,113,304,"St. Edmund Campion Secondary School",20071010
008,BRAMPTON WEST,24,8,69,0,15,1,"Brampton",088, ,0,0,0,117,392,"St. Edmund Campion Secondary School",20071010
008,BRAMPTON WEST,24,12,44,0,7,3,"Brampton",089, ,1,1,0,92,272,"St. Edmund Campion Secondary School",20071010
008,BRAMPTON WEST,37,7,87,1,10,0,"Brampton",090, ,1,1,0,144,434,"St. Edmund Campion Secondary School",20071010
008,BRAMPTON WEST,47,12,93,1,7,1,"Brampton",091, ,0,0,0,161,391,"McCrimmon Middle School",20071010
008,BRAMPTON WEST,54,22,66,1,11,1,"Brampton",092, ,3,0,0,158,348,"McCrimmon Middle School",20071010
008,BRAMPTON WEST,49,9,55,0,12,1,"Brampton",093, ,1,0,0,127,325,"McCrimmon Middle School",20071010
008,BRAMPTON WEST,31,13,90,2,3,1,"Brampton",094, ,0,2,1,143,431,"Guardian Angels Elementary School",20071010
008,BRAMPTON WEST,47,16,40,1,9,1,"Brampton",095, ,0,1,1,116,339,"Guardian Angels Elementary School",20071010
008,BRAMPTON WEST,25,10,104,0,5,3,"Brampton",096, ,0,0,0,147,431,"Guardian Angels Elementary School",20071010
008,BRAMPTON WEST,39,16,53,0,10,0,"Brampton",097, ,0,0,0,118,378,"Guardian Angels Elementary School",20071010
008,BRAMPTON WEST,69,17,90,1,6,2,"Brampton",098, ,0,0,2,187,470,"Edenbrook Hill Elementary School",20071010
008,BRAMPTON WEST,12,14,44,0,7,2,"Brampton",099, ,0,0,0,79,259,"St. Ursula Elementary School",20071010
008,BRAMPTON WEST,34,7,46,0,4,0,"Brampton",100, ,0,0,2,93,235,"Edenbrook Hill Elementary School",20071010
008,BRAMPTON WEST,23,30,88,1,8,1,"Brampton",101, ,0,0,0,151,370,"St. Ursula Elementary School",20071010
008,BRAMPTON WEST,56,30,99,1,7,3,"Brampton",102, ,1,0,0,197,498,"St. Ursula Elementary School",20071010
008,BRAMPTON WEST,37,8,34,0,15,0,"Brampton",103, ,2,0,0,96,254,"St. Ursula Elementary School",20071010
008,BRAMPTON WEST,42,10,64,8,0,1,"Brampton",104, ,0,1,0,126,420,"Our Lady of Fatima Elementary School",20071010
008,BRAMPTON WEST,89,17,86,0,16,1,"Brampton",105, ,3,0,1,213,474,"Our Lady of Fatima Elementary School",20071010
008,BRAMPTON WEST,70,16,58,0,19,1,"Brampton",106, ,0,1,0,165,390,"Our Lady of Fatima Elementary School",20071010
008,BRAMPTON WEST,69,20,82,0,22,5,"Brampton",107, ,0,0,0,198,474,"Our Lady of Fatima Elementary School",20071010
008,BRAMPTON WEST,57,34,49,1,30,7,"Brampton",108, ,0,0,1,179,421,"Glendale Public School",20071010
008,BRAMPTON WEST,50,11,46,0,46,2,"Brampton",109, ,0,0,0,155,384,"Glendale Public School",20071010
008,BRAMPTON WEST,41,14,37,0,31,2,"Brampton",110, ,3,1,0,129,284,"Central Public School Recreation Centre",20071010
008,BRAMPTON WEST,58,13,32,1,17,1,"Brampton",111, ,0,1,0,123,254,"Central Public School Recreation Centre",20071010
008,BRAMPTON WEST,..........................NO POLL HELD........................,,,,,,"Brampton",112, ,0,0,0,0,0,"",20071010
008,BRAMPTON WEST,52,13,41,0,24,1,"Brampton",113, ,1,0,0,132,285,"Cardinal Leger Secondary School",20071010
008,BRAMPTON WEST,1,1,1,0,0,0,"Brampton",114s, ,0,0,0,3,6,"Peel Memorial Hospital William Osler Health Centre",20071010
008,BRAMPTON WEST,60,9,58,1,13,3,"Brampton",115, ,0,0,0,144,391,"Cardinal Leger Secondary School",20071010
008,BRAMPTON WEST,..........................NO POLL HELD........................,,,,,,"Brampton",116, ,0,0,0,0,0,"",20071010
008,BRAMPTON WEST,..........................NO POLL HELD........................,,,,,,"Brampton",117, ,0,0,0,0,0,"",20071010
008,BRAMPTON WEST,61,24,47,0,23,2,"Brampton",118, ,0,1,0,158,330,"Cardinal Leger Secondary School",20071010
008,BRAMPTON WEST,33,11,84,0,7,3,"Brampton",119, ,1,0,0,139,312,"McCrimmon Middle School",20071010
008,BRAMPTON WEST,45,16,62,2,9,3,"Brampton",120, ,0,0,0,137,347,"McCrimmon Middle School",20071010
008,BRAMPTON WEST,52,17,67,0,8,1,"Brampton",121, ,0,0,0,145,350,"McCrimmon Middle School",20071010
008,BRAMPTON WEST,10,5,61,2,0,2,"Brampton",122, ,0,0,0,80,215,"McCrimmon Middle School",20071010
008,BRAMPTON WEST,22,14,61,0,2,1,"Brampton",123, ,0,0,0,100,298,"McCrimmon Middle School",20071010
008,BRAMPTON WEST,40,24,105,0,10,3,"Brampton",124, ,0,0,0,182,417,"McCrimmon Middle School",20071010
008,BRAMPTON WEST,22,15,56,0,7,1,"Brampton",125, ,0,0,0,101,288,"Worthington Public School",20071010
008,BRAMPTON WEST,27,13,87,1,9,1,"Brampton",126, ,0,0,0,138,418,"Worthington Public School",20071010
008,BRAMPTON WEST,53,32,89,1,16,2,"Brampton",127, ,0,0,0,193,504,"Guardian Angels Elementary School",20071010
008,BRAMPTON WEST,45,18,83,2,10,0,"Brampton",128, ,0,0,0,158,359,"Guardian Angels Elementary School",20071010
008,BRAMPTON WEST,61,10,50,0,6,1,"Brampton",129, ,0,1,0,129,379,"Guardian Angels Elementary School",20071010
008,BRAMPTON WEST,22,12,57,0,3,1,"Brampton",130, ,1,0,0,96,285,"St. Ursula Elementary School",20071010
008,BRAMPTON WEST,40,11,58,0,10,1,"Brampton",131, ,2,0,0,122,369,"Homestead Public School",20071010
008,BRAMPTON WEST,50,10,108,2,10,2,"Brampton",132, ,0,0,0,182,433,"St. Ursula Elementary School",20071010
008,BRAMPTON WEST,38,11,76,0,6,2,"Brampton",133, ,0,0,0,133,372,"Homestead Public School",20071010
008,BRAMPTON WEST,38,24,71,0,11,0,"Brampton",134, ,0,1,0,145,375,"Homestead Public School",20071010
008,BRAMPTON WEST,52,15,85,1,3,1,"Brampton",135, ,1,0,0,158,426,"Homestead Public School",20071010
008,BRAMPTON WEST,27,15,60,1,9,0,"Brampton",136, ,0,2,0,114,317,"Homestead Public School",20071010
008,BRAMPTON WEST,69,24,85,1,14,2,"Brampton",137, ,4,0,0,199,429,"Homestead Public School",20071010
008,BRAMPTON WEST,94,16,67,2,14,4,"Brampton",138, ,0,1,0,198,526,"Glendale Public School",20071010
008,BRAMPTON WEST,59,19,33,2,9,4,"Brampton",139, ,1,1,0,128,320,"Beatty-Fleming Public School",20071010
008,BRAMPTON WEST,35,10,17,1,13,0,"Brampton",140, ,0,0,0,76,286,"Beatty-Fleming Public School",20071010
008,BRAMPTON WEST,21,9,12,1,5,0,"Brampton",141, ,1,0,0,49,179,"Beatty-Fleming Public School",20071010
008,BRAMPTON WEST,29,10,38,1,9,0,"Brampton",142, ,0,0,0,87,241,"Beatty-Fleming Public School",20071010
008,BRAMPTON WEST,41,9,38,0,19,2,"Brampton",143, ,0,0,0,109,284,"Beatty-Fleming Public School",20071010
008,BRAMPTON WEST,..........................NO POLL HELD........................,,,,,,"Brampton",144, ,0,0,0,0,0,"",20071010
008,BRAMPTON WEST,..........................NO POLL HELD........................,,,,,,"Brampton",145s, ,0,0,0,0,0,"",20071010
008,BRAMPTON WEST,50,15,32,0,28,3,"Brampton",146, ,1,0,0,129,277,"McHugh Public School",20071010
008,BRAMPTON WEST,44,16,40,0,21,1,"Brampton",147, ,0,0,0,122,415,"Glendale Public School",20071010
008,BRAMPTON WEST,82,10,62,0,41,3,"Brampton",148, ,0,0,0,198,319,"McHugh Public School",20071010
008,BRAMPTON WEST,92,31,72,0,27,5,"Brampton",149, ,2,1,1,231,407,"Cardinal Leger Secondary School",20071010
008,BRAMPTON WEST,61,37,68,0,19,1,"Brampton",150, ,1,0,0,187,364,"Cardinal Leger Secondary School",20071010
008,BRAMPTON WEST,46,11,23,0,9,1,"Brampton",151, ,1,1,0,92,283,"Cardinal Leger Secondary School",20071010
008,BRAMPTON WEST,75,13,58,1,9,2,"Brampton",152, ,0,0,0,158,348,"Helen Wilson Public School",20071010
008,BRAMPTON WEST,97,33,83,1,17,1,"Brampton",153, ,0,0,0,232,386,"Helen Wilson Public School",20071010
008,BRAMPTON WEST,11,6,20,0,1,5,"Brampton",154s, ,1,1,0,45,141,"Tullamore Nursing Home",20071010
008,BRAMPTON WEST,103,24,87,0,16,4,"Brampton",155, ,0,0,3,237,435,"Sir Wilfred Laurier Public School",20071010
008,BRAMPTON WEST,13,12,31,0,7,0,"Brampton",156, ,0,0,0,63,331,"Sir Wilfred Laurier Public School",20071010
008,BRAMPTON WEST,46,26,57,0,9,1,"Brampton",157, ,1,0,0,140,511,"Sir Wilfred Laurier Public School",20071010
008,BRAMPTON WEST,40,15,114,1,5,4,"Brampton",158, ,0,0,0,179,406,"Worthington Public School",20071010
008,BRAMPTON WEST,56,22,53,0,10,2,"Brampton",159, ,0,0,0,143,342,"Worthington Public School",20071010
008,BRAMPTON WEST,56,17,76,0,12,2,"Brampton",160, ,0,0,0,163,351,"Worthington Public School",20071010
008,BRAMPTON WEST,47,11,60,0,12,2,"Brampton",161, ,2,0,0,134,360,"Worthington Public School",20071010
008,BRAMPTON WEST,42,10,39,4,8,0,"Brampton",162, ,0,0,0,103,282,"Worthington Public School",20071010
008,BRAMPTON WEST,44,15,58,0,9,0,"Brampton",163, ,1,0,0,127,372,"Worthington Public School",20071010
008,BRAMPTON WEST,32,9,43,0,9,0,"Brampton",164, ,0,0,0,93,273,"Worthington Public School",20071010
008,BRAMPTON WEST,28,10,57,0,5,0,"Brampton",165, ,0,1,0,101,322,"Worthington Public School",20071010
008,BRAMPTON WEST,37,9,80,2,11,1,"Brampton",166, ,1,1,0,142,426,"Guardian Angels Elementary School",20071010
008,BRAMPTON WEST,..........................NO POLL HELD........................,,,,,,"Brampton",167, ,0,0,0,0,0,"",20071010
008,BRAMPTON WEST,21,13,62,2,10,3,"Brampton",168, ,0,2,0,113,298,"Homestead Public School",20071010
008,BRAMPTON WEST,44,13,65,2,7,1,"Brampton",169, ,8,0,0,140,437,"Our Lady of Peace School",20071010
008,BRAMPTON WEST,32,18,68,1,11,0,"Brampton",170, ,0,2,0,132,421,"Our Lady of Peace School",20071010
008,BRAMPTON WEST,41,19,109,0,10,0,"Brampton",171, ,4,0,0,183,490,"Our Lady of Peace School",20071010
008,BRAMPTON WEST,72,18,56,0,16,3,"Brampton",172, ,0,2,0,167,464,"Our Lady of Peace School",20071010
008,BRAMPTON WEST,76,23,53,2,14,6,"Brampton",173, ,1,1,0,176,426,"Beatty-Fleming Public School",20071010
008,BRAMPTON WEST,82,17,78,0,15,2,"Brampton",174, ,0,1,0,195,407,"Northwood Public School",20071010
008,BRAMPTON WEST,58,19,31,1,9,0,"Brampton",175, ,0,1,0,119,265,"Beatty-Fleming Public School",20071010
008,BRAMPTON WEST,70,33,71,0,13,3,"Brampton",176, ,0,2,1,193,390,"Beatty-Fleming Public School",20071010
008,BRAMPTON WEST,62,10,44,0,16,2,"Brampton",177, ,1,2,0,137,320,"Beatty-Fleming Public School",20071010
008,BRAMPTON WEST,51,11,30,0,19,3,"Brampton",178, ,2,0,0,116,250,"McHugh Public School",20071010
008,BRAMPTON WEST,70,13,67,1,25,3,"Brampton",179, ,1,1,0,181,386,"McHugh Public School",20071010
008,BRAMPTON WEST,61,11,27,1,49,1,"Brampton",180, ,0,0,0,150,255,"McHugh Public School",20071010
008,BRAMPTON WEST,36,13,30,2,9,1,"Brampton",181, ,0,3,0,94,245,"Centennial Senior Public School",20071010
008,BRAMPTON WEST,95,18,73,1,16,2,"Brampton",182, ,0,1,0,206,387,"Helen Wilson Public School",20071010
008,BRAMPTON WEST,93,16,67,0,17,1,"Brampton",183, ,0,0,0,194,367,"Helen Wilson Public School",20071010
008,BRAMPTON WEST,122,14,87,0,18,3,"Brampton",184, ,0,0,0,244,418,"St. Francis Xavier Separate School",20071010
008,BRAMPTON WEST,104,22,61,0,23,5,"Brampton",185, ,0,0,0,215,392,"St. Francis Xavier Separate School",20071010
008,BRAMPTON WEST,116,20,63,0,21,2,"Brampton",186, ,0,0,0,222,381,"Sir Wilfred Laurier Public School",20071010
008,BRAMPTON WEST,69,27,82,1,22,6,"Brampton",187, ,7,1,0,215,393,"Sir Wilfred Laurier Public School",20071010
008,BRAMPTON WEST,..........................NO POLL HELD........................,,,,,,"Brampton",188, ,0,0,0,0,0,"",20071010
008,BRAMPTON WEST,52,18,27,0,7,4,"Brampton",189, ,1,1,0,110,258,"St. Edmund Campion Secondary School",20071010
008,BRAMPTON WEST,45,22,77,0,7,2,"Brampton",190, ,0,0,0,153,370,"Our Lady of Peace School",20071010
008,BRAMPTON WEST,49,19,70,0,13,0,"Brampton",191, ,0,0,0,151,390,"Our Lady of Peace School",20071010
008,BRAMPTON WEST,54,16,86,0,22,1,"Brampton",192, ,1,0,0,180,494,"Our Lady of Peace School",20071010
008,BRAMPTON WEST,84,28,112,3,18,0,"Brampton",193, ,2,2,2,251,547,"Our Lady of Peace School",20071010
008,BRAMPTON WEST,84,17,64,0,18,1,"Brampton",194, ,1,0,1,186,432,"Northwood Public School",20071010
008,BRAMPTON WEST,102,15,88,0,22,3,"Brampton",195, ,3,1,0,234,483,"Northwood Public School",20071010
008,BRAMPTON WEST,83,36,57,1,20,2,"Brampton",196, ,1,0,0,200,414,"Northwood Public School",20071010
008,BRAMPTON WEST,68,10,57,0,1,1,"Brampton",197, ,0,0,0,137,340,"McHugh Public School",20071010
008,BRAMPTON WEST,90,23,52,0,14,0,"Brampton",198, ,1,0,0,180,390,"McHugh Public School",20071010
008,BRAMPTON WEST,39,12,67,0,8,2,"Brampton",199, ,0,0,0,128,343,"Ridgeview Public School",20071010
008,BRAMPTON WEST,78,8,43,1,19,3,"Brampton",200, ,0,0,0,152,237,"Ridgeview Public School",20071010
008,BRAMPTON WEST,81,20,62,0,43,5,"Brampton",201, ,0,0,0,211,418,"Centennial Senior Public School",20071010
008,BRAMPTON WEST,112,14,74,1,17,6,"Brampton",202, ,1,0,0,225,356,"Ridgeview Public School",20071010
008,BRAMPTON WEST,124,23,80,0,24,2,"Brampton",203, ,0,3,1,257,442,"Centennial Senior Public School",20071010
008,BRAMPTON WEST,44,13,30,0,6,1,"Brampton",204, ,2,0,0,96,287,"Centennial Senior Public School",20071010
008,BRAMPTON WEST,71,17,63,0,11,1,"Brampton",205, ,0,1,1,165,334,"Bishop Francis Allen Elementary School",20071010
008,BRAMPTON WEST,120,21,94,0,21,2,"Brampton",206, ,0,0,0,258,401,"St. Francis Xavier Separate School",20071010
008,BRAMPTON WEST,98,30,88,1,19,0,"Brampton",207, ,1,1,0,238,390,"St. Francis Xavier Separate School",20071010
008,BRAMPTON WEST,105,21,71,0,17,1,"Brampton",208, ,0,0,0,215,376,"St. Francis Xavier Separate School",20071010
008,BRAMPTON WEST,..........................NO POLL HELD........................,,,,,,"Brampton",209, ,0,0,0,0,0,"",20071010
008,BRAMPTON WEST,126,27,103,0,11,2,"Brampton",210, ,1,0,0,270,571,"Northwood Public School",20071010
008,BRAMPTON WEST,49,13,102,1,11,3,"Brampton",211, ,1,0,0,180,483,"St. Monica Elementary School",20071010
008,BRAMPTON WEST,50,30,72,0,5,2,"Brampton",212, ,0,2,0,161,390,"St. Monica Elementary School",20071010
008,BRAMPTON WEST,56,13,72,1,14,0,"Brampton",213, ,0,0,0,156,399,"St. Monica Elementary School",20071010
008,BRAMPTON WEST,106,18,67,1,19,1,"Brampton",214, ,2,0,0,214,398,"Ridgeview Public School",20071010
008,BRAMPTON WEST,77,17,77,1,10,6,"Brampton",215, ,0,1,1,190,371,"Brampton Centennial Secondary School",20071010
008,BRAMPTON WEST,40,9,65,2,9,1,"Brampton",216, ,2,1,0,129,287,"Brampton Centennial Secondary School",20071010
008,BRAMPTON WEST,47,20,86,1,16,1,"Brampton",217, ,0,1,0,172,431,"Bishop Francis Allen Elementary School",20071010
008,BRAMPTON WEST,39,15,62,1,15,1,"Brampton",218, ,0,0,0,133,417,"Bishop Francis Allen Elementary School",20071010
008,BRAMPTON WEST,48,24,60,0,9,1,"Brampton",219, ,1,1,0,144,358,"St. Monica Elementary School",20071010
008,BRAMPTON WEST,12,6,16,0,1,1,"Brampton",220s, ,0,3,0,39,123,"Burton Manor",20071010
008,BRAMPTON WEST,63,13,123,3,10,1,"Brampton",221, ,2,1,0,216,505,"St. Monica Elementary School",20071010
008,BRAMPTON WEST,54,21,109,1,16,5,"Brampton",222, ,3,1,0,210,466,"St. Monica Elementary School",20071010
008,BRAMPTON WEST,59,12,86,1,8,0,"Brampton",223, ,0,0,0,166,378,"St. Augustine Secondary School",20071010
008,BRAMPTON WEST,68,10,65,0,7,2,"Brampton",224, ,2,0,0,154,342,"St. Augustine Secondary School",20071010
008,BRAMPTON WEST,77,16,82,0,21,1,"Brampton",225, ,0,0,0,197,486,"St. Brigid Separate School",20071010
008,BRAMPTON WEST,64,26,93,1,8,0,"Brampton",226, ,1,0,1,194,406,"St. Brigid Separate School",20071010
008,BRAMPTON WEST,23,12,34,0,10,1,"Brampton",227, ,0,0,0,80,169,"Brampton Centennial Secondary School",20071010
008,BRAMPTON WEST,66,23,105,0,20,2,"Brampton",228, ,0,3,0,219,475,"St. Brigid Separate School",20071010
008,BRAMPTON WEST,55,22,104,2,24,4,"Brampton",229, ,2,0,0,213,524,"Brampton Centennial Secondary School",20071010
008,BRAMPTON WEST,42,11,96,1,12,2,"Brampton",230, ,2,0,0,166,466,"Brampton Centennial Secondary School",20071010
008,BRAMPTON WEST,52,27,37,0,15,1,"Brampton",231, ,1,0,0,133,326,"Brampton Centennial Secondary School",20071010
008,BRAMPTON WEST,140,20,90,1,15,3,"Brampton",232, ,0,0,0,269,600,"Lionhead Golf and Country Club",20071010
008,BRAMPTON WEST,41,17,65,0,21,0,"Brampton",233, ,2,1,0,147,323,"St. Augustine Secondary School",20071010
008,BRAMPTON WEST,33,10,59,1,12,0,"Brampton",234, ,0,1,0,116,314,"St. Augustine Secondary School",20071010
008,BRAMPTON WEST,34,17,146,0,7,1,"Brampton",235, ,0,0,0,205,436,"St. Brigid Separate School",20071010
008,BRAMPTON WEST,33,10,117,0,1,2,"Brampton",236, ,0,0,0,163,366,"St. Brigid Separate School",20071010
008,BRAMPTON WEST,49,10,88,0,17,2,"Brampton",237, ,0,0,0,166,348,"St. Brigid Separate School",20071010
008,BRAMPTON WEST,25,16,117,1,13,1,"Brampton",238, ,1,3,0,177,492,"Morton Way Public School",20071010
008,BRAMPTON WEST,44,18,95,1,16,0,"Brampton",239, ,0,1,0,175,500,"Morton Way Public School",20071010
008,BRAMPTON WEST,25,11,92,0,12,1,"Brampton",240, ,1,1,0,143,433,"Morton Way Public School",20071010
008,BRAMPTON WEST,26,14,82,0,13,2,"Brampton",241, ,2,0,0,139,376,"Hickory Wood Public School",20071010
008,BRAMPTON WEST,248,25,75,2,11,7,"Brampton",242s, ,0,1,0,369,506,"Faith Manor",20071010
008,BRAMPTON WEST,36,18,45,0,9,4,"Brampton",243, ,0,0,0,112,306,"St. Brigid Separate School",20071010
008,BRAMPTON WEST,48,17,75,0,10,5,"Brampton",244, ,0,0,0,155,405,"Morton Way Public School",20071010
008,BRAMPTON WEST,36,12,102,0,4,0,"Brampton",245, ,1,0,0,155,409,"Morton Way Public School",20071010
008,BRAMPTON WEST,37,18,82,1,9,1,"Brampton",246, ,1,1,0,150,421,"Morton Way Public School",20071010
008,BRAMPTON WEST,18,14,60,0,6,0,"Brampton",247, ,1,0,0,99,359,"Morton Way Public School",20071010
008,BRAMPTON WEST,35,17,62,0,0,1,"Brampton",248, ,6,0,0,121,414,"Hickory Wood Public School",20071010
008,BRAMPTON WEST,21,17,50,1,7,4,"Brampton",249, ,8,2,0,110,320,"Hickory Wood Public School",20071010
008,BRAMPTON WEST,23,12,106,3,9,1,"Brampton",250, ,12,0,1,167,488,"Hickory Wood Public School",20071010
008,BRAMPTON WEST,24,16,86,0,8,1,"Brampton",251, ,0,1,0,136,393,"Hickory Wood Public School",20071010
008,BRAMPTON WEST,110,9,28,1,8,6,"Brampton",252s, ,1,0,2,165,174,"Grace Manor",20071010
008,BRAMPTON WEST,15,6,102,1,7,1,"Brampton",253, ,1,0,0,133,414,"Pauline Vanier Catholic School",20071010
008,BRAMPTON WEST,27,20,86,2,14,1,"Brampton",254, ,0,0,0,150,435,"Pauline Vanier Catholic School",20071010
008,BRAMPTON WEST,24,11,46,1,7,4,"Brampton",255, ,0,0,0,93,272,"Roberta Bondar Public School",20071010
008,BRAMPTON WEST,19,5,68,0,7,2,"Brampton",256, ,0,0,0,101,269,"Roberta Bondar Public School",20071010
008,BRAMPTON WEST,24,6,61,0,2,0,"Brampton",257, ,1,0,0,94,243,"Roberta Bondar Public School",20071010
008,BRAMPTON WEST,16,10,92,1,6,0,"Brampton",258, ,0,0,1,126,347,"Hickory Wood Public School",20071010
008,BRAMPTON WEST,26,12,98,0,13,1,"Brampton",259, ,1,1,0,152,402,"Hickory Wood Public School",20071010
008,BRAMPTON WEST,29,5,122,1,15,2,"Brampton",260, ,0,1,0,175,423,"Hickory Wood Public School",20071010
008,BRAMPTON WEST,13,9,83,1,2,0,"Brampton",261, ,0,0,0,108,279,"Pauline Vanier Catholic School",20071010
008,BRAMPTON WEST,16,4,142,1,6,0,"Brampton",262, ,1,0,0,170,412,"Pauline Vanier Catholic School",20071010
008,BRAMPTON WEST,29,14,90,0,5,1,"Brampton",263, ,0,0,1,140,385,"Hickory Wood Public School",20071010
008,BRAMPTON WEST,17,7,107,1,7,2,"Brampton",264, ,0,0,3,144,425,"Pauline Vanier Catholic School",20071010
008,BRAMPTON WEST,16,10,169,1,5,0,"Brampton",265, ,1,0,0,202,539,"Pauline Vanier Catholic School",20071010
008,BRAMPTON WEST,9,8,188,1,5,0,"Brampton",266, ,0,0,0,211,481,"Pauline Vanier Catholic School",20071010
008,BRAMPTON WEST,89,22,62,1,23,4,"Brampton",267, ,0,3,1,205,406,"Huttonville Public School",20071010
008,BRAMPTON WEST,33,13,33,0,11,0,"Brampton",268, ,5,0,0,95,256,"Lionhead Golf and Country Club",20071010
008,BRAMPTON WEST,25,24,58,0,5,1,"Brampton",269, ,6,0,0,119,343,"Roberta Bondar Public School",20071010
008,BRAMPTON WEST,56,15,112,1,7,2,"Brampton",270, ,0,3,0,196,436,"Roberta Bondar Public School",20071010
008,BRAMPTON WEST,47,6,100,0,10,2,"Brampton",271, ,3,0,0,168,369,"Roberta Bondar Public School",20071010
008,BRAMPTON WEST,47,11,74,0,12,0,"Brampton",272, ,2,0,0,146,388,"Lionhead Golf and Country Club",20071010
008,BRAMPTON WEST,52,7,68,2,12,1,"Brampton",273, ,1,0,0,143,336,"Roberta Bondar Public School",20071010
008,BRAMPTON WEST,76,12,79,0,7,1,"Brampton",274, ,1,0,0,176,507,"Lionhead Golf and Country Club",20071010
008,BRAMPTON WEST,41,9,43,0,16,4,"Brampton",275, ,3,0,0,116,258,"Huttonville Public School",20071010
008,BRAMPTON WEST,64,17,108,0,9,0,"Brampton",276, ,0,0,0,198,508,"Lionhead Golf and Country Club",20071010
008,BRAMPTON WEST,..........................NO POLL HELD........................,,,,,,"Brampton",400, ,0,0,0,0,0,"",20071010
008,BRAMPTON WEST,46,16,48,0,5,0,"Brampton",401, ,0,0,0,115,414,"Agnes Taylor Public School",20071010
008,BRAMPTON WEST,14,15,37,1,6,2,"Brampton",402, ,1,1,0,77,120,"22 Beech Street",20071010
008,BRAMPTON WEST,17,10,48,1,10,1,"Brampton",403, ,1,2,0,90,294,"Sir Winston Churchill Public School",20071010
008,BRAMPTON WEST,27,23,35,1,9,1,"Brampton",404, ,0,0,0,96,355,"Sir Winston Churchill Public School",20071010
008,BRAMPTON WEST,48,15,46,0,19,4,"Brampton",405, ,0,0,0,132,322,"Central Public School Recreation Centre",20071010
008,BRAMPTON WEST,54,7,26,0,13,0,"Brampton",406, ,3,0,0,103,159,"1 Belvedere Court",20071010
008,BRAMPTON WEST,12,11,38,1,3,1,"Brampton",407, ,4,0,0,70,107,"Senior Citizens Apartment",20071010
008,BRAMPTON WEST,..........................NO POLL HELD........................,,,,,,"Brampton",408, ,0,0,0,0,0,"",20071010
008,BRAMPTON WEST,14,12,20,0,6,1,"Brampton",409, ,0,0,0,53,149,"Union Village",20071010
008,BRAMPTON WEST,8,8,13,0,2,0,"Brampton",410, ,0,0,0,31,184,"Helen Wilson Public School",20071010
008,BRAMPTON WEST,..........................NO POLL HELD........................,,,,,,"Brampton",411, ,0,0,0,0,0,"",20071010
008,BRAMPTON WEST,9,15,48,1,4,1,"Brampton",412, ,0,0,0,78,344,"McHugh Public School",20071010
008,BRAMPTON WEST,48,19,37,1,8,2,"Brampton",413, ,1,0,0,116,347,"Sir Wilfred Laurier Public School",20071010
008,BRAMPTON WEST,45,24,44,0,5,2,"Brampton",414, ,0,0,0,120,185,"Elder Square Apartment",20071010
008,BRAMPTON WEST,28,23,30,3,9,2,"Brampton",415, ,0,2,0,97,186,"Golfview Towers",20071010
008,BRAMPTON WEST,40,11,59,0,8,1,"Brampton",416, ,2,0,0,121,183,"Pinnacle I",20071010
008,BRAMPTON WEST,71,20,38,1,6,1,"Brampton",417, ,0,2,0,139,211,"Pinnacle II",20071010
008,BRAMPTON WEST,56,20,54,0,6,3,"Brampton",418, ,3,3,0,145,229,"Pinnacle III",20071010
008,BRAMPTON WEST,18,15,44,2,10,0,"Brampton",419, ,1,2,0,92,308,"85 Charolais Boulevard",20071010
008,BRAMPTON WEST,26,10,49,0,7,0,"Brampton",420, ,0,1,0,93,341,"85 Charolais Boulevard",20071010
008,BRAMPTON WEST,12,11,28,1,10,0,"Brampton",421, ,0,0,0,62,272,"85 Charolais Boulevard",20071010
008,BRAMPTON WEST,25,15,38,0,10,1,"Brampton",422, ,0,0,1,90,260,"85 Charolais Boulevard",20071010
008,BRAMPTON WEST,33,22,38,0,6,0,"Brampton",423, ,11,0,0,110,291,"210 Steeles Avenue West",20071010
008,BRAMPTON WEST,21,18,52,1,2,0,"Brampton",424, ,0,0,0,94,236,"220 Steeles Avenue West",20071010
008,BRAMPTON WEST,..........................NO POLL HELD........................,,,,,,"Brampton",425, ,0,0,0,0,0,"",20071010
008,BRAMPTON WEST,87,8,24,0,2,2,"Brampton",426, ,0,1,0,124,153,"35 Kingknoll Drive",20071010
008,BRAMPTON WEST,12,11,32,1,2,0,"Brampton",427, ,0,0,0,58,143,"7820 McLaughlin Road",20071010
008,BRAMPTON WEST,621,179,1076,7,121,15,"Brampton",Advanced Polls /  ADV001, ,20,7,2,2048,0,"Returning Office / Bureau du directeur du scrutin",20071010
008,BRAMPTON WEST,342,85,419,4,84,8,"Brampton",Advanced Polls /  ADV002, ,3,4,0,949,0,"Chris Gibson Recreation Centre",20071010
008,BRAMPTON WEST,51,13,194,1,20,2,"Brampton",Advanced Polls /  ADV003, ,0,0,0,281,0,"Morton Way Public School",20071010
008,BRAMPTON WEST,93,31,230,2,9,4,"Brampton",Advanced Polls /  ADV004, ,1,2,0,372,0,"Fletcher's Meadow Secondary School",20071010
008,BRAMPTON WEST,45,10,73,2,4,5,"Brampton",Advanced Polls /  ADV005, ,1,0,0,140,0,"Burnt Elm Public School",20071010
TOTALS:, ,15120,4901,20746,185,3471,488, , , , , , , , , , 
