ED_CODE,ED_NAME,CROWE,HAINES,HUNDAL,KULAR,NAIL,PLACE_NAME,POLL_NUMBER,RURAL_INDICATOR,REJECTED,UNMARKED,DECLINED,VOTER_TURNOUT,ELECTORS,POLL_LOCATION,POLL_DATE
006,BRAMALEA--GORE--MALTON,19,18,74,71,2,"Brampton",001, ,3,2,0,189,389,"St. Patrick Catholic School",20071010
006,BRAMALEA--GORE--MALTON,21,27,75,73,6,"Brampton",002, ,1,0,0,203,448,"St. Patrick Catholic School",20071010
006,BRAMALEA--GORE--MALTON,18,12,61,105,1,"Brampton",003, ,2,1,0,200,451,"Mount Royal Public School",20071010
006,BRAMALEA--GORE--MALTON,6,23,39,71,1,"Brampton",004, ,2,0,0,142,333,"Mount Royal Public School",20071010
006,BRAMALEA--GORE--MALTON,15,10,28,40,1,"Brampton",005, ,0,0,0,94,239,"Mount Royal Public School",20071010
006,BRAMALEA--GORE--MALTON,19,28,55,115,0,"Brampton",006, ,2,0,0,219,449,"Mount Royal Public School",20071010
006,BRAMALEA--GORE--MALTON,11,28,55,98,4,"Brampton",007, ,3,0,0,199,512,"St. Patrick Catholic School",20071010
006,BRAMALEA--GORE--MALTON,16,40,53,140,5,"Brampton",008, ,0,1,0,255,449,"Mount Royal Public School",20071010
006,BRAMALEA--GORE--MALTON,13,44,52,73,1,"Brampton",009, ,0,4,0,187,415,"Mount Royal Public School",20071010
006,BRAMALEA--GORE--MALTON,9,18,62,118,0,"Brampton",010, ,0,0,0,207,460,"Holy Spirit Catholic Elementary School",20071010
006,BRAMALEA--GORE--MALTON,8,13,56,92,3,"Brampton",011, ,3,2,0,177,501,"Holy Spirit Catholic Elementary School",20071010
006,BRAMALEA--GORE--MALTON,16,6,57,60,0,"Brampton",012, ,1,0,0,140,439,"Thorndale Public School",20071010
006,BRAMALEA--GORE--MALTON,20,3,60,97,1,"Brampton",013, ,1,1,1,184,387,"Thorndale Public School",20071010
006,BRAMALEA--GORE--MALTON,10,6,41,97,0,"Brampton",014, ,1,0,0,155,469,"Thorndale Public School",20071010
006,BRAMALEA--GORE--MALTON,12,9,33,80,3,"Brampton",015, ,0,1,0,138,371,"Thorndale Public School",20071010
006,BRAMALEA--GORE--MALTON,8,3,25,65,1,"Brampton",016, ,0,0,0,102,424,"Thorndale Public School",20071010
006,BRAMALEA--GORE--MALTON,......................COMBINED WITH POLL 008 ....................,,,,,"Brampton",017, ,,,,,,"Mount Royal Public School",20071010
006,BRAMALEA--GORE--MALTON,8,17,60,57,1,"Brampton",018, ,0,1,0,144,375,"Eagle Plains Public School",20071010
006,BRAMALEA--GORE--MALTON,11,11,82,79,2,"Brampton",019, ,0,3,4,192,518,"Eagle Plains Public School",20071010
006,BRAMALEA--GORE--MALTON,6,21,69,103,2,"Brampton",020, ,0,0,0,201,498,"Eagle Plains Public School",20071010
006,BRAMALEA--GORE--MALTON,9,12,60,100,0,"Brampton",021, ,2,0,0,183,401,"Holy Spirit Catholic Elementary School",20071010
006,BRAMALEA--GORE--MALTON,5,13,34,61,1,"Brampton",022, ,0,0,0,114,291,"Treeline Public School",20071010
006,BRAMALEA--GORE--MALTON,6,12,47,97,2,"Brampton",023, ,2,0,0,166,467,"Treeline Public School",20071010
006,BRAMALEA--GORE--MALTON,10,8,37,56,1,"Brampton",024, ,0,0,0,112,352,"Red Willow Public School",20071010
006,BRAMALEA--GORE--MALTON,6,3,17,30,0,"Brampton",025, ,1,0,0,57,148,"Red Willow Public School",20071010
006,BRAMALEA--GORE--MALTON,13,5,46,99,1,"Brampton",026, ,1,3,0,168,396,"Clairville Public School",20071010
006,BRAMALEA--GORE--MALTON,10,5,54,110,1,"Brampton",027, ,2,1,0,183,447,"Clairville Public School",20071010
006,BRAMALEA--GORE--MALTON,13,13,51,121,1,"Brampton",028, ,2,1,0,202,532,"Thorndale Public School",20071010
006,BRAMALEA--GORE--MALTON,13,4,48,89,2,"Brampton",029, ,0,0,0,156,418,"Clairville Public School",20071010
006,BRAMALEA--GORE--MALTON,4,5,34,89,0,"Brampton",030, ,0,0,1,133,447,"Thorndale Public School",20071010
006,BRAMALEA--GORE--MALTON,13,10,46,75,1,"Brampton",031, ,0,0,0,145,463,"Thorndale Public School",20071010
006,BRAMALEA--GORE--MALTON,8,8,17,61,1,"Brampton",032, ,3,0,0,98,218,"Mountain Ash Middle School",20071010
006,BRAMALEA--GORE--MALTON,9,2,30,62,0,"Brampton",033, ,0,0,0,103,270,"Eagle Plains Public School",20071010
006,BRAMALEA--GORE--MALTON,8,1,36,61,1,"Brampton",034, ,1,0,0,108,288,"Eagle Plains Public School",20071010
006,BRAMALEA--GORE--MALTON,8,14,45,103,0,"Brampton",035, ,1,2,0,173,401,"Eagle Plains Public School",20071010
006,BRAMALEA--GORE--MALTON,2,11,42,147,1,"Brampton",036, ,0,0,0,203,492,"Eagle Plains Public School",20071010
006,BRAMALEA--GORE--MALTON,11,10,65,136,3,"Brampton",037, ,5,0,0,230,532,"Mountain Ash Middle School",20071010
006,BRAMALEA--GORE--MALTON,10,13,57,99,3,"Brampton",038, ,1,0,0,183,452,"Treeline Public School",20071010
006,BRAMALEA--GORE--MALTON,8,11,41,122,0,"Brampton",039, ,0,1,0,183,482,"Treeline Public School",20071010
006,BRAMALEA--GORE--MALTON,10,16,62,132,2,"Brampton",040, ,2,1,0,225,532,"Treeline Public School",20071010
006,BRAMALEA--GORE--MALTON,7,10,68,93,1,"Brampton",041, ,0,4,0,183,507,"Holy Spirit Catholic Elementary School",20071010
006,BRAMALEA--GORE--MALTON,12,5,46,122,0,"Brampton",042, ,0,1,0,186,451,"Red Willow Public School",20071010
006,BRAMALEA--GORE--MALTON,8,4,42,93,2,"Brampton",043, ,2,0,0,151,392,"Red Willow Public School",20071010
006,BRAMALEA--GORE--MALTON,26,17,36,105,3,"Brampton",044, ,2,3,0,192,490,"Red Willow Public School",20071010
006,BRAMALEA--GORE--MALTON,10,7,45,85,0,"Brampton",045, ,2,0,0,149,387,"Red Willow Public School",20071010
006,BRAMALEA--GORE--MALTON,9,8,28,86,1,"Brampton",046, ,0,1,0,133,306,"Red Willow Public School",20071010
006,BRAMALEA--GORE--MALTON,20,16,36,73,3,"Brampton",047, ,0,0,0,148,334,"Calderstone Middle School",20071010
006,BRAMALEA--GORE--MALTON,11,8,26,78,3,"Brampton",048, ,3,0,0,129,272,"Calderstone Middle School",20071010
006,BRAMALEA--GORE--MALTON,7,7,23,42,0,"Brampton",049, ,0,0,0,79,132,"Calderstone Middle School",20071010
006,BRAMALEA--GORE--MALTON,10,15,28,54,1,"Brampton",050, ,0,0,3,111,284,"Calderstone Middle School",20071010
006,BRAMALEA--GORE--MALTON,8,8,49,78,4,"Brampton",051, ,2,0,0,149,406,"Clairville Public School",20071010
006,BRAMALEA--GORE--MALTON,11,7,70,132,1,"Brampton",052, ,0,3,0,224,522,"Clairville Public School",20071010
006,BRAMALEA--GORE--MALTON,12,5,39,68,0,"Brampton",053, ,1,0,0,125,385,"Clairville Public School",20071010
006,BRAMALEA--GORE--MALTON,12,10,28,64,0,"Brampton",054, ,1,0,0,115,367,"Clairville Public School",20071010
006,BRAMALEA--GORE--MALTON,8,4,20,39,0,"Brampton",055, ,0,0,0,71,179,"Mountain Ash Middle School",20071010
006,BRAMALEA--GORE--MALTON,6,10,43,76,3,"Brampton",056, ,1,0,0,139,413,"Mountain Ash Middle School",20071010
006,BRAMALEA--GORE--MALTON,16,9,71,112,1,"Brampton",057, ,3,2,0,214,614,"Mountain Ash Middle School",20071010
006,BRAMALEA--GORE--MALTON,14,7,46,116,1,"Brampton",058, ,0,0,0,184,470,"Mountain Ash Middle School",20071010
006,BRAMALEA--GORE--MALTON,10,7,38,79,1,"Brampton",059, ,0,0,0,135,416,"Mountain Ash Middle School",20071010
006,BRAMALEA--GORE--MALTON,5,8,65,100,1,"Brampton",060, ,1,0,0,180,490,"Robert J. Lee Public School",20071010
006,BRAMALEA--GORE--MALTON,25,8,66,82,1,"Brampton",061, ,0,0,0,182,449,"Father Clair Tipping School",20071010
006,BRAMALEA--GORE--MALTON,29,11,38,88,2,"Brampton",062, ,0,1,0,169,466,"Father Clair Tipping School",20071010
006,BRAMALEA--GORE--MALTON,10,4,33,60,1,"Brampton",063, ,2,0,0,110,420,"Robert J. Lee Public School",20071010
006,BRAMALEA--GORE--MALTON,6,5,26,48,0,"Brampton",064, ,3,0,0,88,327,"Robert J. Lee Public School",20071010
006,BRAMALEA--GORE--MALTON,5,11,18,54,2,"Brampton",065, ,1,0,0,91,342,"Father Clair Tipping School",20071010
006,BRAMALEA--GORE--MALTON,12,17,35,70,1,"Brampton",066, ,0,0,0,135,389,"Red Willow Public School",20071010
006,BRAMALEA--GORE--MALTON,15,9,64,94,1,"Brampton",067, ,0,0,1,184,394,"Clairville Public School",20071010
006,BRAMALEA--GORE--MALTON,20,4,51,85,0,"Brampton",068, ,0,2,0,162,444,"Clairville Public School",20071010
006,BRAMALEA--GORE--MALTON,10,16,44,107,2,"Brampton",069, ,4,3,0,186,468,"Robert J. Lee Public School",20071010
006,BRAMALEA--GORE--MALTON,23,10,37,49,2,"Brampton",070, ,0,0,0,121,339,"Robert J. Lee Public School",20071010
006,BRAMALEA--GORE--MALTON,18,16,48,103,3,"Brampton",071, ,0,3,0,191,483,"Robert J. Lee Public School",20071010
006,BRAMALEA--GORE--MALTON,20,7,57,114,1,"Brampton",072, ,2,1,0,202,513,"Father Clair Tipping School",20071010
006,BRAMALEA--GORE--MALTON,10,2,44,68,3,"Brampton",073, ,0,0,0,127,390,"Father Clair Tipping School",20071010
006,BRAMALEA--GORE--MALTON,19,17,44,65,0,"Brampton",074, ,1,0,0,146,425,"Father Clair Tipping School",20071010
006,BRAMALEA--GORE--MALTON,14,3,22,62,0,"Brampton",075, ,2,0,0,103,342,"Father Clair Tipping School",20071010
006,BRAMALEA--GORE--MALTON,8,8,34,55,0,"Brampton",076, ,3,0,0,108,332,"Father Clair Tipping School",20071010
006,BRAMALEA--GORE--MALTON,9,4,15,16,3,"Brampton",077s, ,1,0,0,48,149,"Leisureworld Caregiving Centre",20071010
006,BRAMALEA--GORE--MALTON,17,7,41,74,3,"Brampton",078, ,1,0,0,143,402,"Robert J. Lee Public School",20071010
006,BRAMALEA--GORE--MALTON,13,8,43,83,2,"Brampton",079, ,0,0,0,149,381,"Robert J. Lee Public School",20071010
006,BRAMALEA--GORE--MALTON,8,14,35,78,0,"Brampton",080, ,0,1,0,136,465,"Professor's Lake Recreation Centre",20071010
006,BRAMALEA--GORE--MALTON,16,20,38,68,0,"Brampton",081, ,1,0,0,143,435,"Professor's Lake Recreation Centre",20071010
006,BRAMALEA--GORE--MALTON,7,14,26,68,0,"Brampton",082, ,7,0,0,122,434,"Red Willow Public School",20071010
006,BRAMALEA--GORE--MALTON,28,29,54,88,3,"Brampton",083, ,0,2,0,204,511,"Professor's Lake Recreation Centre",20071010
006,BRAMALEA--GORE--MALTON,17,36,43,75,4,"Brampton",084, ,0,0,0,175,385,"Professor's Lake Recreation Centre",20071010
006,BRAMALEA--GORE--MALTON,23,27,77,67,1,"Brampton",085, ,2,0,0,197,427,"Professor's Lake Recreation Centre",20071010
006,BRAMALEA--GORE--MALTON,18,24,59,60,2,"Brampton",086, ,0,0,0,163,417,"Professor's Lake Recreation Centre",20071010
006,BRAMALEA--GORE--MALTON,24,9,20,94,3,"Brampton",087, ,1,1,0,152,456,"St. John Bosco Catholic School",20071010
006,BRAMALEA--GORE--MALTON,18,10,34,69,1,"Mississauga",088, ,0,2,0,134,416,"Brandon Gate Public School",20071010
006,BRAMALEA--GORE--MALTON,23,30,64,63,6,"Brampton",089, ,0,0,1,187,417,"Massey Street Public School",20071010
006,BRAMALEA--GORE--MALTON,24,30,47,72,3,"Brampton",090, ,0,1,0,177,400,"St. Anthony Catholic School",20071010
006,BRAMALEA--GORE--MALTON,21,32,94,95,1,"Brampton",091, ,0,2,0,245,525,"Professor's Lake Recreation Centre",20071010
006,BRAMALEA--GORE--MALTON,31,30,97,79,0,"Brampton",092, ,0,0,0,237,484,"St. John Bosco Catholic School",20071010
006,BRAMALEA--GORE--MALTON,32,32,60,62,1,"Brampton",093, ,3,2,1,193,454,"St. John Bosco Catholic School",20071010
006,BRAMALEA--GORE--MALTON,25,24,50,47,0,"Brampton",094, ,0,0,0,146,398,"Jefferson Public School",20071010
006,BRAMALEA--GORE--MALTON,30,16,38,40,1,"Brampton",095, ,0,1,0,126,345,"Jefferson Public School",20071010
006,BRAMALEA--GORE--MALTON,23,26,74,86,2,"Brampton",096, ,0,0,0,211,484,"Jefferson Public School",20071010
006,BRAMALEA--GORE--MALTON,41,26,78,68,1,"Brampton",097, ,0,1,1,216,453,"Grenoble Public School",20071010
006,BRAMALEA--GORE--MALTON,21,17,82,62,3,"Brampton",098, ,2,0,0,187,442,"Grenoble Public School",20071010
006,BRAMALEA--GORE--MALTON,18,11,39,62,2,"Mississauga",099, ,1,1,0,134,417,"Darcel Avenue Senior Public School",20071010
006,BRAMALEA--GORE--MALTON,31,10,45,58,0,"Brampton",100, ,0,1,0,145,388,"Massey Street Public School",20071010
006,BRAMALEA--GORE--MALTON,19,7,14,31,2,"Brampton",101, ,0,0,0,73,240,"Massey Street Public School",20071010
006,BRAMALEA--GORE--MALTON,29,28,52,75,0,"Brampton",102, ,0,0,0,184,426,"Massey Street Public School",20071010
006,BRAMALEA--GORE--MALTON,36,31,45,62,2,"Brampton",103, ,1,0,0,177,400,"St. Anthony Catholic School",20071010
006,BRAMALEA--GORE--MALTON,15,10,33,46,3,"Brampton",104, ,0,1,0,108,296,"St. Anthony Catholic School",20071010
006,BRAMALEA--GORE--MALTON,15,13,20,34,1,"Brampton",105, ,0,1,0,84,209,"St. Anthony Catholic School",20071010
006,BRAMALEA--GORE--MALTON,30,34,65,85,1,"Brampton",106, ,1,1,0,217,416,"Massey Street Public School",20071010
006,BRAMALEA--GORE--MALTON,14,8,14,30,0,"Brampton",107, ,0,0,0,66,174,"St. Anthony Catholic School",20071010
006,BRAMALEA--GORE--MALTON,31,23,66,62,4,"Brampton",108, ,1,0,0,187,421,"Mother Mary Ward Catholic School",20071010
006,BRAMALEA--GORE--MALTON,25,44,45,76,2,"Brampton",109, ,4,2,0,198,453,"St. Anthony Catholic School",20071010
006,BRAMALEA--GORE--MALTON,30,51,64,88,2,"Brampton",110, ,1,0,0,236,495,"Williams Parkway Senior Public School",20071010
006,BRAMALEA--GORE--MALTON,32,19,85,84,6,"Brampton",111, ,0,1,0,227,456,"Jefferson Public School",20071010
006,BRAMALEA--GORE--MALTON,40,24,65,64,1,"Brampton",112, ,0,0,0,194,392,"St. Jean-Brebeuf Catholic School",20071010
006,BRAMALEA--GORE--MALTON,32,28,60,43,1,"Brampton",113, ,2,0,0,166,379,"St. Jean-Brebeuf Catholic School",20071010
006,BRAMALEA--GORE--MALTON,25,13,56,53,0,"Brampton",114, ,1,0,0,148,371,"St. Jean-Brebeuf Catholic School",20071010
006,BRAMALEA--GORE--MALTON,21,13,19,24,1,"Brampton",115, ,0,0,0,78,234,"St. Jean-Brebeuf Catholic School",20071010
006,BRAMALEA--GORE--MALTON,32,32,70,58,5,"Brampton",116, ,1,1,0,199,550,"Grenoble Public School",20071010
006,BRAMALEA--GORE--MALTON,41,20,39,41,1,"Brampton",117, ,1,0,0,143,337,"Goldcrest Public School",20071010
006,BRAMALEA--GORE--MALTON,..........................NO POLL HELD........................,,,,,"Brampton",118, ,0,0,0,0,0,"",20071010
006,BRAMALEA--GORE--MALTON,42,31,53,74,5,"Brampton",119, ,0,0,0,205,470,"Goldcrest Public School",20071010
006,BRAMALEA--GORE--MALTON,34,25,54,51,2,"Brampton",120, ,7,0,0,173,413,"Grenoble Public School",20071010
006,BRAMALEA--GORE--MALTON,19,33,76,82,0,"Brampton",121, ,1,0,0,211,404,"Goldcrest Public School",20071010
006,BRAMALEA--GORE--MALTON,24,19,43,61,2,"Brampton",122, ,1,1,0,151,414,"Fallingdale Public School",20071010
006,BRAMALEA--GORE--MALTON,14,7,22,53,0,"Mississauga",123, ,0,0,0,96,367,"St. Raphael Catholic School",20071010
006,BRAMALEA--GORE--MALTON,23,27,35,86,1,"Mississauga",124, ,3,3,0,178,460,"Brandon Gate Public School",20071010
006,BRAMALEA--GORE--MALTON,16,10,26,88,4,"Mississauga",125, ,1,3,0,148,372,"Brandon Gate Public School",20071010
006,BRAMALEA--GORE--MALTON,15,7,37,97,6,"Mississauga",126, ,0,1,1,164,454,"Brandon Gate Public School",20071010
006,BRAMALEA--GORE--MALTON,21,6,36,65,3,"Mississauga",127, ,1,1,0,133,396,"Darcel Avenue Senior Public School",20071010
006,BRAMALEA--GORE--MALTON,19,12,40,94,1,"Mississauga",128, ,0,0,0,166,511,"Darcel Avenue Senior Public School",20071010
006,BRAMALEA--GORE--MALTON,29,46,52,96,3,"Brampton",129, ,1,2,0,229,477,"Mother Mary Ward Catholic School",20071010
006,BRAMALEA--GORE--MALTON,15,18,47,65,2,"Brampton",130, ,1,0,0,148,337,"Mother Mary Ward Catholic School",20071010
006,BRAMALEA--GORE--MALTON,11,26,54,82,2,"Brampton",131, ,2,0,1,178,402,"Mother Mary Ward Catholic School",20071010
006,BRAMALEA--GORE--MALTON,35,28,94,99,4,"Brampton",132, ,1,0,1,262,464,"Williams Parkway Senior Public School",20071010
006,BRAMALEA--GORE--MALTON,26,45,69,72,2,"Brampton",133, ,1,1,0,216,485,"Williams Parkway Senior Public School",20071010
006,BRAMALEA--GORE--MALTON,26,17,46,41,1,"Brampton",134, ,0,0,0,131,390,"Hilldale Public School",20071010
006,BRAMALEA--GORE--MALTON,29,21,42,49,0,"Brampton",135, ,0,1,0,142,367,"Hilldale Public School",20071010
006,BRAMALEA--GORE--MALTON,29,24,47,34,4,"Brampton",136, ,0,0,0,138,334,"Hilldale Public School",20071010
006,BRAMALEA--GORE--MALTON,24,29,90,63,1,"Brampton",137, ,1,1,0,209,446,"Goldcrest Public School",20071010
006,BRAMALEA--GORE--MALTON,28,21,59,52,4,"Brampton",138, ,0,0,0,164,410,"Goldcrest Public School",20071010
006,BRAMALEA--GORE--MALTON,16,18,30,40,1,"Brampton",139, ,0,0,2,107,270,"Goldcrest Public School",20071010
006,BRAMALEA--GORE--MALTON,21,27,55,49,1,"Brampton",140, ,1,0,0,154,384,"Fallingdale Public School",20071010
006,BRAMALEA--GORE--MALTON,17,22,39,29,2,"Brampton",141, ,0,0,0,109,340,"Fallingdale Public School",20071010
006,BRAMALEA--GORE--MALTON,22,17,69,43,1,"Brampton",142, ,0,0,0,152,365,"Eastbourne Drive Public School",20071010
006,BRAMALEA--GORE--MALTON,25,21,59,53,2,"Brampton",143, ,0,1,0,161,370,"Fallingdale Public School",20071010
006,BRAMALEA--GORE--MALTON,14,15,20,37,0,"Brampton",144, ,4,0,0,90,267,"Eastbourne Drive Public School",20071010
006,BRAMALEA--GORE--MALTON,17,15,30,77,5,"Mississauga",145, ,2,0,0,146,398,"St. Raphael Catholic School",20071010
006,BRAMALEA--GORE--MALTON,14,11,21,58,2,"Mississauga",146, ,2,0,0,108,461,"Brandon Gate Public School",20071010
006,BRAMALEA--GORE--MALTON,14,13,31,98,2,"Mississauga",147, ,1,0,0,159,477,"Brandon Gate Public School",20071010
006,BRAMALEA--GORE--MALTON,11,5,24,77,3,"Mississauga",148, ,1,0,0,121,400,"St. Raphael Catholic School",20071010
006,BRAMALEA--GORE--MALTON,11,5,10,43,1,"Mississauga",149, ,0,1,0,71,232,"Holy Cross Catholic School",20071010
006,BRAMALEA--GORE--MALTON,18,9,34,118,1,"Mississauga",150, ,2,0,0,182,511,"Brandon Gate Public School",20071010
006,BRAMALEA--GORE--MALTON,20,13,46,92,3,"Mississauga",151, ,2,0,0,176,475,"Holy Cross Catholic School",20071010
006,BRAMALEA--GORE--MALTON,17,4,39,91,1,"Mississauga",152, ,0,0,0,152,450,"Dunrankin Drive Public School",20071010
006,BRAMALEA--GORE--MALTON,21,15,32,116,1,"Mississauga",153, ,2,3,0,190,484,"Holy Cross Catholic School",20071010
006,BRAMALEA--GORE--MALTON,16,10,47,96,0,"Mississauga",154, ,1,0,0,170,455,"Dunrankin Drive Public School",20071010
006,BRAMALEA--GORE--MALTON,14,5,30,96,3,"Mississauga",155, ,2,0,0,150,456,"Holy Cross Catholic School",20071010
006,BRAMALEA--GORE--MALTON,14,12,21,75,2,"Mississauga",156, ,2,1,0,127,378,"Dunrankin Drive Public School",20071010
006,BRAMALEA--GORE--MALTON,19,9,22,75,3,"Mississauga",157, ,1,0,0,129,415,"Dunrankin Drive Public School",20071010
006,BRAMALEA--GORE--MALTON,34,22,59,57,4,"Brampton",158, ,0,0,0,176,431,"Lester B. Pearson Public School",20071010
006,BRAMALEA--GORE--MALTON,40,29,58,38,3,"Brampton",159, ,0,0,0,168,377,"Hanover Public School",20071010
006,BRAMALEA--GORE--MALTON,30,18,42,75,1,"Brampton",160, ,0,1,0,167,391,"Lester B. Pearson Public School",20071010
006,BRAMALEA--GORE--MALTON,23,16,49,44,1,"Brampton",161, ,1,0,0,134,346,"Lester B. Pearson Public School",20071010
006,BRAMALEA--GORE--MALTON,24,16,40,44,2,"Brampton",162, ,0,0,0,126,314,"Lester B. Pearson Public School",20071010
006,BRAMALEA--GORE--MALTON,36,16,58,60,2,"Brampton",163, ,0,0,0,172,352,"Hanover Public School",20071010
006,BRAMALEA--GORE--MALTON,18,11,43,65,1,"Brampton",164, ,0,1,0,139,420,"Fallingdale Public School",20071010
006,BRAMALEA--GORE--MALTON,15,6,21,80,5,"Brampton",165, ,2,1,0,130,459,"Fallingdale Public School",20071010
006,BRAMALEA--GORE--MALTON,19,8,16,36,0,"Brampton",166, ,0,1,0,80,308,"Earnscliffe Senior Public School",20071010
006,BRAMALEA--GORE--MALTON,35,32,49,45,3,"Brampton",167, ,0,0,0,164,380,"Earnscliffe Senior Public School",20071010
006,BRAMALEA--GORE--MALTON,40,28,80,74,0,"Brampton",168, ,0,3,0,225,415,"Earnscliffe Senior Public School",20071010
006,BRAMALEA--GORE--MALTON,21,26,74,61,1,"Brampton",169, ,0,0,0,183,451,"Earnscliffe Senior Public School",20071010
006,BRAMALEA--GORE--MALTON,34,22,61,98,4,"Brampton",170, ,1,2,0,222,444,"Eastbourne Drive Public School",20071010
006,BRAMALEA--GORE--MALTON,30,45,80,46,1,"Brampton",171, ,2,0,0,204,389,"Dorest Drive Public School",20071010
006,BRAMALEA--GORE--MALTON,25,19,54,65,2,"Brampton",172, ,0,0,1,166,432,"Eastbourne Drive Public School",20071010
006,BRAMALEA--GORE--MALTON,18,13,28,63,1,"Mississauga",173, ,0,0,0,123,378,"Marvin Heights Public School",20071010
006,BRAMALEA--GORE--MALTON,16,7,39,88,2,"Mississauga",174, ,0,1,0,153,425,"Marvin Heights Public School",20071010
006,BRAMALEA--GORE--MALTON,13,11,41,63,0,"Mississauga",175, ,0,0,0,128,392,"Marvin Heights Public School",20071010
006,BRAMALEA--GORE--MALTON,17,6,29,83,2,"Mississauga",176, ,0,3,0,140,447,"Marvin Heights Public School",20071010
006,BRAMALEA--GORE--MALTON,7,7,46,83,1,"Mississauga",177, ,0,2,0,146,381,"St. Raphael Catholic School",20071010
006,BRAMALEA--GORE--MALTON,16,10,44,85,0,"Mississauga",178, ,0,0,0,155,385,"St. Raphael Catholic School",20071010
006,BRAMALEA--GORE--MALTON,21,2,46,96,1,"Mississauga",179, ,2,0,0,168,475,"Ridgewood Public School",20071010
006,BRAMALEA--GORE--MALTON,22,19,21,115,0,"Mississauga",180, ,2,0,0,179,411,"Ridgewood Public School",20071010
006,BRAMALEA--GORE--MALTON,15,11,21,60,0,"Mississauga",181, ,0,0,0,107,366,"Ridgewood Public School",20071010
006,BRAMALEA--GORE--MALTON,23,8,37,76,4,"Mississauga",182, ,0,1,0,149,445,"Dunrankin Drive Public School",20071010
006,BRAMALEA--GORE--MALTON,18,14,33,58,0,"Mississauga",183, ,3,0,0,126,412,"Dunrankin Drive Public School",20071010
006,BRAMALEA--GORE--MALTON,12,3,6,33,2,"Mississauga",184s, ,0,4,0,60,149,"Malton Village",20071010
006,BRAMALEA--GORE--MALTON,11,6,8,36,1,"Mississauga",185, ,1,0,0,63,310,"Dunrankin Drive Public School",20071010
006,BRAMALEA--GORE--MALTON,27,29,32,52,1,"Brampton",186, ,2,0,0,143,356,"Hanover Public School",20071010
006,BRAMALEA--GORE--MALTON,16,26,34,63,3,"Brampton",187, ,11,0,1,154,291,"Clark Boulevard Public School",20071010
006,BRAMALEA--GORE--MALTON,29,18,43,58,1,"Brampton",188, ,1,0,0,150,356,"Clark Boulevard Public School",20071010
006,BRAMALEA--GORE--MALTON,30,39,43,69,11,"Brampton",189, ,4,1,0,197,532,"St. John Fisher Secondary School",20071010
006,BRAMALEA--GORE--MALTON,19,21,43,48,2,"Brampton",190, ,0,0,0,133,297,"Aloma Crescent Public School",20071010
006,BRAMALEA--GORE--MALTON,16,9,30,37,1,"Brampton",191, ,2,0,0,95,229,"Dorest Drive Public School",20071010
006,BRAMALEA--GORE--MALTON,42,21,75,77,3,"Brampton",192, ,0,0,0,218,411,"Dorest Drive Public School",20071010
006,BRAMALEA--GORE--MALTON,31,30,65,85,1,"Brampton",193, ,2,0,1,215,444,"Dorest Drive Public School",20071010
006,BRAMALEA--GORE--MALTON,22,20,50,48,4,"Brampton",194, ,1,0,0,145,271,"Dorest Drive Public School",20071010
006,BRAMALEA--GORE--MALTON,23,33,48,58,3,"Brampton",195, ,0,0,0,165,357,"Dorest Drive Public School",20071010
006,BRAMALEA--GORE--MALTON,22,7,37,91,8,"Mississauga",196, ,4,0,0,169,387,"Marvin Heights Public School",20071010
006,BRAMALEA--GORE--MALTON,15,13,53,92,0,"Mississauga",197, ,3,1,2,179,467,"Morning Star Middle School",20071010
006,BRAMALEA--GORE--MALTON,8,6,35,76,1,"Mississauga",198, ,2,1,0,129,437,"Morning Star Middle School",20071010
006,BRAMALEA--GORE--MALTON,20,4,35,80,0,"Mississauga",199, ,1,0,0,140,448,"Morning Star Middle School",20071010
006,BRAMALEA--GORE--MALTON,27,10,20,47,3,"Mississauga",200, ,0,2,0,109,303,"Morning Star Middle School",20071010
006,BRAMALEA--GORE--MALTON,16,11,56,110,0,"Mississauga",201, ,1,0,1,195,467,"Ridgewood Public School",20071010
006,BRAMALEA--GORE--MALTON,11,15,31,71,3,"Mississauga",202, ,0,0,0,131,375,"Ridgewood Public School",20071010
006,BRAMALEA--GORE--MALTON,17,34,34,60,2,"Mississauga",203, ,0,0,0,147,383,"Ridgewood Public School",20071010
006,BRAMALEA--GORE--MALTON,31,21,64,55,1,"Brampton",204, ,0,0,0,172,365,"St. John Fisher Secondary School",20071010
006,BRAMALEA--GORE--MALTON,33,33,56,61,0,"Brampton",205, ,0,0,0,183,374,"St. John Fisher Secondary School",20071010
006,BRAMALEA--GORE--MALTON,38,29,54,73,2,"Brampton",206, ,5,0,0,201,379,"Birchbank Public School",20071010
006,BRAMALEA--GORE--MALTON,31,35,91,88,5,"Brampton",207, ,1,1,0,252,424,"St. John Fisher Secondary School",20071010
006,BRAMALEA--GORE--MALTON,43,30,56,62,4,"Brampton",208, ,1,0,0,196,373,"Aloma Crescent Public School",20071010
006,BRAMALEA--GORE--MALTON,27,34,54,42,4,"Brampton",209, ,1,0,0,162,371,"Aloma Crescent Public School",20071010
006,BRAMALEA--GORE--MALTON,35,18,45,60,0,"Brampton",210, ,1,0,0,159,344,"Aloma Crescent Public School",20071010
006,BRAMALEA--GORE--MALTON,27,22,49,47,2,"Brampton",211, ,0,0,0,147,329,"Birchbank Public School",20071010
006,BRAMALEA--GORE--MALTON,35,36,53,60,7,"Brampton",212, ,0,0,0,191,397,"Birchbank Public School",20071010
006,BRAMALEA--GORE--MALTON,34,36,57,57,3,"Brampton",213, ,0,0,0,187,442,"Dorest Drive Public School",20071010
006,BRAMALEA--GORE--MALTON,8,5,19,31,2,"Mississauga",214, ,0,0,0,65,267,"Morning Star Middle School",20071010
006,BRAMALEA--GORE--MALTON,11,22,39,34,1,"Mississauga",215, ,1,0,1,109,298,"Morning Star Middle School",20071010
006,BRAMALEA--GORE--MALTON,8,6,24,45,0,"Mississauga",216, ,0,0,0,83,317,"Morning Star Middle School",20071010
006,BRAMALEA--GORE--MALTON,44,42,58,51,2,"Brampton",217, ,0,1,0,198,371,"Birchbank Public School",20071010
006,BRAMALEA--GORE--MALTON,8,6,25,33,0,"Mississauga",218, ,0,0,0,72,279,"Ridgewood Public School",20071010
006,BRAMALEA--GORE--MALTON,23,20,22,37,1,"Mississauga",219, ,2,0,0,105,325,"Morning Star Middle School",20071010
006,BRAMALEA--GORE--MALTON,8,2,8,23,0,"Brampton",400, ,0,2,0,43,55,"5 Dayspring Common Centre",20071010
006,BRAMALEA--GORE--MALTON,25,20,60,57,7,"Brampton",401, ,0,1,0,170,191,"5 Dayspring Common Centre",20071010
006,BRAMALEA--GORE--MALTON,......................COMBINED WITH POLL 401 ....................,,,,,"Brampton",402, ,,,,,,"5 Dayspring Common Centre",20071010
006,BRAMALEA--GORE--MALTON,19,5,14,22,0,"Brampton",403, ,0,0,0,60,295,"800 Clark Apartment Complex",20071010
006,BRAMALEA--GORE--MALTON,26,16,28,34,1,"Mississauga",404, ,1,0,0,106,252,"7280 Darcel Apartment Building",20071010
006,BRAMALEA--GORE--MALTON,32,13,41,87,1,"Brampton",405, ,1,3,0,178,347,"4 Hanover Apartment Building",20071010
006,BRAMALEA--GORE--MALTON,27,19,45,85,4,"Brampton",406, ,0,0,0,180,337,"2 Hanover Apartment Building",20071010
006,BRAMALEA--GORE--MALTON,26,4,30,35,0,"Brampton",407, ,0,0,0,95,186,"10 Kensington Apartment Building",20071010
006,BRAMALEA--GORE--MALTON,24,13,33,85,2,"Brampton",408, ,2,1,0,160,310,"15 Kensington Apartment Building",20071010
006,BRAMALEA--GORE--MALTON,13,5,10,41,4,"Brampton",409, ,1,0,0,74,144,"4 Knightsbridge Apartment Building",20071010
006,BRAMALEA--GORE--MALTON,12,9,17,35,2,"Brampton",410, ,0,0,0,75,152,"10 Knightsbridge Apartment Building",20071010
006,BRAMALEA--GORE--MALTON,26,11,50,80,5,"Brampton",411, ,3,1,0,176,264,"25 Kensington Apartment Building",20071010
006,BRAMALEA--GORE--MALTON,36,16,64,118,3,"Brampton",412, ,1,1,0,239,485,"18 Knightsbridge Apartment Building",20071010
006,BRAMALEA--GORE--MALTON,21,4,23,45,1,"Brampton",413, ,0,0,0,94,187,"11 Knightsbridge Apartment Building",20071010
006,BRAMALEA--GORE--MALTON,25,6,26,84,1,"Brampton",414, ,1,0,0,143,263,"17 Knightsbridge Apartment Building",20071010
006,BRAMALEA--GORE--MALTON,23,6,22,53,0,"Brampton",415, ,17,2,0,123,284,"5 Kingscross Apartment Building",20071010
006,BRAMALEA--GORE--MALTON,24,11,27,94,1,"Brampton",416, ,0,0,0,157,275,"21 Knightsbridge Apartment Building",20071010
006,BRAMALEA--GORE--MALTON,24,11,47,69,3,"Brampton",417, ,0,2,0,156,351,"4 Kingscross Apartment Building",20071010
006,BRAMALEA--GORE--MALTON,25,11,15,36,2,"Brampton",418, ,0,0,0,89,190,"37 Eastbourne Apartment Building",20071010
006,BRAMALEA--GORE--MALTON,14,10,30,39,2,"Brampton",419, ,0,0,0,95,211,"15 Eastbourne Apartment Building",20071010
006,BRAMALEA--GORE--MALTON,8,2,16,36,0,"Mississauga",420, ,2,0,0,64,101,"3425 Morningstar Apartment Building",20071010
006,BRAMALEA--GORE--MALTON,10,2,9,39,4,"Mississauga",421, ,0,2,0,66,106,"3420 Morningstar Apartment Building",20071010
006,BRAMALEA--GORE--MALTON,0,5,14,71,2,"Mississauga",422, ,4,0,0,96,175,"7340 Ridgewood Goreway",20071010
006,BRAMALEA--GORE--MALTON,18,7,15,50,1,"Mississauga",423, ,0,0,0,91,256,"7230 Darcel Apartment Building",20071010
006,BRAMALEA--GORE--MALTON,13,5,11,28,2,"Mississauga",424, ,1,0,0,60,167,"7170 Darcel Apartment Building",20071010
006,BRAMALEA--GORE--MALTON,12,5,26,30,0,"Mississauga",425, ,0,0,0,73,135,"7110 Darcel Apartment Building",20071010
006,BRAMALEA--GORE--MALTON,7,8,19,38,0,"Mississauga",426, ,0,1,0,73,175,"3577 Derry Apartment Building",20071010
006,BRAMALEA--GORE--MALTON,15,2,16,64,0,"Mississauga",427, ,3,1,0,101,184,"3533 Derry Apartment Building",20071010
006,BRAMALEA--GORE--MALTON,9,4,9,54,1,"Mississauga",428, ,0,0,0,77,153,"7095 Rexwood Apartment Building",20071010
006,BRAMALEA--GORE--MALTON,21,11,38,58,1,"Brampton",429, ,0,1,0,130,281,"26 Hanover Apartment Building",20071010
006,BRAMALEA--GORE--MALTON,15,21,60,88,2,"Brampton",430, ,0,0,0,186,315,"24 Hanover Apartment Building",20071010
006,BRAMALEA--GORE--MALTON,19,27,62,87,2,"Brampton",431, ,0,0,0,197,342,"22 Hanover Apartment Building",20071010
006,BRAMALEA--GORE--MALTON,26,9,26,74,1,"Brampton",432, ,2,1,0,139,313,"3 Knightsbridge Apartment Building",20071010
006,BRAMALEA--GORE--MALTON,7,5,21,54,0,"Brampton",433, ,0,0,0,87,152,"501/503 Balmoral Apartment Buildings",20071010
006,BRAMALEA--GORE--MALTON,4,1,23,47,0,"Mississauga",434, ,1,0,0,76,157,"3555 Derry Apartment Building",20071010
006,BRAMALEA--GORE--MALTON,20,20,28,35,2,"Brampton",435, ,0,1,0,106,183,"78 Braemar Apartment (Clark House)",20071010
006,BRAMALEA--GORE--MALTON,51,39,357,256,7,"Brampton",Advanced Polls /  ADV001, ,7,0,0,717,0,"Returning Office / Bureau du directeur du scrutin",20071010
006,BRAMALEA--GORE--MALTON,74,80,239,350,13,"Brampton",Advanced Polls /  ADV002, ,5,2,0,763,0,"Terry Miller Recreation Centre",20071010
006,BRAMALEA--GORE--MALTON,16,9,71,192,2,"Brampton",Advanced Polls /  ADV003, ,2,2,0,294,0,"Sandalwood Heights Secondary School",20071010
006,BRAMALEA--GORE--MALTON,10,7,61,129,0,"Brampton",Advanced Polls /  ADV004, ,0,0,0,207,0,"Calderstone Middle School",20071010
006,BRAMALEA--GORE--MALTON,30,27,75,120,2,"Brampton",Advanced Polls /  ADV005, ,1,1,0,256,0,"Folkstone Public School",20071010
006,BRAMALEA--GORE--MALTON,68,45,275,459,10,"Mississauga",Advanced Polls /  ADV006, ,2,0,0,859,0,"Malton Community Centre",20071010
TOTALS:, ,5016,4120,11934,19106,471, , , , , , , , , , 
