ED_CODE,ED_NAME,COTTLE,CURRIE,HOLLOWAY,KING,MARCHESE,RUBINO,SAWISION,URSOMARZO,PLACE_NAME,POLL_NUMBER,RURAL_INDICATOR,REJECTED,UNMARKED,DECLINED,VOTER_TURNOUT,ELECTORS,POLL_LOCATION,POLL_DATE
096,TRINITY--SPADINA,0,27,61,13,37,1,2,1,"Toronto",001, ,0,0,0,142,293,"Church of the Messiah",20071010
096,TRINITY--SPADINA,0,52,79,21,39,1,1,0,"Toronto",002, ,1,0,0,194,425,"Church of the Messiah",20071010
096,TRINITY--SPADINA,0,12,73,19,102,1,4,1,"Toronto",003, ,1,0,1,214,447,"St. Alban's Boys & Girls Club",20071010
096,TRINITY--SPADINA,0,29,55,32,97,1,0,0,"Toronto",004, ,1,0,0,215,420,"Huron Street Junior Public School",20071010
096,TRINITY--SPADINA,0,17,56,24,58,1,0,0,"Toronto",005, ,0,0,0,156,390,"Huron Street Junior Public School",20071010
096,TRINITY--SPADINA,0,25,45,20,69,1,0,0,"Toronto",006, ,0,0,1,161,344,"Huron Street Junior Public School",20071010
096,TRINITY--SPADINA,0,15,56,22,76,1,0,0,"Toronto",007, ,0,0,0,170,365,"Huron Street Junior Public School",20071010
096,TRINITY--SPADINA,0,29,55,18,49,0,1,0,"Toronto",008, ,0,1,0,153,340,"Church of the Messiah",20071010
096,TRINITY--SPADINA,..........................NO POLL HELD........................,,,,,,,,"Toronto",009, ,0,0,0,0,0,"",20071010
096,TRINITY--SPADINA,2,19,38,33,119,2,0,0,"Toronto",010, ,0,0,0,213,356,"St. Alban's Boys & Girls Club",20071010
096,TRINITY--SPADINA,2,10,41,30,100,1,1,0,"Toronto",011, ,0,0,0,185,332,"St. Alban's Boys & Girls Club",20071010
096,TRINITY--SPADINA,0,27,43,21,91,0,1,1,"Toronto",012, ,0,1,0,185,449,"St. Alban's Boys & Girls Club",20071010
096,TRINITY--SPADINA,0,17,31,28,92,0,0,1,"Toronto",013, ,2,0,0,171,354,"St. Alban's Boys & Girls Club",20071010
096,TRINITY--SPADINA,0,10,55,27,93,0,0,0,"Toronto",014, ,0,1,0,186,401,"St. Alban's Boys & Girls Club",20071010
096,TRINITY--SPADINA,0,9,10,2,8,0,1,0,"Toronto",015s, ,0,0,0,30,44,"The Annex Retirement Residence",20071010
096,TRINITY--SPADINA,0,26,65,28,97,0,2,0,"Toronto",016, ,0,0,0,218,412,"Huron Street Junior Public School",20071010
096,TRINITY--SPADINA,3,10,26,4,20,4,0,0,"Toronto",018s, ,0,1,0,68,148,"Leisureworld Caregiving Centre",20071010
096,TRINITY--SPADINA,..........................NO POLL HELD........................,,,,,,,,"Toronto",019, ,0,0,0,0,0,"",20071010
096,TRINITY--SPADINA,0,31,54,16,49,0,0,0,"Toronto",020, ,0,2,0,152,292,"Huron Street Junior Public School",20071010
096,TRINITY--SPADINA,0,44,68,9,33,0,1,0,"Toronto",021, ,0,0,0,155,336,"Church of the Messiah",20071010
096,TRINITY--SPADINA,0,8,44,22,97,2,1,0,"Toronto",022, ,2,0,0,176,417,"Ukrainian Cultural Centre",20071010
096,TRINITY--SPADINA,3,7,42,15,65,1,0,0,"Toronto",023, ,1,1,0,135,307,"Ukrainian Cultural Centre",20071010
096,TRINITY--SPADINA,1,15,38,26,93,0,1,1,"Toronto",024, ,4,1,0,180,352,"Ukrainian Cultural Centre",20071010
096,TRINITY--SPADINA,0,12,27,15,90,0,5,0,"Toronto",025, ,0,1,0,150,363,"St. Alban's Boys & Girls Club",20071010
096,TRINITY--SPADINA,3,11,66,19,114,2,0,0,"Toronto",026, ,3,0,0,218,392,"St. Alban's Boys & Girls Club",20071010
096,TRINITY--SPADINA,0,17,35,20,144,1,0,1,"Toronto",027, ,0,1,0,219,404,"St. Alban's Boys & Girls Club",20071010
096,TRINITY--SPADINA,0,18,38,29,92,0,0,0,"Toronto",028, ,1,0,0,178,307,"Palmerston Avenue Junior Public School",20071010
096,TRINITY--SPADINA,0,12,39,29,96,2,0,0,"Toronto",029, ,1,0,0,179,378,"Walmer Road Baptist Church",20071010
096,TRINITY--SPADINA,0,22,60,29,97,1,0,0,"Toronto",030, ,1,0,0,210,396,"Walmer Road Baptist Church",20071010
096,TRINITY--SPADINA,0,17,51,41,95,1,2,0,"Toronto",031, ,0,0,0,207,353,"Walmer Road Baptist Church",20071010
096,TRINITY--SPADINA,0,11,49,15,78,0,1,0,"Toronto",032, ,0,0,0,154,223,"Walmer Road Baptist Church",20071010
096,TRINITY--SPADINA,0,24,41,14,79,1,1,0,"Toronto",033, ,10,0,1,171,354,"Native Canadian Centre",20071010
096,TRINITY--SPADINA,0,29,71,39,92,1,0,4,"Toronto",034, ,0,0,0,236,509,"Native Canadian Centre",20071010
096,TRINITY--SPADINA,..........................NO POLL HELD........................,,,,,,,,"Toronto",035, ,0,0,0,0,0,"",20071010
096,TRINITY--SPADINA,1,56,57,10,61,0,0,1,"Toronto",036, ,0,0,0,186,322,"Ontario Institute for Studies in Education",20071010
096,TRINITY--SPADINA,0,42,48,9,24,1,0,0,"Toronto",037, ,0,0,0,124,248,"Ontario Institute for Studies in Education",20071010
096,TRINITY--SPADINA,2,15,47,16,59,0,1,0,"Toronto",038, ,3,2,0,145,326,"Ukrainian Cultural Centre",20071010
096,TRINITY--SPADINA,2,18,66,12,115,1,1,1,"Toronto",039, ,0,1,0,217,422,"Ukrainian Cultural Centre",20071010
096,TRINITY--SPADINA,1,7,46,23,87,0,1,1,"Toronto",040, ,8,0,0,174,365,"Ukrainian Cultural Centre",20071010
096,TRINITY--SPADINA,1,17,62,22,93,2,1,0,"Toronto",041, ,2,2,0,202,406,"Ukrainian Cultural Centre",20071010
096,TRINITY--SPADINA,0,13,56,28,103,1,0,0,"Toronto",042, ,2,0,0,203,398,"Palmerston Avenue Junior Public School",20071010
096,TRINITY--SPADINA,0,8,37,30,98,1,1,0,"Toronto",043, ,0,0,1,176,365,"Palmerston Avenue Junior Public School",20071010
096,TRINITY--SPADINA,3,4,9,4,9,1,3,3,"Toronto",044s, ,2,0,0,38,74,"Vermount Square",20071010
096,TRINITY--SPADINA,2,14,63,28,130,1,0,1,"Toronto",045, ,1,2,0,242,396,"Walmer Road Baptist Church",20071010
096,TRINITY--SPADINA,0,18,40,34,77,0,4,1,"Toronto",046, ,0,0,0,174,291,"Walmer Road Baptist Church",20071010
096,TRINITY--SPADINA,1,9,43,23,75,1,0,0,"Toronto",047, ,1,4,0,157,284,"Walmer Road Baptist Church",20071010
096,TRINITY--SPADINA,0,28,51,15,99,2,0,0,"Toronto",048, ,0,0,1,196,362,"Native Canadian Centre",20071010
096,TRINITY--SPADINA,1,28,59,27,99,3,1,0,"Toronto",049, ,2,0,1,221,411,"Native Canadian Centre",20071010
096,TRINITY--SPADINA,1,34,39,6,22,0,0,0,"Toronto",050, ,2,0,0,104,291,"Ontario Institute for Studies in Education",20071010
096,TRINITY--SPADINA,0,27,64,24,60,1,0,0,"Toronto",051, ,0,2,0,178,408,"Hart House",20071010
096,TRINITY--SPADINA,..........................NO POLL HELD........................,,,,,,,,"Toronto",052, ,0,0,0,0,0,"",20071010
096,TRINITY--SPADINA,1,12,49,18,79,2,2,2,"Toronto",053, ,1,1,0,167,378,"Ukrainian Cultural Centre",20071010
096,TRINITY--SPADINA,0,10,54,18,85,0,2,0,"Toronto",054, ,0,1,0,170,383,"Ukrainian Cultural Centre",20071010
096,TRINITY--SPADINA,5,4,24,6,15,1,2,1,"Toronto",055s, ,4,1,0,63,102,"The O'Neil Centre",20071010
096,TRINITY--SPADINA,0,8,47,22,95,0,4,0,"Toronto",056, ,2,0,0,178,382,"Palmerston Avenue Junior Public School",20071010
096,TRINITY--SPADINA,0,12,49,7,81,1,0,0,"Toronto",057, ,1,1,0,152,323,"Palmerston Avenue Junior Public School",20071010
096,TRINITY--SPADINA,0,11,31,14,73,0,5,1,"Toronto",058, ,0,0,0,135,283,"Palmerston Avenue Junior Public School",20071010
096,TRINITY--SPADINA,0,12,44,37,84,1,4,0,"Toronto",059, ,2,0,0,184,451,"Tranzac Social Club",20071010
096,TRINITY--SPADINA,0,23,52,26,89,1,2,0,"Toronto",060, ,1,1,0,195,434,"Tranzac Social Club",20071010
096,TRINITY--SPADINA,1,14,45,20,108,4,0,0,"Toronto",061, ,1,1,0,194,400,"Tranzac Social Club",20071010
096,TRINITY--SPADINA,1,11,30,27,91,0,2,0,"Toronto",062, ,0,1,0,163,350,"Hart House",20071010
096,TRINITY--SPADINA,0,4,27,11,39,0,0,0,"Toronto",063, ,2,2,0,85,227,"William Doo Auditorium",20071010
096,TRINITY--SPADINA,..........................NO POLL HELD........................,,,,,,,,"Toronto",064, ,0,0,0,0,0,"",20071010
096,TRINITY--SPADINA,0,13,50,16,66,1,0,0,"Toronto",065, ,1,1,0,148,289,"William Doo Auditorium",20071010
096,TRINITY--SPADINA,..........................NO POLL HELD........................,,,,,,,,"Toronto",066, ,0,0,0,0,0,"",20071010
096,TRINITY--SPADINA,1,4,29,6,66,2,0,0,"Toronto",067, ,2,0,0,110,297,"Ukrainian Cultural Centre",20071010
096,TRINITY--SPADINA,1,10,37,23,99,2,1,1,"Toronto",068, ,0,0,0,174,347,"Bob Abate Recreation Centre",20071010
096,TRINITY--SPADINA,0,11,44,20,86,1,2,0,"Toronto",069, ,1,0,0,165,359,"Bob Abate Recreation Centre",20071010
096,TRINITY--SPADINA,1,6,36,18,146,0,1,0,"Toronto",070, ,1,0,0,209,411,"Harbord Collegiate Institute",20071010
096,TRINITY--SPADINA,1,10,62,17,120,2,2,1,"Toronto",071, ,1,2,0,218,384,"Harbord Collegiate Institute",20071010
096,TRINITY--SPADINA,0,23,55,29,81,0,1,0,"Toronto",072, ,0,0,0,189,316,"Harbord Collegiate Institute",20071010
096,TRINITY--SPADINA,1,9,46,28,77,1,3,0,"Toronto",073, ,0,0,0,165,318,"Harbord Collegiate Institute",20071010
096,TRINITY--SPADINA,2,17,58,37,131,3,1,2,"Toronto",074, ,0,0,0,251,539,"Harbord Collegiate Institute",20071010
096,TRINITY--SPADINA,1,10,48,22,99,0,3,0,"Toronto",075, ,2,0,0,185,411,"Tranzac Social Club",20071010
096,TRINITY--SPADINA,0,19,30,29,97,0,0,0,"Toronto",076, ,1,0,0,176,387,"King Edward Junior and Senior Public School",20071010
096,TRINITY--SPADINA,0,5,21,7,20,0,0,0,"Toronto",077, ,0,0,0,53,215,"William Doo Auditorium",20071010
096,TRINITY--SPADINA,1,39,47,39,89,2,1,1,"Toronto",078, ,2,1,0,222,390,"Hart House",20071010
096,TRINITY--SPADINA,..........................NO POLL HELD........................,,,,,,,,"Toronto",079, ,0,0,0,0,0,"",20071010
096,TRINITY--SPADINA,1,10,40,18,77,0,1,0,"Toronto",080, ,0,0,0,147,321,"Bob Abate Recreation Centre",20071010
096,TRINITY--SPADINA,0,5,36,13,89,0,7,1,"Toronto",081, ,3,0,1,155,381,"Bob Abate Recreation Centre",20071010
096,TRINITY--SPADINA,0,21,56,13,113,1,5,0,"Toronto",082, ,0,1,0,210,396,"Bob Abate Recreation Centre",20071010
096,TRINITY--SPADINA,0,9,45,19,83,0,2,1,"Toronto",083, ,2,0,0,161,337,"Bob Abate Recreation Centre",20071010
096,TRINITY--SPADINA,0,8,33,15,115,1,0,0,"Toronto",084, ,1,1,0,174,323,"Harbord Collegiate Institute",20071010
096,TRINITY--SPADINA,1,28,60,19,113,1,5,1,"Toronto",085, ,0,0,0,228,479,"Clinton Street Junior Public School",20071010
096,TRINITY--SPADINA,1,10,43,22,70,2,0,1,"Toronto",086, ,0,3,0,152,356,"King Edward Junior and Senior Public School",20071010
096,TRINITY--SPADINA,0,28,71,43,140,1,3,0,"Toronto",087, ,2,3,0,291,609,"King Edward Junior and Senior Public School",20071010
096,TRINITY--SPADINA,0,10,53,19,97,0,2,0,"Toronto",088, ,0,0,0,181,431,"King Edward Junior and Senior Public School",20071010
096,TRINITY--SPADINA,0,19,30,22,83,0,2,0,"Toronto",089, ,0,0,0,156,448,"King Edward Junior and Senior Public School",20071010
096,TRINITY--SPADINA,0,9,13,2,5,1,0,0,"Toronto",090s, ,0,1,0,31,149,"Kensington Gardens-North",20071010
096,TRINITY--SPADINA,2,6,22,4,14,0,0,0,"Toronto",091s, ,0,0,4,52,205,"Kensington Gardens-South",20071010
096,TRINITY--SPADINA,0,10,44,26,79,0,1,1,"Toronto",093, ,0,0,0,161,361,"King Edward Junior and Senior Public School",20071010
096,TRINITY--SPADINA,0,6,28,19,99,1,0,1,"Toronto",095, ,0,0,0,154,364,"Beverly Public School",20071010
096,TRINITY--SPADINA,1,12,22,10,39,2,0,0,"Toronto",098, ,1,1,0,88,325,"Orde Street Junior Public School",20071010
096,TRINITY--SPADINA,4,17,37,16,99,2,1,0,"Toronto",099, ,1,2,1,180,438,"College Shaw Library",20071010
096,TRINITY--SPADINA,0,12,66,25,132,2,3,1,"Toronto",100, ,0,2,0,243,509,"College Shaw Library",20071010
096,TRINITY--SPADINA,3,13,54,24,100,1,0,0,"Toronto",101, ,2,2,0,199,413,"College Shaw Library",20071010
096,TRINITY--SPADINA,0,10,76,19,122,2,1,0,"Toronto",102, ,0,4,0,234,525,"College Shaw Library",20071010
096,TRINITY--SPADINA,1,20,46,32,125,1,5,1,"Toronto",103, ,1,1,0,233,480,"Clinton Street Junior Public School",20071010
096,TRINITY--SPADINA,1,10,62,22,100,1,2,3,"Toronto",104, ,1,0,1,203,438,"Clinton Street Junior Public School",20071010
096,TRINITY--SPADINA,0,11,42,23,70,1,1,2,"Toronto",105A, ,0,0,0,150,294,"Clinton Street Junior Public School",20071010
096,TRINITY--SPADINA,0,18,39,24,72,0,1,0,"Toronto",105B, ,1,0,0,155,311,"Clinton Street Junior Public School",20071010
096,TRINITY--SPADINA,3,16,52,13,76,1,0,0,"Toronto",106, ,1,3,0,165,438,"Scadding Court Community Centre",20071010
096,TRINITY--SPADINA,0,16,47,20,84,0,0,1,"Toronto",107, ,0,0,0,168,451,"Cecil Community Centre",20071010
096,TRINITY--SPADINA,1,6,95,12,68,2,2,2,"Toronto",108, ,3,0,0,191,441,"Cecil Community Centre",20071010
096,TRINITY--SPADINA,2,5,44,16,69,4,0,0,"Toronto",109, ,0,0,0,140,299,"Cecil Community Centre",20071010
096,TRINITY--SPADINA,0,17,65,16,66,2,1,0,"Toronto",110, ,0,0,0,167,420,"Cecil Community Centre",20071010
096,TRINITY--SPADINA,1,14,48,33,75,0,0,1,"Toronto",111, ,0,1,0,173,442,"Beverly Public School",20071010
096,TRINITY--SPADINA,2,5,13,2,4,2,1,0,"Toronto",112s, ,3,3,0,35,96,"Mon Sheong Home for the Aged",20071010
096,TRINITY--SPADINA,0,18,36,14,58,1,5,0,"Toronto",115, ,3,0,0,135,284,"St. Luke Catholic School",20071010
096,TRINITY--SPADINA,0,7,54,14,68,1,0,0,"Toronto",116, ,0,2,0,146,298,"St. Francis of Assisi Catholic School",20071010
096,TRINITY--SPADINA,0,5,23,17,73,0,3,1,"Toronto",117, ,1,0,0,123,293,"St. Francis of Assisi Catholic School",20071010
096,TRINITY--SPADINA,3,10,41,15,81,2,2,0,"Toronto",118, ,1,0,0,155,400,"College Street United Church",20071010
096,TRINITY--SPADINA,1,19,40,20,99,2,3,4,"Toronto",119, ,1,0,0,189,407,"College Street United Church",20071010
096,TRINITY--SPADINA,1,13,42,13,71,1,0,1,"Toronto",120, ,2,0,0,144,418,"College Street United Church",20071010
096,TRINITY--SPADINA,0,10,42,10,72,0,2,0,"Toronto",121, ,2,4,0,142,296,"College Street United Church",20071010
096,TRINITY--SPADINA,2,9,33,12,74,1,0,0,"Toronto",122, ,0,4,0,135,347,"Scadding Court Community Centre",20071010
096,TRINITY--SPADINA,0,9,30,28,59,0,1,0,"Toronto",123, ,0,1,0,128,425,"Cecil Community Centre",20071010
096,TRINITY--SPADINA,0,6,47,27,89,0,1,0,"Toronto",124, ,0,0,0,170,430,"Cecil Community Centre",20071010
096,TRINITY--SPADINA,0,7,31,19,55,2,0,1,"Toronto",125, ,1,1,0,117,357,"Cecil Community Centre",20071010
096,TRINITY--SPADINA,1,21,27,17,86,0,0,0,"Toronto",126, ,0,3,0,155,449,"Beverly Public School",20071010
096,TRINITY--SPADINA,0,8,49,7,46,0,2,3,"Toronto",127, ,1,0,0,116,415,"Ogden Junior Public School",20071010
096,TRINITY--SPADINA,2,31,60,25,44,5,0,2,"Toronto",128, ,0,1,0,170,223,"University Settlement Recreation Centre",20071010
096,TRINITY--SPADINA,1,26,61,19,58,0,2,2,"Toronto",129, ,0,0,0,169,454,"Housing Connections",20071010
096,TRINITY--SPADINA,0,13,29,20,36,0,1,0,"Toronto",130, ,0,1,1,101,311,"89 Chestnut Residence",20071010
096,TRINITY--SPADINA,..........................NO POLL HELD........................,,,,,,,,"Toronto",131, ,0,0,0,0,0,"",20071010
096,TRINITY--SPADINA,0,6,35,16,106,1,0,1,"Toronto",132, ,2,0,1,168,337,"St. Luke Catholic School",20071010
096,TRINITY--SPADINA,0,9,31,19,91,0,2,0,"Toronto",133, ,0,0,0,152,361,"St. Luke Catholic School",20071010
096,TRINITY--SPADINA,0,12,58,15,94,0,15,0,"Toronto",134, ,0,0,0,194,437,"St. Luke Catholic School",20071010
096,TRINITY--SPADINA,0,17,48,19,71,3,4,1,"Toronto",135, ,6,0,0,169,425,"St. Luke Catholic School",20071010
096,TRINITY--SPADINA,0,14,43,22,80,0,5,0,"Toronto",136, ,2,0,0,166,453,"St. Francis of Assisi Catholic School",20071010
096,TRINITY--SPADINA,0,8,30,4,91,1,1,1,"Toronto",137, ,0,0,0,136,338,"St. Francis of Assisi Catholic School",20071010
096,TRINITY--SPADINA,4,13,45,11,54,1,4,0,"Toronto",138, ,0,1,0,133,334,"Charles G. Fraser Junior Public School",20071010
096,TRINITY--SPADINA,2,18,47,12,53,2,5,0,"Toronto",139, ,1,1,0,141,316,"Scadding Court Community Centre",20071010
096,TRINITY--SPADINA,2,3,50,9,83,4,1,1,"Toronto",140A, ,0,1,0,154,399,"Alexandra Park Community Centre",20071010
096,TRINITY--SPADINA,3,6,44,3,67,2,1,2,"Toronto",140B, ,1,1,0,130,353,"Alexandra Park Community Centre",20071010
096,TRINITY--SPADINA,1,10,40,11,34,1,2,1,"Toronto",141, ,0,1,0,101,272,"Alexandra Park Community Centre",20071010
096,TRINITY--SPADINA,0,47,81,25,65,1,1,0,"Toronto",142, ,0,0,0,220,477,"Ogden Junior Public School",20071010
096,TRINITY--SPADINA,1,18,65,31,76,0,0,1,"Toronto",143, ,1,1,0,194,403,"Ogden Junior Public School",20071010
096,TRINITY--SPADINA,1,10,35,6,41,2,1,0,"Toronto",144, ,10,0,0,106,323,"Senhor Santo Cristo Catholic School",20071010
096,TRINITY--SPADINA,0,4,23,5,35,0,4,2,"Toronto",145, ,2,0,0,75,250,"St. Luke Catholic School",20071010
096,TRINITY--SPADINA,0,1,1,0,1,0,0,0,"Toronto",146s, ,0,0,0,3,26,"Maynard Nursing Home",20071010
096,TRINITY--SPADINA,1,19,55,29,109,0,4,0,"Toronto",147, ,4,0,0,221,456,"Givins/Shaw Junior Public School",20071010
096,TRINITY--SPADINA,0,2,6,1,11,1,0,0,"Toronto",148s, ,2,0,0,23,30,"Bellwoods Park House",20071010
096,TRINITY--SPADINA,0,18,51,17,88,1,6,0,"Toronto",149, ,1,0,17,199,401,"Trinity Recreation Centre",20071010
096,TRINITY--SPADINA,3,14,46,29,108,4,5,0,"Toronto",150, ,1,0,0,210,446,"St. Matthias Anglican Church",20071010
096,TRINITY--SPADINA,0,7,38,11,51,1,1,0,"Toronto",151, ,0,1,0,110,326,"St. Matthias Anglican Church",20071010
096,TRINITY--SPADINA,1,8,23,28,82,2,4,1,"Toronto",152, ,2,0,0,151,363,"St. Matthias Anglican Church",20071010
096,TRINITY--SPADINA,1,13,43,10,71,3,4,0,"Toronto",153, ,1,0,0,146,365,"Charles G. Fraser Junior Public School",20071010
096,TRINITY--SPADINA,1,11,41,17,75,2,5,0,"Toronto",154, ,7,0,0,159,379,"Charles G. Fraser Junior Public School",20071010
096,TRINITY--SPADINA,3,14,39,14,60,1,3,0,"Toronto",155, ,2,4,0,140,422,"Charles G. Fraser Junior Public School",20071010
096,TRINITY--SPADINA,1,12,36,10,70,5,7,2,"Toronto",156, ,0,1,0,144,369,"Scadding Court Community Centre",20071010
096,TRINITY--SPADINA,1,12,35,9,60,1,2,0,"Toronto",157, ,0,0,0,120,393,"Alexandra Park Community Centre",20071010
096,TRINITY--SPADINA,1,40,86,18,97,3,3,0,"Toronto",158, ,0,0,0,248,499,"Portland Place",20071010
096,TRINITY--SPADINA,0,57,78,33,44,0,2,2,"Toronto",159, ,1,0,0,217,570,"Metro Hall",20071010
096,TRINITY--SPADINA,0,11,39,30,90,2,1,1,"Toronto",160, ,1,1,0,176,372,"Senhor Santo Cristo Catholic School",20071010
096,TRINITY--SPADINA,0,9,41,15,72,1,0,0,"Toronto",161, ,1,0,0,139,361,"Senhor Santo Cristo Catholic School",20071010
096,TRINITY--SPADINA,0,12,44,28,79,1,2,0,"Toronto",162, ,2,0,0,168,352,"Givins/Shaw Junior Public School",20071010
096,TRINITY--SPADINA,0,10,21,8,39,0,3,0,"Toronto",163, ,0,1,1,83,222,"St. Matthias Anglican Church",20071010
096,TRINITY--SPADINA,0,15,29,17,75,1,0,2,"Toronto",164, ,1,0,0,140,348,"Niagara Street Junior Public School",20071010
096,TRINITY--SPADINA,1,11,45,13,59,2,3,1,"Toronto",165, ,1,0,0,136,390,"Charles G. Fraser Junior Public School",20071010
096,TRINITY--SPADINA,0,28,82,17,91,2,3,2,"Toronto",166, ,2,0,0,227,486,"St. Mary Catholic School",20071010
096,TRINITY--SPADINA,1,23,51,17,55,0,0,0,"Toronto",167A, ,0,0,0,147,307,"Portland Place",20071010
096,TRINITY--SPADINA,0,22,48,22,46,0,0,0,"Toronto",167B, ,0,0,0,138,345,"Portland Place",20071010
096,TRINITY--SPADINA,0,12,55,13,66,0,3,0,"Toronto",168, ,1,2,0,152,325,"Senhor Santo Cristo Catholic School",20071010
096,TRINITY--SPADINA,0,18,47,13,80,0,0,1,"Toronto",169, ,0,1,0,160,385,"Senhor Santo Cristo Catholic School",20071010
096,TRINITY--SPADINA,2,11,36,7,24,7,3,1,"Toronto",170s, ,2,2,0,95,197,"Centre for Addiction and Mental Health",20071010
096,TRINITY--SPADINA,1,14,46,21,88,0,2,0,"Toronto",171, ,1,0,0,173,467,"Trinity Recreation Centre",20071010
096,TRINITY--SPADINA,1,33,66,26,67,1,5,0,"Toronto",172, ,1,1,0,201,517,"Trinity Recreation Centre",20071010
096,TRINITY--SPADINA,0,14,28,12,49,1,2,1,"Toronto",173, ,1,0,0,108,252,"Trinity Recreation Centre",20071010
096,TRINITY--SPADINA,1,21,50,15,107,1,3,3,"Toronto",174, ,1,0,0,202,501,"Niagara Street Junior Public School",20071010
096,TRINITY--SPADINA,0,20,64,21,67,2,1,0,"Toronto",175, ,0,0,0,175,368,"Niagara Street Junior Public School",20071010
096,TRINITY--SPADINA,0,16,37,24,38,0,1,0,"Toronto",176, ,0,0,0,116,237,"Niagara Street Junior Public School",20071010
096,TRINITY--SPADINA,1,40,78,29,72,1,1,4,"Toronto",177, ,1,0,9,236,484,"St. Mary Catholic School",20071010
096,TRINITY--SPADINA,0,55,67,26,33,0,2,1,"Toronto",178A, ,4,1,0,189,435,"Metro Hall",20071010
096,TRINITY--SPADINA,0,41,59,17,39,0,0,1,"Toronto",178B, ,0,0,0,157,501,"Metro Hall",20071010
096,TRINITY--SPADINA,0,22,57,8,57,1,1,0,"Toronto",179A, ,0,0,0,146,340,"Senhor Santo Cristo Catholic School",20071010
096,TRINITY--SPADINA,0,15,56,11,37,0,2,1,"Toronto",179B, ,0,1,0,123,323,"Senhor Santo Cristo Catholic School",20071010
096,TRINITY--SPADINA,1,16,42,18,37,1,0,0,"Toronto",180A, ,1,1,0,117,284,"Niagara Community Centre",20071010
096,TRINITY--SPADINA,0,21,38,24,39,0,0,1,"Toronto",180B, ,0,0,0,123,285,"Niagara Community Centre",20071010
096,TRINITY--SPADINA,0,29,47,25,43,0,0,1,"Toronto",181A, ,1,0,0,146,365,"Harbourfront Community Centre",20071010
096,TRINITY--SPADINA,0,19,53,13,45,0,0,0,"Toronto",181B, ,0,0,0,130,319,"Harbourfront Community Centre",20071010
096,TRINITY--SPADINA,0,13,39,29,81,0,0,0,"Toronto",182, ,0,1,0,163,377,"Niagara Community Centre",20071010
096,TRINITY--SPADINA,1,40,88,31,79,1,2,0,"Toronto",183A, ,6,1,0,249,507,"Liberty Towers Presentation Centre",20071010
096,TRINITY--SPADINA,0,43,99,55,84,0,0,0,"Toronto",183B, ,2,1,0,284,537,"Liberty Towers Presentation Centre",20071010
096,TRINITY--SPADINA,0,24,24,42,234,0,0,0,"Toronto",184, ,0,1,0,325,498,"Toronto Islands (The Rectory)",20071010
096,TRINITY--SPADINA,..........................NO POLL HELD........................,,,,,,,,"Toronto",400, ,0,0,0,0,0,"",20071010
096,TRINITY--SPADINA,4,16,77,14,102,6,2,3,"Toronto",401, ,7,2,0,233,447,"250 Davenport Road",20071010
096,TRINITY--SPADINA,..........................NO POLL HELD........................,,,,,,,,"Toronto",402, ,0,0,0,0,0,"",20071010
096,TRINITY--SPADINA,..........................NO POLL HELD........................,,,,,,,,"Toronto",403, ,0,0,0,0,0,"",20071010
096,TRINITY--SPADINA,..........................NO POLL HELD........................,,,,,,,,"Toronto",404, ,0,0,0,0,0,"",20071010
096,TRINITY--SPADINA,..........................NO POLL HELD........................,,,,,,,,"Toronto",405, ,0,0,0,0,0,"",20071010
096,TRINITY--SPADINA,..........................NO POLL HELD........................,,,,,,,,"Toronto",406, ,0,0,0,0,0,"",20071010
096,TRINITY--SPADINA,0,13,53,30,89,0,1,0,"Toronto",407, ,2,0,1,189,376,"Native Canadian Centre",20071010
096,TRINITY--SPADINA,..........................NO POLL HELD........................,,,,,,,,"Toronto",408, ,0,0,0,0,0,"",20071010
096,TRINITY--SPADINA,0,33,63,17,63,0,0,0,"Toronto",409, ,0,1,0,177,320,"Ontario Institute for Studies in Education",20071010
096,TRINITY--SPADINA,..........................NO POLL HELD........................,,,,,,,,"Toronto",410, ,0,0,0,0,0,"",20071010
096,TRINITY--SPADINA,0,33,39,9,29,0,0,0,"Toronto",411, ,0,0,0,110,185,"Prince Arthur Apartments",20071010
096,TRINITY--SPADINA,0,26,46,9,27,0,0,1,"Toronto",412, ,0,1,0,110,185,"Prince Arthur Tower",20071010
096,TRINITY--SPADINA,..........................NO POLL HELD........................,,,,,,,,"Toronto",413, ,0,0,0,0,0,"",20071010
096,TRINITY--SPADINA,..........................NO POLL HELD........................,,,,,,,,"Toronto",414, ,0,0,0,0,0,"",20071010
096,TRINITY--SPADINA,1,6,26,5,24,2,1,0,"Toronto",415s, ,0,0,0,65,95,"Wigwamen Terrace",20071010
096,TRINITY--SPADINA,1,23,42,6,85,4,0,1,"Toronto",416, ,2,1,0,165,341,"Senator David Croll Apartments",20071010
096,TRINITY--SPADINA,..........................NO POLL HELD........................,,,,,,,,"Toronto",417, ,0,0,0,0,0,"",20071010
096,TRINITY--SPADINA,0,14,42,18,82,1,1,0,"Toronto",418, ,2,1,0,161,345,"Spadina Towers",20071010
096,TRINITY--SPADINA,0,33,50,12,20,1,0,0,"Toronto",419, ,0,1,0,117,273,"The Penrose",20071010
096,TRINITY--SPADINA,0,45,111,22,53,0,2,0,"Toronto",420, ,3,4,0,240,457,"The Liberties 1",20071010
096,TRINITY--SPADINA,1,19,38,9,30,0,2,0,"Toronto",421, ,0,1,0,100,199,"College Park Apartment",20071010
096,TRINITY--SPADINA,0,39,49,8,25,0,2,0,"Toronto",422, ,0,2,0,125,266,"Conservatory Tower",20071010
096,TRINITY--SPADINA,0,21,50,7,30,2,0,0,"Toronto",423, ,0,3,0,113,211,"Lucliff Place",20071010
096,TRINITY--SPADINA,2,53,93,21,50,3,0,1,"Toronto",424, ,0,1,0,224,484,"The Liberties 1",20071010
096,TRINITY--SPADINA,0,55,97,27,48,1,0,1,"Toronto",425, ,15,2,0,246,430,"Horizon on Bay",20071010
096,TRINITY--SPADINA,..........................NO POLL HELD........................,,,,,,,,"Toronto",426, ,0,0,0,0,0,"",20071010
096,TRINITY--SPADINA,0,36,69,9,32,0,1,3,"Toronto",427, ,2,0,0,152,304,"Minto Plaza",20071010
096,TRINITY--SPADINA,0,17,23,7,27,0,0,0,"Toronto",428, ,0,0,0,74,292,"Orde Street Junior Public School",20071010
096,TRINITY--SPADINA,4,14,37,5,51,0,0,2,"Toronto",429, ,1,0,0,114,188,"Leonardo Court",20071010
096,TRINITY--SPADINA,..........................NO POLL HELD........................,,,,,,,,"Toronto",430, ,0,0,0,0,0,"",20071010
096,TRINITY--SPADINA,..........................NO POLL HELD........................,,,,,,,,"Toronto",431, ,0,0,0,0,0,"",20071010
096,TRINITY--SPADINA,0,13,37,7,51,1,0,0,"Toronto",432, ,0,0,0,109,426,"Beverly Public School",20071010
096,TRINITY--SPADINA,..........................NO POLL HELD........................,,,,,,,,"Toronto",433, ,0,0,0,0,0,"",20071010
096,TRINITY--SPADINA,..........................NO POLL HELD........................,,,,,,,,"Toronto",434, ,0,0,0,0,0,"",20071010
096,TRINITY--SPADINA,0,47,97,26,58,1,2,0,"Toronto",435, ,0,0,0,231,382,"One Park Lane",20071010
096,TRINITY--SPADINA,..........................NO POLL HELD........................,,,,,,,,"Toronto",436, ,0,0,0,0,0,"",20071010
096,TRINITY--SPADINA,..........................NO POLL HELD........................,,,,,,,,"Toronto",437, ,0,0,0,0,0,"",20071010
096,TRINITY--SPADINA,..........................NO POLL HELD........................,,,,,,,,"Toronto",438, ,0,0,0,0,0,"",20071010
096,TRINITY--SPADINA,..........................NO POLL HELD........................,,,,,,,,"Toronto",439, ,0,0,0,0,0,"",20071010
096,TRINITY--SPADINA,..........................NO POLL HELD........................,,,,,,,,"Toronto",440, ,0,0,0,0,0,"",20071010
096,TRINITY--SPADINA,0,7,33,11,37,3,1,0,"Toronto",441, ,0,0,0,92,237,"University Settlement Recreation Centre",20071010
096,TRINITY--SPADINA,0,15,72,16,50,1,0,1,"Toronto",442, ,0,6,0,161,335,"University Settlement Recreation Centre",20071010
096,TRINITY--SPADINA,0,19,43,22,36,2,1,0,"Toronto",443, ,0,0,0,123,319,"University Settlement Recreation Centre",20071010
096,TRINITY--SPADINA,0,3,19,0,18,4,0,1,"Toronto",444, ,1,3,0,49,137,"University Settlement Recreation Centre",20071010
096,TRINITY--SPADINA,..........................NO POLL HELD........................,,,,,,,,"Toronto",445, ,0,0,0,0,0,"",20071010
096,TRINITY--SPADINA,0,14,20,27,35,0,2,1,"Toronto",446, ,0,0,0,99,255,"University Settlement Recreation Centre",20071010
096,TRINITY--SPADINA,1,7,82,2,66,1,0,0,"Toronto",447, ,0,2,0,161,229,"Alexandra Park Apartments",20071010
096,TRINITY--SPADINA,0,1,20,0,13,0,0,0,"Toronto",448, ,0,0,0,34,230,"Ogden Junior Public School",20071010
096,TRINITY--SPADINA,0,13,49,38,78,0,1,0,"Toronto",449, ,1,0,0,180,353,"50 Stephanie Street",20071010
096,TRINITY--SPADINA,1,2,69,1,40,0,1,1,"Toronto",450, ,0,0,1,116,203,"Beverley Manor",20071010
096,TRINITY--SPADINA,..........................NO POLL HELD........................,,,,,,,,"Toronto",451, ,0,0,0,0,0,"",20071010
096,TRINITY--SPADINA,..........................NO POLL HELD........................,,,,,,,,"Toronto",452, ,0,0,0,0,0,"",20071010
096,TRINITY--SPADINA,0,23,61,14,22,0,1,0,"Toronto",453, ,0,2,0,123,230,"University Plaza",20071010
096,TRINITY--SPADINA,..........................NO POLL HELD........................,,,,,,,,"Toronto",454, ,0,0,0,0,0,"",20071010
096,TRINITY--SPADINA,0,15,23,8,18,0,0,0,"Toronto",455, ,5,0,0,69,145,"Portland Place",20071010
096,TRINITY--SPADINA,0,17,42,17,22,0,0,0,"Toronto",456, ,0,0,0,98,242,"Metro Hall",20071010
096,TRINITY--SPADINA,0,6,25,3,20,1,0,0,"Toronto",457, ,0,0,0,55,154,"Niagara Street Junior Public School",20071010
096,TRINITY--SPADINA,..........................NO POLL HELD........................,,,,,,,,"Toronto",458, ,0,0,0,0,0,"",20071010
096,TRINITY--SPADINA,0,34,57,11,27,0,0,1,"Toronto",459, ,1,0,0,131,255,"The Icon",20071010
096,TRINITY--SPADINA,0,37,89,17,34,0,0,1,"Toronto",460, ,0,0,0,178,329,"The Icon",20071010
096,TRINITY--SPADINA,0,32,40,5,20,0,0,1,"Toronto",461, ,10,0,0,108,271,"The Rosemont",20071010
096,TRINITY--SPADINA,0,40,55,11,20,0,1,0,"Toronto",462, ,0,0,0,127,285,"Empire Plaza Condominium",20071010
096,TRINITY--SPADINA,0,23,59,23,40,0,0,1,"Toronto",463, ,0,0,0,146,281,"Trinity Recreation Centre",20071010
096,TRINITY--SPADINA,..........................NO POLL HELD........................,,,,,,,,"Toronto",464, ,0,0,0,0,0,"",20071010
096,TRINITY--SPADINA,..........................NO POLL HELD........................,,,,,,,,"Toronto",465, ,0,0,0,0,0,"",20071010
096,TRINITY--SPADINA,..........................NO POLL HELD........................,,,,,,,,"Toronto",466, ,0,0,0,0,0,"",20071010
096,TRINITY--SPADINA,0,43,79,44,72,1,0,0,"Toronto",467, ,0,1,0,240,420,"Citysphere Condominiums",20071010
096,TRINITY--SPADINA,0,41,80,36,86,0,2,0,"Toronto",468, ,0,1,0,246,397,"Summit Apartments",20071010
096,TRINITY--SPADINA,0,33,43,27,56,0,1,0,"Toronto",469, ,0,0,0,160,317,"Summit Apartments",20071010
096,TRINITY--SPADINA,..........................NO POLL HELD........................,,,,,,,,"Toronto",470, ,0,0,0,0,0,"",20071010
096,TRINITY--SPADINA,..........................NO POLL HELD........................,,,,,,,,"Toronto",471, ,0,0,0,0,0,"",20071010
096,TRINITY--SPADINA,1,23,71,20,59,0,2,1,"Toronto",472, ,0,1,0,178,284,"Westside",20071010
096,TRINITY--SPADINA,0,40,88,15,46,0,0,0,"Toronto",473, ,0,0,0,189,392,"Apex D",20071010
096,TRINITY--SPADINA,0,30,71,11,28,0,2,0,"Toronto",474, ,0,0,0,142,311,"Apex D",20071010
096,TRINITY--SPADINA,0,34,55,16,28,0,1,0,"Toronto",475, ,0,0,0,134,319,"Apex D",20071010
096,TRINITY--SPADINA,1,50,87,23,36,0,0,0,"Toronto",476, ,0,0,0,197,410,"Apex D",20071010
096,TRINITY--SPADINA,0,56,86,16,22,0,0,0,"Toronto",477, ,0,2,0,182,349,"Residences of the World Trade Centre",20071010
096,TRINITY--SPADINA,1,75,88,27,32,1,0,2,"Toronto",478, ,0,1,0,227,498,"Residences of the World Trade Centre",20071010
096,TRINITY--SPADINA,0,19,47,20,37,0,3,1,"Toronto",479, ,0,0,0,127,269,"345 Dufferin Street",20071010
096,TRINITY--SPADINA,1,10,39,2,42,3,0,2,"Toronto",480, ,0,0,0,99,231,"Terra Bella",20071010
096,TRINITY--SPADINA,1,17,43,21,40,0,0,0,"Toronto",481, ,0,0,0,122,268,"Niagara Community Centre",20071010
096,TRINITY--SPADINA,0,50,105,34,71,0,0,2,"Toronto",482, ,2,0,0,264,396,"Niagara Community Centre",20071010
096,TRINITY--SPADINA,..........................NO POLL HELD........................,,,,,,,,"Toronto",483, ,0,0,0,0,0,"",20071010
096,TRINITY--SPADINA,..........................NO POLL HELD........................,,,,,,,,"Toronto",484, ,0,0,0,0,0,"",20071010
096,TRINITY--SPADINA,0,38,47,16,22,0,0,0,"Toronto",485, ,0,0,0,123,332,"Harbourfront Community Centre",20071010
096,TRINITY--SPADINA,0,1,3,2,3,0,0,0,"Toronto",486, ,0,0,0,9,9,"The Gallery",20071010
096,TRINITY--SPADINA,0,10,17,4,12,0,1,0,"Toronto",487, ,0,0,0,44,63,"Harbourview Estates (Super Club)",20071010
096,TRINITY--SPADINA,0,39,48,11,28,1,0,1,"Toronto",488, ,0,0,0,128,263,"Harbourview Estates (Super Club)",20071010
096,TRINITY--SPADINA,0,18,39,14,14,1,0,0,"Toronto",489, ,1,0,0,87,90,"Harbourview Estates (Super Club)",20071010
096,TRINITY--SPADINA,1,35,43,14,27,0,2,0,"Toronto",490, ,0,0,0,122,264,"Queens Quay Yachting",20071010
096,TRINITY--SPADINA,1,42,68,22,46,0,0,1,"Toronto",491, ,0,0,0,180,404,"Queens Quay Yachting",20071010
096,TRINITY--SPADINA,..........................NO POLL HELD........................,,,,,,,,"Toronto",492, ,0,0,0,0,0,"",20071010
096,TRINITY--SPADINA,0,38,43,9,18,0,0,1,"Toronto",493, ,0,0,0,109,247,"The Riviera",20071010
096,TRINITY--SPADINA,0,39,44,17,31,1,0,0,"Toronto",494, ,0,0,0,132,255,"The Riviera",20071010
096,TRINITY--SPADINA,0,41,58,17,24,2,0,0,"Toronto",495, ,0,1,0,143,330,"Waterclub Condominiums",20071010
096,TRINITY--SPADINA,0,42,66,11,41,0,0,0,"Toronto",496, ,0,0,0,160,393,"Waterclub Condominiums",20071010
096,TRINITY--SPADINA,1,70,82,18,26,0,2,0,"Toronto",497, ,2,3,0,204,419,"77 Harbour Square",20071010
096,TRINITY--SPADINA,0,51,73,22,33,1,1,1,"Toronto",498, ,0,0,0,182,414,"77 Harbour Square",20071010
096,TRINITY--SPADINA,0,61,75,18,29,0,3,0,"Toronto",499A, ,0,2,0,188,377,"55 Harbour Square",20071010
096,TRINITY--SPADINA,0,83,66,12,17,0,0,0,"Toronto",499B, ,1,0,0,179,368,"55 Harbour Square",20071010
096,TRINITY--SPADINA,0,52,69,10,17,0,1,1,"Toronto",500A, ,1,0,0,151,284,"Harbour Square Apartments",20071010
096,TRINITY--SPADINA,0,52,59,20,24,2,0,0,"Toronto",500B, ,0,0,0,157,311,"Harbour Square Apartments",20071010
096,TRINITY--SPADINA,0,5,40,11,28,0,0,0,"Toronto",501, ,1,1,0,86,235,"345 Dufferin Street",20071010
096,TRINITY--SPADINA,0,37,49,25,55,0,0,1,"Toronto",502, ,0,0,0,167,289,"Liberty Towers Presentation Centre",20071010
096,TRINITY--SPADINA,0,30,51,12,36,1,0,0,"Toronto",503, ,0,0,0,130,313,"Harbourfront Community Centre",20071010
096,TRINITY--SPADINA,0,28,61,14,48,0,0,0,"Toronto",504, ,0,0,0,151,367,"Harbourfront Community Centre",20071010
096,TRINITY--SPADINA,0,32,34,8,79,1,2,1,"Toronto",505, ,0,1,0,158,389,"Harbourfront Community Centre",20071010
096,TRINITY--SPADINA,0,31,44,13,23,0,0,0,"Toronto",506, ,0,0,0,111,296,"Maple Leaf Quay West",20071010
096,TRINITY--SPADINA,0,34,45,18,54,0,2,1,"Toronto",507, ,0,1,0,155,329,"Maple Leaf Quay West",20071010
096,TRINITY--SPADINA,0,18,53,24,39,0,1,0,"Toronto",508, ,0,0,0,135,277,"Maple Leaf Quay West",20071010
096,TRINITY--SPADINA,..........................NO POLL HELD........................,,,,,,,,"Toronto",509, ,0,0,0,0,0,"",20071010
096,TRINITY--SPADINA,..........................NO POLL HELD........................,,,,,,,,"Toronto",510, ,0,0,0,0,0,"",20071010
096,TRINITY--SPADINA,..........................NO POLL HELD........................,,,,,,,,"Toronto",511, ,0,0,0,0,0,"",20071010
096,TRINITY--SPADINA,0,4,19,21,108,0,0,1,"Toronto",512, ,0,0,0,153,302,"Harbourfront Community Centre",20071010
096,TRINITY--SPADINA,..........................NO POLL HELD........................,,,,,,,,"Toronto",513, ,0,0,0,0,0,"",20071010
096,TRINITY--SPADINA,1,33,63,29,49,0,0,1,"Toronto",514, ,0,0,0,176,322,"Atrium on Queen's Quay",20071010
096,TRINITY--SPADINA,1,51,74,13,45,0,1,0,"Toronto",515, ,6,0,0,191,349,"Queens Harbour",20071010
096,TRINITY--SPADINA,0,37,38,21,38,0,0,0,"Toronto",516, ,0,1,0,135,283,"Harbourfront Community Centre",20071010
096,TRINITY--SPADINA,..........................NO POLL HELD........................,,,,,,,,"Toronto",517, ,0,0,0,0,0,"",20071010
096,TRINITY--SPADINA,1,44,70,25,51,0,0,0,"Toronto",518A, ,0,1,0,192,375,"Atlantis - Aquarius",20071010
096,TRINITY--SPADINA,1,42,74,28,58,1,0,1,"Toronto",518B, ,0,0,0,205,386,"Atlantis - Aquarius",20071010
096,TRINITY--SPADINA,0,67,119,32,32,1,2,0,"Toronto",519, ,0,3,0,256,362,"The Pinnacle",20071010
096,TRINITY--SPADINA,..........................NO POLL HELD........................,,,,,,,,"Toronto",520, ,0,0,0,0,0,"",20071010
096,TRINITY--SPADINA,0,57,89,25,26,0,0,0,"Toronto",521, ,0,0,0,197,221,"18 Yonge Street",20071010
096,TRINITY--SPADINA,0,54,78,11,60,2,0,2,"Toronto",522, ,3,0,0,210,440,"Optima",20071010
096,TRINITY--SPADINA,1,29,55,13,16,1,1,1,"Toronto",523, ,0,2,0,119,235,"Waterclub Condominiums",20071010
096,TRINITY--SPADINA,0,44,70,21,31,1,0,1,"Toronto",524, ,0,0,1,169,242,"Harbourview Estates (Super Club)",20071010
096,TRINITY--SPADINA,2,52,91,17,42,0,1,0,"Toronto",525, ,0,0,0,205,495,"Harbourview Estates (Super Club)",20071010
096,TRINITY--SPADINA,1,55,112,43,126,0,1,0,"Toronto",526, ,5,0,0,343,549,"DNA Complex - South Tower",20071010
096,TRINITY--SPADINA,2,183,327,120,820,5,14,4,"Toronto",Advanced Polls /  ADV001, ,1,1,1,1478,0,"Returning Office / Bureau du directeur du scrutin",20071010
096,TRINITY--SPADINA,2,100,144,39,190,1,1,1,"Toronto",Advanced Polls /  ADV002, ,0,1,4,483,0,"Harbourfront Community Centre",20071010
096,TRINITY--SPADINA,0,60,158,87,328,1,3,3,"Toronto",Advanced Polls /  ADV003, ,0,0,3,643,0,"Trinity Recreation Centre",20071010
096,TRINITY--SPADINA,1,70,173,36,212,3,2,2,"Toronto",Advanced Polls /  ADV004, ,0,3,0,502,0,"University Settlement Recreation Centre",20071010
TOTALS:, ,154,6235,14180,5156,18508,243,350,147, , , , , , , , , , 
