ED_CODE,ED_NAME,ASHE,CARVALHO,DICKSON,THAVARAJASOORIER,WILLERT,PLACE_NAME,POLL_NUMBER,RURAL_INDICATOR,REJECTED,UNMARKED,DECLINED,VOTER_TURNOUT,ELECTORS,POLL_LOCATION,POLL_DATE
001,AJAX--PICKERING,93,4,54,10,20,"Claremont",001, ,0,0,1,182,324,"Claremont Community Centre",20071010
001,AJAX--PICKERING,100,2,76,6,51,"Claremont",002, ,1,0,0,236,443,"Claremont Community Centre",20071010
001,AJAX--PICKERING,46,7,37,9,15,"Claremont",003, ,0,0,0,114,267,"Claremont Community Centre",20071010
001,AJAX--PICKERING,110,0,54,4,26,"Claremont",004, ,0,0,0,194,373,"Claremont Community Centre",20071010
001,AJAX--PICKERING,76,3,54,15,31,"Pickering",005, ,0,0,0,179,343,"Valley View Public School",20071010
001,AJAX--PICKERING,..........................NO POLL HELD........................,,,,,"Claremont",006, ,0,0,0,0,0,"",20071010
001,AJAX--PICKERING,51,2,35,10,33,"Claremont",007, ,0,0,0,131,302,"Claremont Community Centre",20071010
001,AJAX--PICKERING,53,0,25,4,17,"Pickering",008, ,0,0,0,99,198,"Valley View Public School",20071010
001,AJAX--PICKERING,110,4,82,4,14,"Pickering",009, ,0,0,0,214,430,"Valley View Public School",20071010
001,AJAX--PICKERING,..........................NO POLL HELD........................,,,,,"Ajax",010, ,0,0,0,0,0,"",20071010
001,AJAX--PICKERING,61,1,95,18,10,"Ajax",011, ,0,0,0,185,489,"Notre Dame Catholic Secondary School",20071010
001,AJAX--PICKERING,36,0,40,4,9,"Ajax",012, ,0,0,0,89,233,"Notre Dame Catholic Secondary School",20071010
001,AJAX--PICKERING,..........................NO POLL HELD........................,,,,,"Ajax",013, ,0,0,0,0,0,"",20071010
001,AJAX--PICKERING,41,0,114,11,10,"Ajax",014, ,1,0,0,177,500,"J. Clarke Richardson Collegiate",20071010
001,AJAX--PICKERING,61,0,104,15,9,"Ajax",015, ,0,0,0,189,558,"J. Clarke Richardson Collegiate",20071010
001,AJAX--PICKERING,34,0,54,9,5,"Ajax",016, ,2,0,0,104,292,"J. Clarke Richardson Collegiate",20071010
001,AJAX--PICKERING,29,1,69,10,6,"Ajax",017A, ,0,0,0,115,329,"Notre Dame Catholic Secondary School",20071010
001,AJAX--PICKERING,27,0,75,12,5,"Ajax",017B, ,0,0,0,119,344,"Notre Dame Catholic Secondary School",20071010
001,AJAX--PICKERING,56,1,75,14,6,"Ajax",018A, ,0,0,0,152,357,"Notre Dame Catholic Secondary School",20071010
001,AJAX--PICKERING,41,0,74,7,8,"Ajax",018B, ,0,0,0,130,347,"Notre Dame Catholic Secondary School",20071010
001,AJAX--PICKERING,42,5,125,13,3,"Ajax",018C, ,0,0,0,188,426,"Notre Dame Catholic Secondary School",20071010
001,AJAX--PICKERING,50,1,99,16,9,"Ajax",019, ,0,0,0,175,413,"Notre Dame Catholic Secondary School",20071010
001,AJAX--PICKERING,57,0,108,16,6,"Ajax",020, ,0,0,0,187,463,"J. Clarke Richardson Collegiate",20071010
001,AJAX--PICKERING,52,1,100,10,15,"Ajax",021, ,1,0,0,179,394,"J. Clarke Richardson Collegiate",20071010
001,AJAX--PICKERING,28,1,67,6,10,"Ajax",022, ,0,0,0,112,344,"J. Clarke Richardson Collegiate",20071010
001,AJAX--PICKERING,22,0,50,14,3,"Ajax",023A, ,0,0,0,89,291,"J. Clarke Richardson Collegiate",20071010
001,AJAX--PICKERING,31,1,70,17,1,"Ajax",023B, ,1,1,0,122,287,"J. Clarke Richardson Collegiate",20071010
001,AJAX--PICKERING,21,2,26,4,32,"Locust Hill",024, ,0,0,0,85,178,"Herongate Barn Theatre",20071010
001,AJAX--PICKERING,21,1,22,4,15,"Pickering",025, ,0,0,0,63,173,"St. Wilfrid Catholic School",20071010
001,AJAX--PICKERING,45,2,88,18,5,"Ajax",026, ,2,1,0,161,440,"Alexander Graham Bell Public School",20071010
001,AJAX--PICKERING,31,1,35,6,7,"Ajax",027, ,0,0,0,80,242,"Alexander Graham Bell Public School",20071010
001,AJAX--PICKERING,51,6,96,13,8,"Ajax",028, ,0,0,0,174,477,"Notre Dame Catholic Secondary School",20071010
001,AJAX--PICKERING,62,1,86,11,8,"Ajax",029, ,0,0,0,168,470,"Alexander Graham Bell Public School",20071010
001,AJAX--PICKERING,33,0,78,14,7,"Ajax",030, ,0,0,0,132,404,"Notre Dame Catholic Secondary School",20071010
001,AJAX--PICKERING,36,2,82,17,2,"Ajax",031, ,0,0,0,139,395,"Notre Dame Catholic Secondary School",20071010
001,AJAX--PICKERING,75,0,97,12,15,"Ajax",032, ,0,1,0,200,431,"Lester B. Pearson Public School",20071010
001,AJAX--PICKERING,44,0,96,6,5,"Ajax",033, ,0,0,1,152,374,"Notre Dame Catholic Secondary School",20071010
001,AJAX--PICKERING,9,2,16,4,0,"Ajax",034s, ,1,2,0,34,101,"Winbourne Park Long Term Care Centre",20071010
001,AJAX--PICKERING,64,4,96,19,15,"Ajax",035, ,0,1,0,199,429,"Lester B. Pearson Public School",20071010
001,AJAX--PICKERING,44,3,77,8,4,"Ajax",036, ,0,0,0,136,366,"Notre Dame Catholic Secondary School",20071010
001,AJAX--PICKERING,31,2,78,14,11,"Ajax",037, ,0,0,0,136,379,"Lester B. Pearson Public School",20071010
001,AJAX--PICKERING,62,0,99,4,5,"Ajax",038, ,0,0,0,170,397,"J. Clarke Richardson Collegiate",20071010
001,AJAX--PICKERING,28,0,69,8,16,"Ajax",039, ,5,0,0,126,393,"Lester B. Pearson Public School",20071010
001,AJAX--PICKERING,59,0,101,14,2,"Ajax",040, ,0,0,0,176,424,"J. Clarke Richardson Collegiate",20071010
001,AJAX--PICKERING,71,0,98,8,10,"Ajax",041, ,0,0,0,187,446,"Mother Teresa Catholic School",20071010
001,AJAX--PICKERING,66,4,109,20,18,"Ajax",042, ,0,0,0,217,495,"Dr. Roberta Bondar Public School",20071010
001,AJAX--PICKERING,34,0,83,8,4,"Ajax",043, ,1,0,1,131,329,"J. Clarke Richardson Collegiate",20071010
001,AJAX--PICKERING,40,1,73,15,9,"Ajax",044, ,1,0,0,139,346,"Mother Teresa Catholic School",20071010
001,AJAX--PICKERING,43,2,70,17,13,"Ajax",045, ,0,0,2,147,329,"Mother Teresa Catholic School",20071010
001,AJAX--PICKERING,58,0,68,5,13,"Ajax",046, ,0,0,0,144,384,"Dr. Roberta Bondar Public School",20071010
001,AJAX--PICKERING,51,3,82,17,9,"Ajax",047, ,0,0,0,162,379,"Mother Teresa Catholic School",20071010
001,AJAX--PICKERING,42,2,36,13,1,"Ajax",048, ,0,0,0,94,289,"Cadarackque Public School",20071010
001,AJAX--PICKERING,63,0,112,6,6,"Ajax",049, ,1,0,0,188,476,"Cadarackque Public School",20071010
001,AJAX--PICKERING,104,1,93,18,12,"Pickering",050, ,0,0,2,230,446,"St. Wilfrid Catholic School",20071010
001,AJAX--PICKERING,86,3,113,19,13,"Ajax",051, ,1,1,0,236,505,"Eagle Ridge Public School",20071010
001,AJAX--PICKERING,54,1,116,8,6,"Ajax",052, ,0,0,0,185,429,"St. Patrick Catholic School",20071010
001,AJAX--PICKERING,65,2,97,7,10,"Ajax",053, ,1,0,0,182,440,"St. Patrick Catholic School",20071010
001,AJAX--PICKERING,76,2,96,12,9,"Ajax",054, ,0,0,0,195,406,"Eagle Ridge Public School",20071010
001,AJAX--PICKERING,67,5,101,21,13,"Ajax",055, ,0,0,0,207,459,"St. Patrick Catholic School",20071010
001,AJAX--PICKERING,38,2,120,24,7,"Ajax",056, ,0,1,0,192,428,"St. Patrick Catholic School",20071010
001,AJAX--PICKERING,70,2,90,16,6,"Ajax",057, ,0,0,0,184,418,"St. Patrick Catholic School",20071010
001,AJAX--PICKERING,58,3,152,15,9,"Ajax",058, ,0,1,0,238,500,"Alexander Graham Bell Public School",20071010
001,AJAX--PICKERING,78,0,127,13,18,"Ajax",059, ,0,1,0,237,490,"St. Patrick Catholic School",20071010
001,AJAX--PICKERING,57,1,128,6,14,"Ajax",060, ,1,0,0,207,469,"Lincoln Alexander Public School",20071010
001,AJAX--PICKERING,83,2,133,14,12,"Ajax",061, ,1,0,0,245,529,"St. Patrick Catholic School",20071010
001,AJAX--PICKERING,51,2,77,12,5,"Ajax",062, ,0,1,0,148,368,"Alexander Graham Bell Public School",20071010
001,AJAX--PICKERING,62,0,92,13,7,"Ajax",063, ,0,0,0,174,408,"Lester B. Pearson Public School",20071010
001,AJAX--PICKERING,49,1,78,13,15,"Ajax",064, ,0,0,1,157,394,"Lincoln Alexander Public School",20071010
001,AJAX--PICKERING,59,2,93,11,11,"Ajax",065, ,0,0,0,176,407,"Westney Heights Public School",20071010
001,AJAX--PICKERING,58,1,82,25,13,"Ajax",066, ,0,0,0,179,379,"Westney Heights Public School",20071010
001,AJAX--PICKERING,69,1,105,21,21,"Ajax",067, ,0,0,0,217,441,"Lester B. Pearson Public School",20071010
001,AJAX--PICKERING,61,2,84,23,17,"Ajax",068, ,0,0,0,187,401,"Westney Heights Public School",20071010
001,AJAX--PICKERING,58,0,66,12,14,"Ajax",069, ,0,0,0,150,426,"Westney Heights Public School",20071010
001,AJAX--PICKERING,83,1,74,13,8,"Ajax",070, ,1,0,0,180,385,"Westney Heights Public School",20071010
001,AJAX--PICKERING,52,3,82,16,19,"Ajax",071, ,1,2,1,176,489,"Dr. Roberta Bondar Public School",20071010
001,AJAX--PICKERING,45,1,91,14,6,"Ajax",072, ,1,1,0,159,374,"Applecroft Public School",20071010
001,AJAX--PICKERING,79,3,96,17,6,"Ajax",073, ,0,1,0,202,490,"Applecroft Public School",20071010
001,AJAX--PICKERING,53,1,130,16,10,"Ajax",074, ,0,0,0,210,452,"Dr. Roberta Bondar Public School",20071010
001,AJAX--PICKERING,33,1,75,13,8,"Ajax",075A, ,0,1,0,131,334,"Applecroft Public School",20071010
001,AJAX--PICKERING,75,10,113,12,13,"Ajax",075B, ,2,2,0,227,362,"Applecroft Public School",20071010
001,AJAX--PICKERING,33,0,59,11,11,"Ajax",076, ,0,0,0,114,515,"Applecroft Public School",20071010
001,AJAX--PICKERING,38,1,82,9,12,"Ajax",077, ,0,0,0,142,382,"Dr. Roberta Bondar Public School",20071010
001,AJAX--PICKERING,50,0,78,15,3,"Ajax",078, ,0,1,0,147,404,"Applecroft Public School",20071010
001,AJAX--PICKERING,49,1,102,16,9,"Ajax",079, ,0,0,0,177,467,"Archbishop Denis O'Connor Catholic High School",20071010
001,AJAX--PICKERING,49,2,81,20,6,"Ajax",080, ,0,0,0,158,340,"Cadarackque Public School",20071010
001,AJAX--PICKERING,53,3,60,18,19,"Ajax",081, ,1,0,0,154,337,"Cadarackque Public School",20071010
001,AJAX--PICKERING,88,2,123,17,12,"Pickering",082, ,0,0,1,243,524,"Pine Ridge Secondary School",20071010
001,AJAX--PICKERING,75,0,84,4,6,"Pickering",083, ,0,1,0,170,313,"Pine Ridge Secondary School",20071010
001,AJAX--PICKERING,73,0,140,25,12,"Pickering",084, ,1,0,0,251,537,"Valley Farm Public School",20071010
001,AJAX--PICKERING,35,2,67,10,5,"Pickering",085A, ,0,0,0,119,263,"Valley Farm Public School",20071010
001,AJAX--PICKERING,27,0,96,9,7,"Pickering",085B, ,0,1,0,140,289,"Valley Farm Public School",20071010
001,AJAX--PICKERING,48,0,127,20,17,"Pickering",086, ,1,0,0,213,528,"Valley Farm Public School",20071010
001,AJAX--PICKERING,66,0,102,19,21,"Pickering",087, ,1,1,0,210,526,"Valley Farm Public School",20071010
001,AJAX--PICKERING,47,1,103,12,3,"Pickering",088, ,1,0,0,167,430,"Valley Farm Public School",20071010
001,AJAX--PICKERING,57,2,90,14,15,"Pickering",089, ,0,0,0,178,427,"St. Wilfrid Catholic School",20071010
001,AJAX--PICKERING,39,3,90,15,11,"Pickering",090, ,0,1,0,159,485,"St. Anthony Daniel Catholic School",20071010
001,AJAX--PICKERING,51,3,103,6,13,"Pickering",091, ,0,1,0,177,492,"Valley Farm Public School",20071010
001,AJAX--PICKERING,31,1,65,14,3,"Pickering",092A, ,0,1,0,115,283,"St. Anthony Daniel Catholic School",20071010
001,AJAX--PICKERING,25,2,53,15,4,"Pickering",092B, ,0,0,2,101,269,"St. Anthony Daniel Catholic School",20071010
001,AJAX--PICKERING,108,1,122,16,20,"Ajax",093, ,0,1,0,268,546,"Eagle Ridge Public School",20071010
001,AJAX--PICKERING,88,0,123,11,6,"Ajax",094, ,0,0,0,228,428,"Eagle Ridge Public School",20071010
001,AJAX--PICKERING,70,2,104,9,13,"Ajax",095, ,0,0,0,198,432,"Pickering High School",20071010
001,AJAX--PICKERING,..........................NO POLL HELD........................,,,,,"Ajax",096, ,0,0,0,0,0,"",20071010
001,AJAX--PICKERING,11,4,20,10,5,"Ajax",096-1s, ,0,0,0,50,105,"Unity Village",20071010
001,AJAX--PICKERING,94,0,85,22,15,"Ajax",097, ,0,0,0,216,471,"Pickering High School",20071010
001,AJAX--PICKERING,51,2,77,12,14,"Ajax",098, ,0,0,0,156,382,"Pickering High School",20071010
001,AJAX--PICKERING,67,2,87,19,20,"Ajax",099, ,1,0,1,197,426,"Lincoln Alexander Public School",20071010
001,AJAX--PICKERING,85,0,100,23,16,"Ajax",100, ,0,0,0,224,481,"Lincoln Alexander Public School",20071010
001,AJAX--PICKERING,69,5,88,12,21,"Ajax",101, ,0,2,1,198,362,"Lincoln Alexander Public School",20071010
001,AJAX--PICKERING,111,0,114,23,26,"Ajax",102, ,1,1,0,276,485,"Lincoln Avenue Public School",20071010
001,AJAX--PICKERING,69,0,75,22,22,"Ajax",103, ,1,0,0,189,462,"Lincoln Alexander Public School",20071010
001,AJAX--PICKERING,69,2,85,24,17,"Ajax",104, ,0,0,0,197,424,"Roland Michener Public School",20071010
001,AJAX--PICKERING,76,4,65,13,9,"Ajax",105, ,1,0,0,168,381,"Westney Heights Public School",20071010
001,AJAX--PICKERING,103,3,95,12,14,"Ajax",106, ,0,0,0,227,467,"Roland Michener Public School",20071010
001,AJAX--PICKERING,72,1,108,9,13,"Ajax",107, ,3,2,1,209,427,"Roland Michener Public School",20071010
001,AJAX--PICKERING,62,1,83,21,9,"Ajax",108, ,0,0,0,176,438,"Roland Michener Public School",20071010
001,AJAX--PICKERING,45,1,113,20,10,"Ajax",109, ,0,0,0,189,446,"Roland Michener Public School",20071010
001,AJAX--PICKERING,47,0,101,23,22,"Ajax",110, ,0,0,0,193,478,"Roland Michener Public School",20071010
001,AJAX--PICKERING,31,0,90,19,14,"Ajax",111, ,0,0,0,154,408,"Lord Elgin Public School",20071010
001,AJAX--PICKERING,43,1,52,10,21,"Ajax",112, ,0,0,0,127,263,"Lord Elgin Public School",20071010
001,AJAX--PICKERING,39,0,61,21,21,"Ajax",113, ,0,0,0,142,358,"Lord Elgin Public School",20071010
001,AJAX--PICKERING,38,1,86,16,6,"Ajax",114, ,1,1,0,149,422,"Lord Elgin Public School",20071010
001,AJAX--PICKERING,44,1,88,22,23,"Ajax",115, ,0,0,0,178,378,"Lord Elgin Public School",20071010
001,AJAX--PICKERING,21,1,30,5,2,"Ajax",116s, ,0,0,1,60,131,"Ballycliffe Retirement Home",20071010
001,AJAX--PICKERING,77,1,96,24,17,"Ajax",117, ,0,0,0,215,484,"Archbishop Denis O'Connor Catholic High School",20071010
001,AJAX--PICKERING,40,0,70,15,16,"Ajax",118, ,1,0,0,142,346,"Archbishop Denis O'Connor Catholic High School",20071010
001,AJAX--PICKERING,91,2,87,17,23,"Ajax",119, ,0,0,0,220,468,"Archbishop Denis O'Connor Catholic High School",20071010
001,AJAX--PICKERING,60,2,103,17,27,"Ajax",120, ,0,0,1,210,424,"St. Andrews Community Centre",20071010
001,AJAX--PICKERING,49,1,78,18,22,"Ajax",121A, ,0,1,0,169,340,"St. Andrews Community Centre",20071010
001,AJAX--PICKERING,47,0,75,17,3,"Ajax",121B, ,0,0,0,142,326,"St. Andrews Community Centre",20071010
001,AJAX--PICKERING,60,2,102,18,16,"Ajax",122, ,1,2,0,201,603,"Carruthers Creek Public School",20071010
001,AJAX--PICKERING,..........................NO POLL HELD........................,,,,,"Ajax",123, ,0,0,0,0,0,"",20071010
001,AJAX--PICKERING,40,2,45,9,15,"Locust Hill",124A, ,2,0,0,113,220,"Herongate Barn Theatre",20071010
001,AJAX--PICKERING,32,3,31,1,23,"Locust Hill",124B, ,0,0,0,90,219,"Herongate Barn Theatre",20071010
001,AJAX--PICKERING,61,3,106,16,12,"Pickering",125, ,0,0,0,198,529,"Pine Ridge Secondary School",20071010
001,AJAX--PICKERING,97,2,65,9,11,"Pickering",126, ,0,2,0,186,423,"Pine Ridge Secondary School",20071010
001,AJAX--PICKERING,98,0,105,17,8,"Pickering",127, ,1,0,0,229,523,"Pine Ridge Secondary School",20071010
001,AJAX--PICKERING,83,0,129,9,14,"Pickering",128, ,1,0,0,236,461,"Maple Ridge Public School",20071010
001,AJAX--PICKERING,84,2,105,18,12,"Pickering",129, ,1,2,0,224,439,"Pine Ridge Secondary School",20071010
001,AJAX--PICKERING,76,4,97,15,19,"Pickering",130, ,0,0,0,211,445,"Maple Ridge Public School",20071010
001,AJAX--PICKERING,55,2,62,9,13,"Pickering",131A, ,1,0,0,142,266,"Maple Ridge Public School",20071010
001,AJAX--PICKERING,50,2,73,11,13,"Pickering",131B, ,0,3,0,152,296,"Maple Ridge Public School",20071010
001,AJAX--PICKERING,54,0,87,11,13,"Pickering",132, ,0,0,0,165,490,"St. Anthony Daniel Catholic School",20071010
001,AJAX--PICKERING,35,0,48,10,7,"Pickering",133, ,1,0,0,101,223,"St. Anthony Daniel Catholic School",20071010
001,AJAX--PICKERING,38,4,43,14,0,"Pickering",134s, ,0,0,0,99,282,"Village Retirement Centre",20071010
001,AJAX--PICKERING,43,6,52,14,21,"Pickering",135, ,1,0,0,137,413,"Pickering Recreation Complex",20071010
001,AJAX--PICKERING,54,2,96,16,18,"Pickering",136, ,1,1,0,188,418,"St. Anthony Daniel Catholic School",20071010
001,AJAX--PICKERING,39,1,52,16,4,"Pickering",137A, ,1,0,0,113,328,"Pickering Recreation Complex",20071010
001,AJAX--PICKERING,22,1,62,22,9,"Pickering",137B, ,0,0,0,116,375,"Pickering Recreation Complex",20071010
001,AJAX--PICKERING,33,0,58,20,5,"Ajax",138, ,0,0,0,116,378,"Pickering High School",20071010
001,AJAX--PICKERING,25,1,72,12,6,"Ajax",139, ,0,0,0,116,439,"Pickering High School",20071010
001,AJAX--PICKERING,23,2,56,5,10,"Ajax",140, ,0,0,0,96,314,"Pickering High School",20071010
001,AJAX--PICKERING,50,2,94,14,21,"Ajax",141, ,1,0,0,182,371,"Lincoln Avenue Public School",20071010
001,AJAX--PICKERING,..........................NO POLL HELD........................,,,,,"Ajax",142, ,0,0,0,0,0,"",20071010
001,AJAX--PICKERING,19,2,43,5,0,"Ajax",143s, ,0,0,0,69,99,"Ashley Manor",20071010
001,AJAX--PICKERING,40,2,58,12,10,"Ajax",144, ,0,0,0,122,294,"St. Andrews Community Centre",20071010
001,AJAX--PICKERING,23,2,27,14,4,"Ajax",145, ,0,0,0,70,225,"Ajax High School",20071010
001,AJAX--PICKERING,55,2,93,21,21,"Ajax",146s, ,5,1,0,198,306,"66 Falby Court",20071010
001,AJAX--PICKERING,66,2,69,26,17,"Ajax",147, ,0,0,0,180,361,"Ajax High School",20071010
001,AJAX--PICKERING,..........................NO POLL HELD........................,,,,,"Ajax",148, ,0,0,0,0,0,"",20071010
001,AJAX--PICKERING,46,4,77,11,25,"Ajax",149, ,0,0,1,164,405,"Ajax High School",20071010
001,AJAX--PICKERING,54,0,59,20,11,"Ajax",150, ,0,0,0,144,411,"Ajax High School",20071010
001,AJAX--PICKERING,32,0,45,14,6,"Ajax",151A, ,0,0,0,97,276,"Ajax High School",20071010
001,AJAX--PICKERING,40,1,42,5,9,"Ajax",151B, ,0,0,0,97,281,"Ajax High School",20071010
001,AJAX--PICKERING,79,1,87,20,15,"Ajax",152, ,0,0,0,202,413,"Carruthers Creek Public School",20071010
001,AJAX--PICKERING,41,2,79,19,6,"Ajax",153, ,0,0,0,147,375,"Ajax High School",20071010
001,AJAX--PICKERING,56,0,76,5,13,"Ajax",154, ,0,0,1,151,336,"Carruthers Creek Community Church",20071010
001,AJAX--PICKERING,49,0,78,20,16,"Ajax",155, ,0,0,0,163,294,"Carruthers Creek Community Church",20071010
001,AJAX--PICKERING,58,1,63,9,5,"Pickering",156, ,0,0,0,136,380,"Maple Ridge Public School",20071010
001,AJAX--PICKERING,114,1,95,14,12,"Pickering",157, ,0,0,0,236,465,"Maple Ridge Public School",20071010
001,AJAX--PICKERING,63,1,81,12,17,"Pickering",158A, ,0,0,0,174,359,"Pickering Recreation Complex",20071010
001,AJAX--PICKERING,45,1,72,17,13,"Pickering",158B, ,0,2,0,150,340,"Pickering Recreation Complex",20071010
001,AJAX--PICKERING,..........................NO POLL HELD........................,,,,,"Pickering",159, ,0,0,0,0,0,"",20071010
001,AJAX--PICKERING,5,0,16,4,1,"Pickering",159-1s, ,0,0,0,26,29,"Chartwell Senior Housing",20071010
001,AJAX--PICKERING,41,3,98,21,12,"Pickering",160, ,1,0,0,176,449,"Pickering Recreation Complex",20071010
001,AJAX--PICKERING,11,1,11,2,3,"Pickering",161s, ,2,1,0,31,68,"The Parkway Retirement Home",20071010
001,AJAX--PICKERING,27,0,45,11,8,"Pickering",162, ,0,0,0,91,268,"Pickering Recreation Complex",20071010
001,AJAX--PICKERING,61,2,77,20,12,"Ajax",163A, ,4,0,0,176,312,"Ajax Community Centre",20071010
001,AJAX--PICKERING,25,2,44,17,6,"Ajax",163B, ,0,1,0,95,283,"Ajax Community Centre",20071010
001,AJAX--PICKERING,59,2,67,22,18,"Ajax",164, ,1,0,0,169,392,"Ajax Community Centre",20071010
001,AJAX--PICKERING,50,0,61,26,21,"Ajax",165, ,0,0,0,158,351,"Duffin's Bay Public School",20071010
001,AJAX--PICKERING,25,1,31,8,5,"Ajax",167s, ,0,0,0,70,92,"Westwood Manor",20071010
001,AJAX--PICKERING,66,3,70,24,17,"Ajax",168, ,0,0,0,180,427,"Ajax Community Centre",20071010
001,AJAX--PICKERING,51,2,50,19,13,"Ajax",169, ,0,0,0,135,276,"St. James Catholic School",20071010
001,AJAX--PICKERING,72,0,94,25,17,"Ajax",170, ,1,0,0,209,427,"Southwood Park Public School",20071010
001,AJAX--PICKERING,116,1,107,17,25,"Ajax",171, ,1,1,0,268,472,"St. James Catholic School",20071010
001,AJAX--PICKERING,73,0,93,11,25,"Ajax",172, ,0,0,0,202,385,"Southwood Park Public School",20071010
001,AJAX--PICKERING,89,0,79,11,24,"Ajax",173, ,0,0,1,204,411,"Southwood Park Public School",20071010
001,AJAX--PICKERING,77,2,85,24,18,"Ajax",174, ,1,2,0,209,403,"Southwood Park Public School",20071010
001,AJAX--PICKERING,49,5,93,15,7,"Ajax",175, ,2,0,0,171,425,"Carruthers Creek Public School",20071010
001,AJAX--PICKERING,71,1,91,17,13,"Ajax",176, ,0,1,0,194,457,"Carruthers Creek Public School",20071010
001,AJAX--PICKERING,73,0,86,13,19,"Ajax",177, ,0,1,0,192,380,"Carruthers Creek Public School",20071010
001,AJAX--PICKERING,72,1,83,3,22,"Ajax",178, ,0,0,0,181,383,"Carruthers Creek Public School",20071010
001,AJAX--PICKERING,82,0,91,20,30,"Ajax",179, ,0,2,0,225,415,"Carruthers Creek Community Church",20071010
001,AJAX--PICKERING,68,0,48,10,18,"Ajax",180, ,1,1,0,146,312,"Carruthers Creek Community Church",20071010
001,AJAX--PICKERING,66,2,127,11,18,"Ajax",181, ,0,0,0,224,401,"Carruthers Creek Community Church",20071010
001,AJAX--PICKERING,44,0,69,7,9,"Ajax",182, ,1,0,0,130,295,"Carruthers Creek Community Church",20071010
001,AJAX--PICKERING,56,0,80,13,23,"Ajax",183, ,1,0,0,173,343,"Carruthers Creek Community Church",20071010
001,AJAX--PICKERING,57,0,62,4,20,"Ajax",184, ,0,0,0,143,355,"Carruthers Creek Community Church",20071010
001,AJAX--PICKERING,51,2,75,10,10,"Ajax",185, ,0,0,0,148,390,"Carruthers Creek Community Church",20071010
001,AJAX--PICKERING,37,1,58,5,11,"Ajax",186, ,0,0,0,112,401,"Pickering High School",20071010
001,AJAX--PICKERING,36,1,74,11,9,"Ajax",187A, ,0,0,0,131,325,"Ajax Community Centre",20071010
001,AJAX--PICKERING,59,1,68,14,9,"Ajax",187B, ,0,1,0,152,321,"Ajax Community Centre",20071010
001,AJAX--PICKERING,107,0,123,13,15,"Ajax",188, ,2,1,0,261,476,"Lakeside Public School",20071010
001,AJAX--PICKERING,65,1,90,15,12,"Ajax",189, ,0,0,0,183,376,"Lakeside Public School",20071010
001,AJAX--PICKERING,33,0,33,10,9,"Ajax",190, ,2,0,0,87,165,"Lakeside Public School",20071010
001,AJAX--PICKERING,58,3,76,11,6,"Ajax",191, ,0,0,0,154,298,"Lakeside Public School",20071010
001,AJAX--PICKERING,106,3,80,19,24,"Ajax",192, ,0,1,0,233,445,"Duffin's Bay Public School",20071010
001,AJAX--PICKERING,140,2,115,17,22,"Ajax",193, ,1,0,0,297,490,"Lakeside Public School",20071010
001,AJAX--PICKERING,100,4,129,14,24,"Ajax",194, ,1,0,0,272,467,"Duffin's Bay Public School",20071010
001,AJAX--PICKERING,76,0,90,21,22,"Ajax",195, ,2,0,1,212,434,"Duffin's Bay Public School",20071010
001,AJAX--PICKERING,97,1,105,20,18,"Ajax",196, ,0,4,0,245,463,"St. James Catholic School",20071010
001,AJAX--PICKERING,104,2,150,6,18,"Ajax",197, ,0,0,0,280,475,"Duffin's Bay Public School",20071010
001,AJAX--PICKERING,50,2,79,7,5,"Ajax",198, ,1,0,0,144,268,"St. James Catholic School",20071010
001,AJAX--PICKERING,57,2,90,26,25,"Ajax",199, ,0,0,1,201,413,"St. James Catholic School",20071010
001,AJAX--PICKERING,71,0,106,20,20,"Ajax",200, ,0,0,0,217,435,"St. James Catholic School",20071010
001,AJAX--PICKERING,86,0,101,8,22,"Ajax",201, ,0,0,0,217,407,"Southwood Park Public School",20071010
001,AJAX--PICKERING,73,2,91,14,21,"Ajax",202, ,0,0,0,201,382,"Southwood Park Public School",20071010
001,AJAX--PICKERING,124,2,132,6,18,"Ajax",203, ,0,2,0,284,472,"Lakeside Public School",20071010
001,AJAX--PICKERING,45,1,63,21,5,"Ajax",400, ,0,1,0,136,188,"Top of Westney",20071010
001,AJAX--PICKERING,65,4,101,13,12,"Pickering",403, ,0,0,0,195,306,"Emerald Point",20071010
001,AJAX--PICKERING,33,2,63,13,10,"Ajax",404, ,0,0,0,121,170,"Village Gardens",20071010
001,AJAX--PICKERING,67,1,98,29,13,"Ajax",405, ,0,1,0,209,266,"44 Falby Court",20071010
001,AJAX--PICKERING,38,3,81,12,11,"Ajax",406, ,1,0,0,146,261,"33 Falby Court",20071010
001,AJAX--PICKERING,43,2,69,18,17,"Ajax",407, ,0,2,0,151,282,"55 Falby Court",20071010
001,AJAX--PICKERING,27,0,39,10,7,"Pickering",409, ,0,0,0,83,144,"1625 Pickering Parkway",20071010
001,AJAX--PICKERING,34,0,80,18,8,"Ajax",410, ,0,0,0,140,288,"77 Falby Court",20071010
001,AJAX--PICKERING,376,8,438,60,61,"Ajax",Advanced Polls /  ADV001, ,2,3,2,950,0,"Returning Office / Bureau du directeur du scrutin",20071010
001,AJAX--PICKERING,338,17,582,74,77,"Ajax",Advanced Polls /  ADV002, ,2,1,0,1091,0,"Ajax Public Library",20071010
001,AJAX--PICKERING,97,1,117,11,15,"Ajax",Advanced Polls /  ADV003, ,0,0,0,241,0,"Tribute Lakeside Pavilion",20071010
001,AJAX--PICKERING,368,11,570,76,64,"Ajax",Advanced Polls /  ADV004, ,5,4,0,1098,0,"Mclean's Community Centre",20071010
001,AJAX--PICKERING,210,5,330,28,40,"Pickering",Advanced Polls /  ADV005, ,1,1,1,616,0,"Pickering Recreation Complex",20071010
001,AJAX--PICKERING,84,7,40,6,13,"Claremont",Advanced Polls /  ADV006, ,0,0,1,151,0,"Claremont Community Centre",20071010
TOTALS:, ,13898,368,19857,3275,3067, , , , , , , , , , 
