ED_CODE,ED_NAME,CORRIGAN,DENBY,JOHNSON,POTHAAR,SCOTT,SMITH,PLACE_NAME,POLL_NUMBER,RURAL_INDICATOR,REJECTED,UNMARKED,DECLINED,VOTER_TURNOUT,ELECTORS,POLL_LOCATION,POLL_DATE
029,HALIBURTON--KAWARTHA LAKES--BR,7,2,12,0,37,12,"Oxtongue Lake",001, ,0,0,0,70,112,"Oxtongue Lake Community Centre",20071010
029,HALIBURTON--KAWARTHA LAKES--BR,34,2,79,0,108,36,"Dorset",002, ,0,0,0,259,312,"Dorset Community Centre",20071010
029,HALIBURTON--KAWARTHA LAKES--BR,13,0,54,2,84,21,"West Guilford",003, ,0,0,0,174,278,"West Guilford Recreation Centre",20071010
029,HALIBURTON--KAWARTHA LAKES--BR,18,1,47,1,72,11,"Eagle Lake",004, ,0,1,0,151,343,"Eagle Lake Community Church",20071010
029,HALIBURTON--KAWARTHA LAKES--BR,15,1,38,0,63,15,"Eagle Lake",005, ,0,0,1,133,239,"Eagle Lake Community Church",20071010
029,HALIBURTON--KAWARTHA LAKES--BR,23,3,70,11,126,16,"Harcourt",006, ,1,0,0,250,355,"Harcourt Community Centre",20071010
029,HALIBURTON--KAWARTHA LAKES--BR,24,0,56,0,80,16,"Halls Lake",007, ,0,0,0,176,319,"Club 35 Hall's Lake",20071010
029,HALIBURTON--KAWARTHA LAKES--BR,25,1,47,2,105,25,"Haliburton",008, ,1,0,0,206,406,"Royal Canadian Legion Branch 129",20071010
029,HALIBURTON--KAWARTHA LAKES--BR,37,0,69,4,110,27,"Minden",009, ,1,0,2,250,413,"Stanhope Municipal Office",20071010
029,HALIBURTON--KAWARTHA LAKES--BR,23,2,51,2,111,16,"West Guilford",010, ,0,0,0,205,336,"West Guilford Recreation Centre",20071010
029,HALIBURTON--KAWARTHA LAKES--BR,12,1,66,1,139,27,"Haliburton",011, ,0,0,0,246,455,"Stuart W. Baker School",20071010
029,HALIBURTON--KAWARTHA LAKES--BR,8,1,34,0,59,9,"Haliburton",012, ,0,0,0,111,270,"Royal Canadian Legion Branch 129",20071010
029,HALIBURTON--KAWARTHA LAKES--BR,17,1,28,3,64,14,"Haliburton",013, ,0,0,0,127,284,"Royal Canadian Legion Branch 129",20071010
029,HALIBURTON--KAWARTHA LAKES--BR,2,0,2,1,18,1,"Haliburton",014s, ,1,0,0,25,59,"Extendicare Haliburton",20071010
029,HALIBURTON--KAWARTHA LAKES--BR,7,0,59,0,91,6,"Haliburton",015, ,0,0,0,163,347,"Royal Canadian Legion Branch 129",20071010
029,HALIBURTON--KAWARTHA LAKES--BR,17,2,47,0,87,17,"Haliburton",016, ,0,0,0,170,424,"Stuart W. Baker School",20071010
029,HALIBURTON--KAWARTHA LAKES--BR,..........................NO POLL HELD........................,,,,,,"Cardiff",017, ,0,0,0,0,0,"",20071010
029,HALIBURTON--KAWARTHA LAKES--BR,20,0,56,0,76,7,"Carnarvon",018, ,0,0,0,159,285,"Zion United Church",20071010
029,HALIBURTON--KAWARTHA LAKES--BR,23,0,74,1,118,31,"Carnarvon",019, ,1,1,0,249,396,"Zion United Church",20071010
029,HALIBURTON--KAWARTHA LAKES--BR,19,2,56,1,126,14,"Minden",020, ,6,0,0,224,430,"Minden Community Centre",20071010
029,HALIBURTON--KAWARTHA LAKES--BR,1,1,4,0,10,1,"Haliburton",021s, ,0,1,0,18,30,"Highland Wood",20071010
029,HALIBURTON--KAWARTHA LAKES--BR,16,1,64,0,74,18,"Haliburton",022, ,0,1,0,174,362,"Stuart W. Baker School",20071010
029,HALIBURTON--KAWARTHA LAKES--BR,19,0,58,2,149,18,"Wilberforce",023, ,2,0,0,248,420,"Lloyd Watson Memorial Centre",20071010
029,HALIBURTON--KAWARTHA LAKES--BR,17,0,36,0,93,12,"Minden",024, ,1,0,0,159,302,"Minden Community Centre",20071010
029,HALIBURTON--KAWARTHA LAKES--BR,17,3,63,1,117,13,"Minden",025, ,0,1,0,215,456,"Minden Community Centre",20071010
029,HALIBURTON--KAWARTHA LAKES--BR,22,2,29,0,73,10,"Lochlin",026, ,0,0,0,136,282,"Lochlin Community Centre",20071010
029,HALIBURTON--KAWARTHA LAKES--BR,30,0,49,1,75,21,"Gooderham",027, ,0,1,1,178,306,"Glamorgan Post Office",20071010
029,HALIBURTON--KAWARTHA LAKES--BR,13,1,32,2,57,7,"Wilberforce",028, ,0,0,0,112,198,"Lloyd Watson Memorial Centre",20071010
029,HALIBURTON--KAWARTHA LAKES--BR,65,2,138,3,200,36,"Cardiff",029, ,0,0,0,444,726,"Cardiff Community Centre",20071010
029,HALIBURTON--KAWARTHA LAKES--BR,13,0,47,3,118,10,"Minden",030, ,1,0,0,192,368,"Minden Community Centre",20071010
029,HALIBURTON--KAWARTHA LAKES--BR,2,0,5,0,21,0,"Minden",031s, ,1,0,0,29,63,"Hyland Crest Senior Citizens Home",20071010
029,HALIBURTON--KAWARTHA LAKES--BR,5,0,30,0,40,6,"Minden",032, ,0,0,0,81,271,"Minden Community Centre",20071010
029,HALIBURTON--KAWARTHA LAKES--BR,16,0,43,3,90,25,"Lochlin",033, ,0,0,0,177,356,"Lochlin Community Centre",20071010
029,HALIBURTON--KAWARTHA LAKES--BR,17,1,28,0,61,11,"Gooderham",034, ,0,0,0,118,239,"Glamorgan Post Office",20071010
029,HALIBURTON--KAWARTHA LAKES--BR,17,0,46,1,64,10,"Glen Alda",035, ,0,0,0,138,231,"Chandos Glen Alda Community Centre",20071010
029,HALIBURTON--KAWARTHA LAKES--BR,9,0,25,1,53,6,"Norland",036, ,0,0,0,94,209,"Pioneer Baptist Church",20071010
029,HALIBURTON--KAWARTHA LAKES--BR,15,1,33,0,85,8,"Minden",037, ,0,0,0,142,347,"Minden Community Centre",20071010
029,HALIBURTON--KAWARTHA LAKES--BR,29,0,41,0,122,16,"Minden",038, ,1,0,0,209,401,"Minden Community Centre",20071010
029,HALIBURTON--KAWARTHA LAKES--BR,10,2,28,0,46,15,"Irondale",039, ,0,0,0,101,261,"Irondale General Store",20071010
029,HALIBURTON--KAWARTHA LAKES--BR,26,0,76,2,118,22,"Apsley",040, ,0,0,0,244,350,"Township of North Kawartha Municipal Office",20071010
029,HALIBURTON--KAWARTHA LAKES--BR,16,2,45,1,139,21,"Kinmount",041, ,1,0,1,226,311,"Royal Canadian Legion Branch 441",20071010
029,HALIBURTON--KAWARTHA LAKES--BR,16,0,35,1,69,9,"Cavandish",042, ,0,1,0,131,189,"Cavendish Community Centre",20071010
029,HALIBURTON--KAWARTHA LAKES--BR,7,1,36,1,57,10,"Apsley",043, ,0,0,0,112,246,"Township of North Kawartha Municipal Office",20071010
029,HALIBURTON--KAWARTHA LAKES--BR,31,1,39,1,72,20,"Sebright",044, ,0,0,0,164,298,"Dalton Community Centre",20071010
029,HALIBURTON--KAWARTHA LAKES--BR,31,2,67,3,115,18,"Norland",045, ,0,0,0,236,278,"Pioneer Baptist Church",20071010
029,HALIBURTON--KAWARTHA LAKES--BR,..........................NO POLL HELD........................,,,,,,"Norland",046, ,0,0,0,0,0,"",20071010
029,HALIBURTON--KAWARTHA LAKES--BR,26,0,31,0,86,24,"Kinmount",047, ,0,0,0,167,366,"Royal Canadian Legion Branch 441",20071010
029,HALIBURTON--KAWARTHA LAKES--BR,15,0,27,1,39,14,"Apsley",048, ,0,0,0,96,199,"Township of North Kawartha Municipal Office",20071010
029,HALIBURTON--KAWARTHA LAKES--BR,24,2,70,1,119,18,"Sebright",049, ,0,0,0,234,393,"Carden Community Centre",20071010
029,HALIBURTON--KAWARTHA LAKES--BR,13,0,29,0,63,5,"Coboconk",050, ,1,0,0,111,210,"Coboconk Community Centre",20071010
029,HALIBURTON--KAWARTHA LAKES--BR,10,1,36,0,86,6,"Coboconk",051, ,1,0,0,140,314,"Coboconk Community Centre",20071010
029,HALIBURTON--KAWARTHA LAKES--BR,36,6,93,3,137,27,"Burnt River",052, ,0,0,0,302,442,"Burnt River Recreation Centre",20071010
029,HALIBURTON--KAWARTHA LAKES--BR,21,1,42,1,66,13,"Buckhorn",053, ,0,0,0,144,282,"Buckhorn Community Centre",20071010
029,HALIBURTON--KAWARTHA LAKES--BR,4,0,20,1,19,9,"Woodview",054, ,0,0,0,53,118,"Wilson Park Community Centre",20071010
029,HALIBURTON--KAWARTHA LAKES--BR,15,0,16,0,52,7,"Sebright",055, ,0,0,1,91,263,"Carden Community Centre",20071010
029,HALIBURTON--KAWARTHA LAKES--BR,18,2,57,2,106,10,"Kirkfield",056, ,0,0,0,195,399,"Kirkfield Lions Club",20071010
029,HALIBURTON--KAWARTHA LAKES--BR,14,2,28,0,84,5,"Coboconk",057, ,2,0,0,135,265,"Coboconk Community Centre",20071010
029,HALIBURTON--KAWARTHA LAKES--BR,18,2,67,0,116,9,"Baddow",058, ,0,1,0,213,341,"Baddow Community Centre",20071010
029,HALIBURTON--KAWARTHA LAKES--BR,15,2,36,2,111,6,"Bobcaygeon",059, ,0,0,0,172,299,"Bobcaygeon Public School",20071010
029,HALIBURTON--KAWARTHA LAKES--BR,24,1,38,0,115,17,"Bobcaygeon",060, ,0,1,0,196,345,"Bobcaygeon Public School",20071010
029,HALIBURTON--KAWARTHA LAKES--BR,42,1,55,0,86,14,"Oak Shores",061, ,0,0,0,198,396,"Oak Shores Community Centre",20071010
029,HALIBURTON--KAWARTHA LAKES--BR,25,0,111,1,83,28,"Buckhorn",062, ,1,0,0,249,401,"Buckhorn Community Centre",20071010
029,HALIBURTON--KAWARTHA LAKES--BR,27,1,63,0,59,16,"Burleigh Falls",063, ,1,0,0,167,388,"The Church on The Rock",20071010
029,HALIBURTON--KAWARTHA LAKES--BR,20,2,45,0,87,13,"Kirkfield",064, ,1,0,0,168,311,"Kirkfield Lions Club",20071010
029,HALIBURTON--KAWARTHA LAKES--BR,23,2,60,2,94,11,"Kirkfield",065, ,0,0,0,192,409,"Kirkfield Lions Club",20071010
029,HALIBURTON--KAWARTHA LAKES--BR,19,0,66,2,110,17,"Fenelon Falls",066, ,0,0,0,214,385,"Royal Canadian Legion Branch 238",20071010
029,HALIBURTON--KAWARTHA LAKES--BR,13,3,60,1,83,9,"Fenelon Falls",067, ,0,1,0,170,259,"Fenelon Falls United Church",20071010
029,HALIBURTON--KAWARTHA LAKES--BR,11,2,24,0,52,5,"Fenelon Falls",068, ,0,0,0,94,214,"Fenelon Falls United Church",20071010
029,HALIBURTON--KAWARTHA LAKES--BR,18,0,56,0,89,13,"Fenelon Falls",069, ,0,1,0,177,322,"Fenelon Falls United Church",20071010
029,HALIBURTON--KAWARTHA LAKES--BR,19,1,42,0,84,12,"Fenelon Falls",070, ,0,0,0,158,330,"Royal Canadian Legion Branch 238",20071010
029,HALIBURTON--KAWARTHA LAKES--BR,10,0,36,2,50,4,"Fenelon Falls",071, ,0,0,0,102,221,"St. James Anglican Church",20071010
029,HALIBURTON--KAWARTHA LAKES--BR,2,0,5,0,18,0,"Fenelon Falls",072s, ,0,0,0,25,54,"Fenelon Court",20071010
029,HALIBURTON--KAWARTHA LAKES--BR,19,3,60,0,102,10,"Fenelon Falls",073, ,0,0,0,194,351,"St. James Anglican Church",20071010
029,HALIBURTON--KAWARTHA LAKES--BR,29,1,63,1,144,22,"Fenelon Falls",074, ,0,0,1,261,437,"Fenelon Falls United Church",20071010
029,HALIBURTON--KAWARTHA LAKES--BR,25,0,41,0,69,6,"Bobcaygeon",075, ,0,0,0,141,255,"Bobcaygeon Senior Citizens Club",20071010
029,HALIBURTON--KAWARTHA LAKES--BR,17,3,28,0,57,12,"Bobcaygeon",076, ,0,0,0,117,350,"Bobcaygeon Senior Citizens Club",20071010
029,HALIBURTON--KAWARTHA LAKES--BR,27,1,51,1,80,6,"Bobcaygeon",077, ,0,0,0,166,306,"Bobcaygeon Public School",20071010
029,HALIBURTON--KAWARTHA LAKES--BR,12,1,36,0,39,11,"Bobcaygeon",078, ,0,1,0,100,215,"Bobcaygeon Senior Citizens Club",20071010
029,HALIBURTON--KAWARTHA LAKES--BR,17,0,39,0,50,13,"Bobcaygeon",079, ,0,1,0,120,226,"Royal Canadian Legion Branch 239",20071010
029,HALIBURTON--KAWARTHA LAKES--BR,9,0,29,0,68,8,"Bobcaygeon",080, ,0,0,0,114,302,"Royal Canadian Legion Branch 239",20071010
029,HALIBURTON--KAWARTHA LAKES--BR,20,1,36,2,66,15,"Bobcaygeon",081, ,0,0,0,140,306,"Bobcaygeon Senior Citizens Club",20071010
029,HALIBURTON--KAWARTHA LAKES--BR,2,0,10,0,15,1,"Bobcaygeon",082s, ,2,0,0,30,76,"Specialty Case Manor",20071010
029,HALIBURTON--KAWARTHA LAKES--BR,25,1,53,1,98,6,"Bobcaygeon",083, ,0,1,0,185,377,"Bobcaygeon Public School",20071010
029,HALIBURTON--KAWARTHA LAKES--BR,15,0,61,0,88,2,"Bobcaygeon",084, ,0,0,0,166,270,"Royal Canadian Legion Branch 239",20071010
029,HALIBURTON--KAWARTHA LAKES--BR,3,0,5,0,20,3,"Bobcaygeon",085s, ,1,1,0,33,64,"Pinecrest Nursing Home",20071010
029,HALIBURTON--KAWARTHA LAKES--BR,13,0,79,0,85,6,"Bobcaygeon",086, ,0,0,0,183,284,"Royal Canadian Legion Branch 239",20071010
029,HALIBURTON--KAWARTHA LAKES--BR,4,0,52,0,43,4,"Bobcaygeon",087, ,0,0,0,103,182,"Royal Canadian Legion Branch 239",20071010
029,HALIBURTON--KAWARTHA LAKES--BR,15,0,19,1,44,6,"Lakehurst",088, ,0,0,0,85,126,"Lakehurst Community Hall",20071010
029,HALIBURTON--KAWARTHA LAKES--BR,51,0,115,2,119,17,"Lakehurst",089, ,0,0,0,304,429,"Lakehurst Community Hall",20071010
029,HALIBURTON--KAWARTHA LAKES--BR,33,0,115,0,109,33,"Buckhorn",090, ,1,0,0,291,416,"Buckhorn Community Centre",20071010
029,HALIBURTON--KAWARTHA LAKES--BR,21,4,52,1,87,23,"Gamebridge",091, ,0,0,0,188,354,"Gamebridge Women's Institute Hall",20071010
029,HALIBURTON--KAWARTHA LAKES--BR,10,1,58,0,82,16,"Bolsover",092A, ,1,0,0,168,300,"Bolsover Community Centre",20071010
029,HALIBURTON--KAWARTHA LAKES--BR,8,0,38,0,88,11,"Bolsover",092B, ,0,0,0,145,311,"Bolsover Community Centre",20071010
029,HALIBURTON--KAWARTHA LAKES--BR,22,2,36,0,103,9,"Hartley",093, ,1,0,1,174,400,"Palestine Community Centre",20071010
029,HALIBURTON--KAWARTHA LAKES--BR,21,2,63,3,105,11,"Hartley",094, ,1,0,0,206,431,"Palestine Community Centre",20071010
029,HALIBURTON--KAWARTHA LAKES--BR,31,2,73,0,134,15,"Cameron",095, ,0,1,0,256,441,"Southview Cameron New Horizons Club",20071010
029,HALIBURTON--KAWARTHA LAKES--BR,37,0,67,2,153,16,"Fenelon Falls",096, ,0,0,0,275,476,"Royal Canadian Legion Branch 238",20071010
029,HALIBURTON--KAWARTHA LAKES--BR,21,0,46,1,82,19,"Fenelon Falls",097, ,0,0,0,169,340,"St. James Anglican Church",20071010
029,HALIBURTON--KAWARTHA LAKES--BR,17,1,87,0,107,14,"Fenelon Falls",098, ,0,0,0,226,417,"St. James Anglican Church",20071010
029,HALIBURTON--KAWARTHA LAKES--BR,28,3,54,2,87,17,"Dunsford",099, ,0,0,0,191,425,"Dunsford Community Centre Incorporated",20071010
029,HALIBURTON--KAWARTHA LAKES--BR,24,3,52,0,88,14,"Bobcaygeon",100, ,0,1,0,182,343,"Royal Canadian Legion Branch 239",20071010
029,HALIBURTON--KAWARTHA LAKES--BR,24,1,50,1,105,15,"Bobcaygeon",101, ,0,0,0,196,383,"Victoria Place Club House",20071010
029,HALIBURTON--KAWARTHA LAKES--BR,29,0,83,1,115,10,"Bobcaygeon",102, ,0,1,0,239,319,"Victoria Place Club House",20071010
029,HALIBURTON--KAWARTHA LAKES--BR,25,1,39,0,68,11,"Beaverton",103, ,0,0,0,144,319,"Royal Canadian Legion Branch 135",20071010
029,HALIBURTON--KAWARTHA LAKES--BR,18,2,42,2,70,8,"Beaverton",104, ,0,0,0,142,286,"Royal Canadian Legion Branch 135",20071010
029,HALIBURTON--KAWARTHA LAKES--BR,6,2,10,1,27,0,"Beaverton",105s, ,0,0,0,46,144,"Lakeview Manor",20071010
029,HALIBURTON--KAWARTHA LAKES--BR,23,2,31,0,52,15,"Beaverton",106, ,0,0,0,123,289,"Beaverton Town Hall",20071010
029,HALIBURTON--KAWARTHA LAKES--BR,10,0,42,0,50,7,"Beaverton",107, ,0,0,0,109,285,"Royal Canadian Legion Branch 135",20071010
029,HALIBURTON--KAWARTHA LAKES--BR,12,1,33,0,58,12,"Beaverton",108, ,0,0,0,116,295,"Holy Family Catholic School",20071010
029,HALIBURTON--KAWARTHA LAKES--BR,16,0,44,0,77,17,"Beaverton",109, ,0,0,0,154,314,"Royal Canadian Legion Branch 135",20071010
029,HALIBURTON--KAWARTHA LAKES--BR,19,3,40,2,72,25,"Beaverton",110, ,0,0,0,161,319,"Holy Family Catholic School",20071010
029,HALIBURTON--KAWARTHA LAKES--BR,11,0,15,0,51,11,"Beaverton",111, ,0,0,1,89,177,"Holy Family Catholic School",20071010
029,HALIBURTON--KAWARTHA LAKES--BR,17,6,27,1,108,14,"Hartley",112, ,2,0,0,175,363,"Palestine Community Centre",20071010
029,HALIBURTON--KAWARTHA LAKES--BR,24,3,70,2,157,10,"Woodville",113, ,0,0,0,266,473,"Woodville-Eldon Community Centre",20071010
029,HALIBURTON--KAWARTHA LAKES--BR,68,6,78,2,154,20,"Cambray",114, ,0,0,0,328,507,"Fenelon Township Community Centre",20071010
029,HALIBURTON--KAWARTHA LAKES--BR,31,1,56,1,82,13,"Cambray",115, ,1,0,0,185,376,"Fenelon Township Community Centre",20071010
029,HALIBURTON--KAWARTHA LAKES--BR,36,5,74,1,126,17,"Cameron",116, ,0,1,0,260,427,"Southview Cameron New Horizons Club",20071010
029,HALIBURTON--KAWARTHA LAKES--BR,15,1,69,0,115,10,"Dunsford",117, ,1,0,0,211,413,"Dunsford Community Centre Incorporated",20071010
029,HALIBURTON--KAWARTHA LAKES--BR,27,2,61,1,121,21,"Dunsford",118, ,1,1,1,236,459,"Dunsford Community Centre Incorporated",20071010
029,HALIBURTON--KAWARTHA LAKES--BR,25,4,48,3,120,14,"Dunsford",119, ,0,0,1,215,394,"Dunsford Community Centre Incorporated",20071010
029,HALIBURTON--KAWARTHA LAKES--BR,15,2,84,3,105,13,"Downeyville",120, ,0,0,0,222,429,"St. Luke's Catholic School",20071010
029,HALIBURTON--KAWARTHA LAKES--BR,32,0,62,2,116,12,"Bobcaygeon",121, ,1,2,0,227,429,"Victoria Place Club House",20071010
029,HALIBURTON--KAWARTHA LAKES--BR,24,0,83,3,97,22,"Omemee",122, ,2,0,0,231,544,"Bethel United Church",20071010
029,HALIBURTON--KAWARTHA LAKES--BR,17,3,42,1,54,4,"Beaverton",123, ,1,0,1,123,222,"Beaverton Town Hall",20071010
029,HALIBURTON--KAWARTHA LAKES--BR,3,2,12,0,31,7,"Wilfrid",124, ,0,1,0,56,181,"Wilfrid Community Hall",20071010
029,HALIBURTON--KAWARTHA LAKES--BR,13,5,39,2,84,18,"Cannington",125, ,0,0,0,161,376,"Cannington Baptist Church",20071010
029,HALIBURTON--KAWARTHA LAKES--BR,23,0,49,1,86,15,"Cannington",126, ,0,1,0,175,300,"McCaskill's Mills Public School",20071010
029,HALIBURTON--KAWARTHA LAKES--BR,20,3,36,3,84,14,"Cannington",127, ,0,0,0,160,299,"McCaskill's Mills Public School",20071010
029,HALIBURTON--KAWARTHA LAKES--BR,26,6,51,2,151,11,"Woodville",128, ,0,1,0,248,483,"Woodville-Eldon Community Centre",20071010
029,HALIBURTON--KAWARTHA LAKES--BR,11,11,39,2,175,9,"Woodville",129, ,0,0,0,247,482,"Woodville-Eldon Community Centre",20071010
029,HALIBURTON--KAWARTHA LAKES--BR,8,0,48,1,88,6,"Lindsay",130, ,2,0,0,153,302,"Lindsay Christian Reform Church",20071010
029,HALIBURTON--KAWARTHA LAKES--BR,16,2,42,0,70,7,"Lindsay",131A, ,0,0,0,137,261,"Lindsay Christian Reform Church",20071010
029,HALIBURTON--KAWARTHA LAKES--BR,19,1,38,1,68,8,"Lindsay",131B, ,0,0,0,135,285,"Lindsay Christian Reform Church",20071010
029,HALIBURTON--KAWARTHA LAKES--BR,17,1,72,0,79,8,"Lindsay",132, ,0,0,0,177,349,"Alexandra Public School",20071010
029,HALIBURTON--KAWARTHA LAKES--BR,11,3,117,0,105,16,"Lindsay",133, ,0,1,0,253,453,"Parkview Public School",20071010
029,HALIBURTON--KAWARTHA LAKES--BR,8,1,44,0,56,2,"Lindsay",134, ,2,0,0,113,271,"Victoria Park Armoury",20071010
029,HALIBURTON--KAWARTHA LAKES--BR,6,0,9,0,36,1,"Lindsay",135s, ,0,2,0,54,95,"Caressant Care on McLaughlin",20071010
029,HALIBURTON--KAWARTHA LAKES--BR,23,2,61,0,77,10,"Lindsay",136, ,2,0,0,175,360,"Alexandra Public School",20071010
029,HALIBURTON--KAWARTHA LAKES--BR,27,1,91,0,134,10,"Lindsay",137, ,2,0,0,265,458,"St. Dominic Catholic School",20071010
029,HALIBURTON--KAWARTHA LAKES--BR,20,0,95,3,98,6,"Lindsay",138, ,0,0,0,222,378,"Pope John Paul II School",20071010
029,HALIBURTON--KAWARTHA LAKES--BR,12,1,73,4,84,11,"Lindsay",139, ,1,0,0,186,338,"Parkview Public School",20071010
029,HALIBURTON--KAWARTHA LAKES--BR,20,2,80,0,103,7,"Lindsay",140, ,2,0,0,214,334,"Leslie Frost Public School",20071010
029,HALIBURTON--KAWARTHA LAKES--BR,15,1,89,0,101,10,"Lindsay",141, ,0,2,0,218,397,"Parkview Public School",20071010
029,HALIBURTON--KAWARTHA LAKES--BR,..........................NO POLL HELD........................,,,,,,"Lindsay",142s, ,0,0,0,0,0,"",20071010
029,HALIBURTON--KAWARTHA LAKES--BR,15,2,106,0,114,7,"Lindsay",143, ,0,0,0,244,398,"Pope John Paul II School",20071010
029,HALIBURTON--KAWARTHA LAKES--BR,7,1,29,2,50,4,"Lindsay",144, ,0,0,0,93,238,"Victoria Park Armoury",20071010
029,HALIBURTON--KAWARTHA LAKES--BR,22,1,76,0,85,4,"Lindsay",145, ,0,1,0,189,352,"Parkview Public School",20071010
029,HALIBURTON--KAWARTHA LAKES--BR,9,1,57,0,100,6,"Lindsay",146, ,0,0,0,173,345,"Alexandra Public School",20071010
029,HALIBURTON--KAWARTHA LAKES--BR,13,1,29,0,73,2,"Lindsay",147s, ,2,1,0,121,179,"Caressant Care Retirement Home",20071010
029,HALIBURTON--KAWARTHA LAKES--BR,18,2,45,0,75,9,"Lindsay",148, ,0,0,0,149,331,"Leslie Frost Public School",20071010
029,HALIBURTON--KAWARTHA LAKES--BR,14,0,54,0,67,5,"Lindsay",149, ,2,0,1,143,265,"Victoria Park Armoury",20071010
029,HALIBURTON--KAWARTHA LAKES--BR,5,0,10,0,18,1,"Lindsay",150s, ,0,0,0,34,60,"Frost Manor",20071010
029,HALIBURTON--KAWARTHA LAKES--BR,24,2,61,0,96,8,"Lindsay",151, ,0,0,0,191,352,"Pope John Paul II School",20071010
029,HALIBURTON--KAWARTHA LAKES--BR,21,0,51,1,69,9,"Lindsay",152, ,0,0,0,151,355,"Victoria Park Armoury",20071010
029,HALIBURTON--KAWARTHA LAKES--BR,17,4,42,1,88,12,"Lindsay",153, ,0,1,0,165,387,"Leslie Frost Public School",20071010
029,HALIBURTON--KAWARTHA LAKES--BR,16,2,60,0,76,10,"Lindsay",154, ,0,0,0,164,312,"Alexandra Public School",20071010
029,HALIBURTON--KAWARTHA LAKES--BR,20,1,70,0,55,15,"Lindsay",155, ,0,0,0,161,306,"Victoria Park Armoury",20071010
029,HALIBURTON--KAWARTHA LAKES--BR,22,3,60,0,87,12,"Lindsay",156, ,0,0,0,184,365,"Pope John Paul II School",20071010
029,HALIBURTON--KAWARTHA LAKES--BR,16,0,50,0,83,17,"Lindsay",157, ,0,0,0,166,317,"Pope John Paul II School",20071010
029,HALIBURTON--KAWARTHA LAKES--BR,16,1,31,0,34,11,"Lindsay",158, ,0,0,0,93,253,"Victoria Park Armoury",20071010
029,HALIBURTON--KAWARTHA LAKES--BR,20,0,10,2,34,5,"Lindsay",159, ,0,0,0,71,207,"Victoria Park Armoury",20071010
029,HALIBURTON--KAWARTHA LAKES--BR,22,0,27,0,31,7,"Lindsay",160, ,0,0,0,87,246,"Pope John Paul II School",20071010
029,HALIBURTON--KAWARTHA LAKES--BR,3,0,12,2,18,2,"Lindsay",161s, ,1,0,0,38,67,"Residence on William Street",20071010
029,HALIBURTON--KAWARTHA LAKES--BR,16,0,28,0,22,9,"Lindsay",162, ,0,0,0,75,258,"Victoria Park Armoury",20071010
029,HALIBURTON--KAWARTHA LAKES--BR,18,1,20,0,32,11,"Lindsay",163, ,0,0,0,82,250,"Kawartha Lakes Boys and Girls Club",20071010
029,HALIBURTON--KAWARTHA LAKES--BR,..........................NO POLL HELD........................,,,,,,"Lindsay",164, ,0,0,0,0,0,"",20071010
029,HALIBURTON--KAWARTHA LAKES--BR,24,0,38,0,55,11,"Lindsay",165, ,0,0,0,128,310,"Kawartha Lakes Boys and Girls Club",20071010
029,HALIBURTON--KAWARTHA LAKES--BR,11,0,13,0,29,4,"Lindsay",166, ,0,0,0,57,216,"Victoria Park Armoury",20071010
029,HALIBURTON--KAWARTHA LAKES--BR,20,1,31,2,45,16,"Lindsay",167, ,1,0,0,116,270,"Queen Victoria Public School",20071010
029,HALIBURTON--KAWARTHA LAKES--BR,32,1,32,1,54,8,"Lindsay",168, ,0,0,0,128,298,"Kawartha Lakes Boys and Girls Club",20071010
029,HALIBURTON--KAWARTHA LAKES--BR,22,1,27,3,81,8,"Lindsay",169, ,0,0,0,142,341,"Queen Victoria Public School",20071010
029,HALIBURTON--KAWARTHA LAKES--BR,26,1,59,3,43,11,"Lindsay",170, ,1,0,0,144,307,"St. Mary's Catholic School",20071010
029,HALIBURTON--KAWARTHA LAKES--BR,26,1,22,0,58,13,"Lindsay",171, ,0,0,0,120,303,"Queen Victoria Public School",20071010
029,HALIBURTON--KAWARTHA LAKES--BR,19,6,56,5,76,13,"Lindsay",172, ,0,0,0,175,362,"St. Mary's Catholic School",20071010
029,HALIBURTON--KAWARTHA LAKES--BR,26,1,51,6,70,12,"Lindsay",173, ,0,0,0,166,350,"Kawartha Lakes Boys and Girls Club",20071010
029,HALIBURTON--KAWARTHA LAKES--BR,20,3,44,0,56,12,"Lindsay",174, ,0,0,0,135,351,"Queen Victoria Public School",20071010
029,HALIBURTON--KAWARTHA LAKES--BR,34,1,23,1,44,9,"Lindsay",175, ,1,0,0,113,294,"St. Mary's Catholic School",20071010
029,HALIBURTON--KAWARTHA LAKES--BR,0,0,11,0,43,2,"Lindsay",176s, ,2,2,0,60,102,"Lakeland Village Assisted Living Complex",20071010
029,HALIBURTON--KAWARTHA LAKES--BR,29,1,48,1,72,7,"Lindsay",177, ,0,1,0,159,348,"Queen Victoria Public School",20071010
029,HALIBURTON--KAWARTHA LAKES--BR,24,1,41,2,62,6,"Lindsay",178, ,0,1,0,137,314,"Queen Victoria Public School",20071010
029,HALIBURTON--KAWARTHA LAKES--BR,19,0,44,2,75,13,"Lindsay",179, ,0,0,0,153,353,"Ops Community Centre",20071010
029,HALIBURTON--KAWARTHA LAKES--BR,29,1,68,1,129,7,"Lindsay",180, ,0,0,0,235,462,"Ops Community Centre",20071010
029,HALIBURTON--KAWARTHA LAKES--BR,32,3,89,1,109,17,"Omemee",181, ,1,0,0,252,550,"Scott Young Public School",20071010
029,HALIBURTON--KAWARTHA LAKES--BR,34,0,37,0,58,9,"Downeyville",182A, ,0,0,0,138,290,"St. Luke's Catholic School",20071010
029,HALIBURTON--KAWARTHA LAKES--BR,24,1,41,2,53,8,"Downeyville",182B, ,0,0,0,129,272,"St. Luke's Catholic School",20071010
029,HALIBURTON--KAWARTHA LAKES--BR,35,1,57,1,93,8,"Omemee",183, ,0,1,0,196,442,"Bethel United Church",20071010
029,HALIBURTON--KAWARTHA LAKES--BR,16,0,98,0,113,18,"Omemee",184, ,0,0,0,245,570,"Bethel United Church",20071010
029,HALIBURTON--KAWARTHA LAKES--BR,10,0,26,0,62,10,"Wilfrid",185, ,0,2,0,110,244,"Wilfrid Community Hall",20071010
029,HALIBURTON--KAWARTHA LAKES--BR,11,1,36,3,78,12,"Sunderland",186, ,0,0,0,141,239,"Sunderland United Church",20071010
029,HALIBURTON--KAWARTHA LAKES--BR,28,6,47,2,80,18,"Cannington",187, ,0,0,0,181,328,"Cannington Baptist Church",20071010
029,HALIBURTON--KAWARTHA LAKES--BR,17,1,40,1,59,13,"Cannington",188, ,0,0,0,131,298,"Cannington Baptist Church",20071010
029,HALIBURTON--KAWARTHA LAKES--BR,1,2,4,0,17,1,"Cannington",189s, ,0,0,1,26,60,"Bon Air Nursing Home",20071010
029,HALIBURTON--KAWARTHA LAKES--BR,33,2,48,2,77,20,"Cannington",190, ,2,1,0,185,385,"McCaskill's Mills Public School",20071010
029,HALIBURTON--KAWARTHA LAKES--BR,19,0,40,1,112,14,"Manilla",191, ,0,1,0,187,257,"Manilla Community Hall",20071010
029,HALIBURTON--KAWARTHA LAKES--BR,27,11,60,0,130,12,"Manilla",192, ,0,1,0,241,497,"Manilla Community Hall",20071010
029,HALIBURTON--KAWARTHA LAKES--BR,33,3,54,1,130,16,"Oakwood",193, ,0,1,0,238,437,"Mariposa Community Hall",20071010
029,HALIBURTON--KAWARTHA LAKES--BR,38,1,82,0,148,12,"Oakwood",194, ,1,0,0,282,546,"Mariposa Community Hall",20071010
029,HALIBURTON--KAWARTHA LAKES--BR,26,0,42,0,71,3,"Little Britain",195, ,0,2,0,144,285,"Little Britain Community Centre",20071010
029,HALIBURTON--KAWARTHA LAKES--BR,18,0,39,2,87,3,"Lindsay",196, ,0,0,0,149,323,"Ops Community Centre",20071010
029,HALIBURTON--KAWARTHA LAKES--BR,22,0,76,1,105,9,"Lindsay",197, ,0,0,1,214,406,"St. Dominic Catholic School",20071010
029,HALIBURTON--KAWARTHA LAKES--BR,6,1,17,1,27,5,"Lindsay",198s, ,0,0,1,58,164,"Victoria Manor",20071010
029,HALIBURTON--KAWARTHA LAKES--BR,25,1,72,0,134,3,"Lindsay",199, ,0,0,0,235,483,"Ops Community Centre",20071010
029,HALIBURTON--KAWARTHA LAKES--BR,12,1,44,1,91,17,"Lindsay",200A, ,1,0,0,167,297,"Ops Community Centre",20071010
029,HALIBURTON--KAWARTHA LAKES--BR,10,2,46,6,93,12,"Lindsay",200B, ,1,0,0,170,322,"Ops Community Centre",20071010
029,HALIBURTON--KAWARTHA LAKES--BR,23,0,32,0,73,10,"Omemee",201, ,1,0,0,139,320,"Scott Young Public School",20071010
029,HALIBURTON--KAWARTHA LAKES--BR,26,3,49,1,76,10,"Omemee",202, ,0,0,0,165,343,"Scott Young Public School",20071010
029,HALIBURTON--KAWARTHA LAKES--BR,26,0,26,0,52,6,"Omemee",203, ,0,1,0,111,246,"Scott Young Public School",20071010
029,HALIBURTON--KAWARTHA LAKES--BR,29,2,63,2,117,14,"Omemee",204, ,0,0,0,227,482,"Scott Young Public School",20071010
029,HALIBURTON--KAWARTHA LAKES--BR,29,5,76,0,94,22,"Orange Corners",205, ,0,0,0,226,496,"Fowlers Corners and District Lions' Club",20071010
029,HALIBURTON--KAWARTHA LAKES--BR,29,1,41,1,73,16,"Orange Corners",206A, ,0,0,0,161,301,"Fowlers Corners and District Lions' Club",20071010
029,HALIBURTON--KAWARTHA LAKES--BR,21,1,39,4,66,14,"Orange Corners",206B, ,1,1,0,147,287,"Fowlers Corners and District Lions' Club",20071010
029,HALIBURTON--KAWARTHA LAKES--BR,17,0,55,0,81,7,"Peterborough",207A, ,0,0,0,160,305,"Peterborough Curling Club",20071010
029,HALIBURTON--KAWARTHA LAKES--BR,15,1,56,0,73,8,"Peterborough",207B, ,0,0,0,153,293,"Peterborough Curling Club",20071010
029,HALIBURTON--KAWARTHA LAKES--BR,17,1,59,0,85,22,"Sunderland",208, ,0,0,0,184,298,"Sunderland United Church",20071010
029,HALIBURTON--KAWARTHA LAKES--BR,30,4,36,0,69,17,"Sunderland",209, ,0,1,0,157,270,"Maple Glen Apartments",20071010
029,HALIBURTON--KAWARTHA LAKES--BR,11,0,14,0,19,0,"Sunderland",210s, ,0,0,0,44,54,"Maple Glen Apartments",20071010
029,HALIBURTON--KAWARTHA LAKES--BR,19,1,44,1,96,18,"Sunderland",211, ,0,0,0,179,282,"Sunderland Public School",20071010
029,HALIBURTON--KAWARTHA LAKES--BR,23,6,75,1,143,27,"Sunderland",212, ,1,1,0,277,402,"Sunderland Public School",20071010
029,HALIBURTON--KAWARTHA LAKES--BR,19,13,45,1,121,19,"Little Britain",213, ,1,0,0,219,435,"Little Britain Community Centre",20071010
029,HALIBURTON--KAWARTHA LAKES--BR,28,13,80,4,137,20,"Little Britain",214, ,0,0,0,282,537,"Little Britain Community Centre",20071010
029,HALIBURTON--KAWARTHA LAKES--BR,21,2,45,3,67,7,"Valentia",215A, ,0,0,0,145,276,"Valentia United Church",20071010
029,HALIBURTON--KAWARTHA LAKES--BR,13,1,38,1,72,14,"Valentia",215B, ,0,0,0,139,304,"Valentia United Church",20071010
029,HALIBURTON--KAWARTHA LAKES--BR,31,2,72,0,98,12,"Lindsay",216, ,0,0,1,216,460,"Ops Community Centre",20071010
029,HALIBURTON--KAWARTHA LAKES--BR,30,1,49,0,81,15,"Janetville",217, ,0,0,0,176,386,"Janetville United Church",20071010
029,HALIBURTON--KAWARTHA LAKES--BR,28,4,58,3,88,22,"Janetville",218, ,2,0,0,205,470,"Janetville United Church",20071010
029,HALIBURTON--KAWARTHA LAKES--BR,28,2,63,1,150,26,"Bethany",219, ,0,0,0,270,456,"Manvers Arena and Community Centre",20071010
029,HALIBURTON--KAWARTHA LAKES--BR,19,1,57,3,66,20,"Mount Pleasant",220, ,0,0,0,166,356,"Mount Pleasant Women's Institute Hall",20071010
029,HALIBURTON--KAWARTHA LAKES--BR,30,2,46,2,82,13,"Mount Pleasant",221, ,0,0,0,175,375,"Mount Pleasant Women's Institute Hall",20071010
029,HALIBURTON--KAWARTHA LAKES--BR,23,0,69,0,101,15,"Mount Pleasant",222, ,0,0,0,208,351,"Mount Pleasant Women's Institute Hall",20071010
029,HALIBURTON--KAWARTHA LAKES--BR,17,2,53,0,79,22,"Cavan",223, ,0,0,0,173,176,"St. John's Anglican Church",20071010
029,HALIBURTON--KAWARTHA LAKES--BR,2,2,9,0,15,0,"Peterborough",224s, ,4,0,0,32,65,"Springdale Country Manor",20071010
029,HALIBURTON--KAWARTHA LAKES--BR,26,1,109,7,98,15,"Peterborough",225, ,1,1,0,258,517,"Peterborough Curling Club",20071010
029,HALIBURTON--KAWARTHA LAKES--BR,31,3,94,0,123,37,"Sunderland",226, ,4,1,0,293,486,"Sunderland Public School",20071010
029,HALIBURTON--KAWARTHA LAKES--BR,24,2,54,0,72,19,"Little Britain",227A, ,0,0,0,171,304,"Little Britain Community Centre",20071010
029,HALIBURTON--KAWARTHA LAKES--BR,18,1,49,0,71,4,"Little Britain",227B, ,0,0,0,143,278,"Little Britain Community Centre",20071010
029,HALIBURTON--KAWARTHA LAKES--BR,18,3,41,1,48,19,"Little Britain",228, ,0,0,0,130,271,"Little Britain Community Centre",20071010
029,HALIBURTON--KAWARTHA LAKES--BR,31,1,61,1,101,19,"Valentia",229, ,0,0,0,214,457,"Valentia United Church",20071010
029,HALIBURTON--KAWARTHA LAKES--BR,21,2,50,3,80,13,"Valentia",230, ,0,0,0,169,387,"Valentia United Church",20071010
029,HALIBURTON--KAWARTHA LAKES--BR,37,0,77,3,113,25,"Janetville",231, ,0,0,0,255,525,"Janetville United Church",20071010
029,HALIBURTON--KAWARTHA LAKES--BR,28,0,113,1,112,19,"Bethany",232, ,1,0,0,274,479,"Bethany United Church",20071010
029,HALIBURTON--KAWARTHA LAKES--BR,41,0,79,3,128,17,"Cavan",233, ,1,2,0,271,433,"St. John's Anglican Church",20071010
029,HALIBURTON--KAWARTHA LAKES--BR,35,0,92,5,152,31,"Fraserville",234, ,0,1,0,316,590,"Millbrook Lions Club Hall",20071010
029,HALIBURTON--KAWARTHA LAKES--BR,31,0,43,2,70,15,"Millbrook",235, ,0,0,0,161,366,"Centennial Place",20071010
029,HALIBURTON--KAWARTHA LAKES--BR,3,0,11,0,26,0,"Millbrook",236s, ,1,0,0,41,54,"Millbrook Manor",20071010
029,HALIBURTON--KAWARTHA LAKES--BR,14,1,18,0,26,0,"Millbrook",237s, ,0,0,0,59,127,"Centennial Place",20071010
029,HALIBURTON--KAWARTHA LAKES--BR,40,0,39,0,71,14,"Millbrook",238, ,0,0,0,164,350,"Centennial Place",20071010
029,HALIBURTON--KAWARTHA LAKES--BR,32,2,50,2,118,20,"Fraserville",239, ,0,0,0,224,426,"Millbrook Lions Club Hall",20071010
029,HALIBURTON--KAWARTHA LAKES--BR,24,0,66,1,82,15,"Pontypool",240, ,0,0,0,188,340,"Pontypool Community Centre",20071010
029,HALIBURTON--KAWARTHA LAKES--BR,34,3,69,0,133,14,"Bethany",241, ,0,0,0,253,447,"Manvers Arena and Community Centre",20071010
029,HALIBURTON--KAWARTHA LAKES--BR,38,3,77,0,79,13,"Pontypool",242, ,0,0,0,210,402,"Pontypool Community Centre",20071010
029,HALIBURTON--KAWARTHA LAKES--BR,50,0,59,1,81,16,"Pontypool",243, ,0,0,0,207,410,"Pontypool Community Centre",20071010
029,HALIBURTON--KAWARTHA LAKES--BR,25,1,66,0,78,20,"Millbrook",244, ,1,0,0,191,368,"Millbrook Christian Assembly",20071010
029,HALIBURTON--KAWARTHA LAKES--BR,27,2,57,1,86,19,"Millbrook",245, ,0,0,0,192,347,"Millbrook Christian Assembly",20071010
029,HALIBURTON--KAWARTHA LAKES--BR,31,2,48,1,122,19,"Millbrook",246, ,1,0,0,224,409,"Millbrook Christian Assembly",20071010
029,HALIBURTON--KAWARTHA LAKES--BR,34,1,99,0,85,12,"Pontypool",247, ,0,0,0,231,440,"Pontypool Community Centre",20071010
029,HALIBURTON--KAWARTHA LAKES--BR,20,0,27,0,38,6,"Lindsay",400, ,0,0,0,91,137,"Maple Place Apartments",20071010
029,HALIBURTON--KAWARTHA LAKES--BR,8,1,31,0,47,1,"Lindsay",401, ,0,0,0,88,121,"Walnut Grove Apartments",20071010
029,HALIBURTON--KAWARTHA LAKES--BR,122,8,341,17,733,58,"Lindsay",Advanced Polls /  ADV001, ,1,1,0,1281,0,"Returning Office / Bureau du directeur du scrutin",20071010
029,HALIBURTON--KAWARTHA LAKES--BR,56,3,184,5,354,44,"Haliburton",Advanced Polls /  ADV002, ,2,0,0,648,0,"Royal Canadian Legion Branch 129",20071010
029,HALIBURTON--KAWARTHA LAKES--BR,37,0,147,7,308,19,"Minden",Advanced Polls /  ADV003, ,0,0,0,518,0,"Minden Community Centre",20071010
029,HALIBURTON--KAWARTHA LAKES--BR,27,0,76,0,215,18,"Coboconk",Advanced Polls /  ADV004, ,0,0,0,336,0,"Royal Canadian Legion Branch 519",20071010
029,HALIBURTON--KAWARTHA LAKES--BR,48,5,137,2,291,33,"Beaverton",Advanced Polls /  ADV005, ,1,0,0,517,0,"Royal Canadian Legion Branch 135",20071010
029,HALIBURTON--KAWARTHA LAKES--BR,45,3,110,3,219,17,"Fraserville",Advanced Polls /  ADV006, ,2,0,0,399,0,"Millbrook Lions Club Hall",20071010
029,HALIBURTON--KAWARTHA LAKES--BR,22,0,67,2,69,18,"Woodview",Advanced Polls /  ADV007, ,0,0,0,178,0,"Wilson Park Community Centre",20071010
029,HALIBURTON--KAWARTHA LAKES--BR,33,4,140,1,208,20,"Fenelon Falls",Advanced Polls /  ADV008, ,1,1,0,408,0,"Mr. Flooring Incorporated",20071010
029,HALIBURTON--KAWARTHA LAKES--BR,120,4,319,6,620,50,"Lindsay",Advanced Polls /  ADV009, ,3,2,2,1126,0,"Victoria Park Armoury",20071010
029,HALIBURTON--KAWARTHA LAKES--BR,94,1,206,1,408,43,"Bobcaygeon",Advanced Polls /  ADV010, ,2,0,0,755,0,"Bobcaygeon Senior Citizens Club",20071010
TOTALS:, ,5785,391,14327,301,24273,3475, , , , , , , , , , 
